{"level":"info","message":"⌛ Building environment","timeElapsed":238,"timestamp":"2025-04-28T12:51:13.319Z"}
{"level":"info","message":"onRequest - WORKSPACE_URI:file:///c%3A/Users/Admin/Desktop/UNAHur%202025/Programacion%20de%20Objetos%20I/Ejercicios/Semana%205/mensajeros-taielandresghil-main","timestamp":"2025-04-28T12:51:13.325Z"}
{"level":"info","message":"⌛ Building environment","timeElapsed":121,"timestamp":"2025-04-28T12:51:13.449Z"}
{"level":"info","message":"⌛ Building environment","timeElapsed":170,"timestamp":"2025-04-28T12:51:13.623Z"}
{"level":"info","message":"⌛ Validating example.wlk","timeElapsed":194,"timestamp":"2025-04-28T12:51:13.820Z"}
{"level":"info","message":"⌛ Building environment","timeElapsed":119,"timestamp":"2025-04-28T12:51:13.940Z"}
{"level":"info","message":"⌛ Validating testExample.wtest","timeElapsed":209,"timestamp":"2025-04-28T12:51:14.161Z"}
{"level":"info","message":"⌛ Validating example.wlk","timeElapsed":217,"timestamp":"2025-04-28T12:51:14.378Z"}
{"level":"info","message":"⌛ Validating testExample.wtest","timeElapsed":102,"timestamp":"2025-04-28T12:51:14.481Z"}
{"level":"info","message":"⌛ Building environment","timeElapsed":118,"timestamp":"2025-04-28T12:53:01.704Z"}
{"level":"info","message":"⌛ Validating example.wlk","timeElapsed":154,"timestamp":"2025-04-28T12:53:01.862Z"}
{"level":"info","message":"⌛ Building environment","timeElapsed":193,"timestamp":"2025-04-28T12:53:02.671Z"}
{"level":"info","message":"⌛ Validating example.wlk","timeElapsed":138,"timestamp":"2025-04-28T12:53:02.931Z"}
{"level":"info","message":"onRequest - completionItem/resolve","timestamp":"2025-04-28T12:53:02.932Z"}
{"level":"info","message":"⌛ Validating example.wlk","timeElapsed":136,"timestamp":"2025-04-28T12:53:03.069Z"}
{"level":"info","message":"⌛ Validating example.wlk","timeElapsed":153,"timestamp":"2025-04-28T12:53:03.319Z"}
{"level":"info","message":"⌛ Validating example.wlk","timeElapsed":131,"timestamp":"2025-04-28T12:53:03.633Z"}
{"level":"info","message":"⌛ Validating example.wlk","timeElapsed":117,"timestamp":"2025-04-28T12:53:03.833Z"}
{"level":"info","message":"⌛ Validating example.wlk","timeElapsed":128,"timestamp":"2025-04-28T12:53:03.966Z"}
{"level":"info","message":"⌛ Validating example.wlk","timeElapsed":117,"timestamp":"2025-04-28T12:53:04.659Z"}
{"level":"info","message":"⌛ Validating example.wlk","timeElapsed":120,"timestamp":"2025-04-28T12:53:04.870Z"}
{"level":"info","message":"⌛ Validating example.wlk","timeElapsed":210,"timestamp":"2025-04-28T12:53:05.642Z"}
{"level":"info","message":"onRequest - completionItem/resolve","timestamp":"2025-04-28T12:53:05.642Z"}
{"level":"info","message":"onRequest - completionItem/resolve","timestamp":"2025-04-28T12:53:05.723Z"}
{"level":"info","message":"⌛ Validating example.wlk","timeElapsed":131,"timestamp":"2025-04-28T12:53:05.855Z"}
{"level":"info","message":"⌛ Validating example.wlk","timeElapsed":112,"timestamp":"2025-04-28T12:53:06.062Z"}
{"level":"info","message":"⌛ Validating example.wlk","timeElapsed":117,"timestamp":"2025-04-28T12:53:06.806Z"}
{"level":"info","message":"⌛ Validating example.wlk","timeElapsed":111,"timestamp":"2025-04-28T12:53:07.618Z"}
{"level":"info","message":"⌛ Validating example.wlk","timeElapsed":116,"timestamp":"2025-04-28T12:53:08.172Z"}
{"level":"info","message":"onRequest - completionItem/resolve","timestamp":"2025-04-28T12:53:08.172Z"}
{"level":"info","message":"⌛ Validating example.wlk","timeElapsed":152,"timestamp":"2025-04-28T12:53:08.739Z"}
{"level":"info","message":"⌛ Validating example.wlk","timeElapsed":126,"timestamp":"2025-04-28T12:53:10.359Z"}
{"level":"info","message":"⌛ Building environment","timeElapsed":145,"timestamp":"2025-04-28T12:53:22.622Z"}
{"level":"info","message":"⌛ Building environment","timeElapsed":116,"timestamp":"2025-04-28T12:53:22.814Z"}
{"level":"info","message":"⌛ Validating example.wlk","timeElapsed":144,"timestamp":"2025-04-28T12:53:22.960Z"}
{"level":"info","message":"⌛ Validating example.wlk","timeElapsed":159,"timestamp":"2025-04-28T12:53:23.206Z"}
{"level":"info","message":"⌛ Validating example.wlk","timeElapsed":141,"timestamp":"2025-04-28T12:53:23.475Z"}
{"level":"info","message":"⌛ Validating example.wlk","timeElapsed":127,"timestamp":"2025-04-28T12:53:23.805Z"}
{"level":"info","message":"⌛ Validating example.wlk","timeElapsed":132,"timestamp":"2025-04-28T12:53:24.101Z"}
{"level":"info","message":"⌛ Validating example.wlk","timeElapsed":139,"timestamp":"2025-04-28T12:53:24.242Z"}
{"level":"info","message":"⌛ Validating example.wlk","timeElapsed":139,"timestamp":"2025-04-28T12:53:24.387Z"}
{"level":"info","message":"⌛ Validating example.wlk","timeElapsed":145,"timestamp":"2025-04-28T12:53:24.533Z"}
{"level":"info","message":"⌛ Validating example.wlk","timeElapsed":142,"timestamp":"2025-04-28T12:53:24.765Z"}
{"level":"info","message":"⌛ Building environment","timeElapsed":155,"timestamp":"2025-04-28T12:53:38.480Z"}
{"level":"info","message":"⌛ Building environment","timeElapsed":128,"timestamp":"2025-04-28T12:53:38.643Z"}
{"level":"info","message":"⌛ Validating example.wlk","timeElapsed":280,"timestamp":"2025-04-28T12:53:38.924Z"}
{"level":"info","message":"onRequest - completionItem/resolve","timestamp":"2025-04-28T12:53:38.925Z"}
{"level":"info","message":"⌛ Building environment","timeElapsed":134,"timestamp":"2025-04-28T12:53:39.060Z"}
{"level":"info","message":"onRequest - completionItem/resolve","timestamp":"2025-04-28T12:53:39.062Z"}
{"level":"info","message":"onRequest - completionItem/resolve","timestamp":"2025-04-28T12:53:39.164Z"}
{"level":"info","message":"⌛ Validating example.wlk","timeElapsed":145,"timestamp":"2025-04-28T12:53:39.309Z"}
{"level":"info","message":"onRequest - completionItem/resolve","timestamp":"2025-04-28T12:53:39.387Z"}
{"level":"info","message":"onRequest - completionItem/resolve","timestamp":"2025-04-28T12:53:39.464Z"}
{"level":"info","message":"onRequest - completionItem/resolve","timestamp":"2025-04-28T12:53:39.541Z"}
{"level":"info","message":"⌛ Validating example.wlk","timeElapsed":140,"timestamp":"2025-04-28T12:53:39.681Z"}
{"level":"info","message":"⌛ Validating example.wlk","timeElapsed":150,"timestamp":"2025-04-28T12:53:39.832Z"}
{"level":"info","message":"⌛ Validating example.wlk","timeElapsed":143,"timestamp":"2025-04-28T12:53:39.982Z"}
{"level":"info","message":"⌛ Validating example.wlk","timeElapsed":131,"timestamp":"2025-04-28T12:53:40.112Z"}
{"level":"info","message":"⌛ Validating example.wlk","timeElapsed":119,"timestamp":"2025-04-28T12:53:40.231Z"}
{"level":"info","message":"onRequest - completionItem/resolve","timestamp":"2025-04-28T12:53:40.310Z"}
{"level":"info","message":"⌛ Building environment","timeElapsed":105,"timestamp":"2025-04-28T12:53:40.607Z"}
{"level":"info","message":"⌛ Validating example.wlk","timeElapsed":123,"timestamp":"2025-04-28T12:53:40.734Z"}
{"level":"info","message":"⌛ Validating example.wlk","timeElapsed":125,"timestamp":"2025-04-28T12:53:40.860Z"}
{"level":"info","message":"⌛ Validating example.wlk","timeElapsed":123,"timestamp":"2025-04-28T12:53:41.062Z"}
{"level":"info","message":"⌛ Validating example.wlk","timeElapsed":115,"timestamp":"2025-04-28T12:53:41.278Z"}
{"level":"info","message":"⌛ Validating example.wlk","timeElapsed":119,"timestamp":"2025-04-28T12:53:41.397Z"}
{"level":"info","message":"⌛ Validating example.wlk","timeElapsed":146,"timestamp":"2025-04-28T12:53:41.544Z"}
{"level":"info","message":"⌛ Building environment","timeElapsed":153,"timestamp":"2025-04-28T12:53:41.698Z"}
{"level":"info","message":"⌛ Validating example.wlk","timeElapsed":136,"timestamp":"2025-04-28T12:53:41.860Z"}
{"level":"info","message":"⌛ Building environment","timeElapsed":138,"timestamp":"2025-04-28T12:53:42.001Z"}
{"level":"info","message":"⌛ Validating example.wlk","timeElapsed":150,"timestamp":"2025-04-28T12:53:42.285Z"}
{"level":"info","message":"⌛ Validating example.wlk","timeElapsed":159,"timestamp":"2025-04-28T12:53:42.636Z"}
{"level":"info","message":"⌛ Validating example.wlk","timeElapsed":118,"timestamp":"2025-04-28T12:53:42.836Z"}
{"level":"info","message":"⌛ Validating example.wlk","timeElapsed":124,"timestamp":"2025-04-28T12:53:43.039Z"}
{"level":"info","message":"⌛ Validating example.wlk","timeElapsed":123,"timestamp":"2025-04-28T12:53:43.363Z"}
{"level":"info","message":"⌛ Validating example.wlk","timeElapsed":119,"timestamp":"2025-04-28T12:53:43.487Z"}
{"level":"info","message":"⌛ Validating example.wlk","timeElapsed":122,"timestamp":"2025-04-28T12:53:43.610Z"}
{"level":"info","message":"⌛ Validating example.wlk","timeElapsed":125,"timestamp":"2025-04-28T12:53:43.735Z"}
{"level":"info","message":"⌛ Building environment","timeElapsed":140,"timestamp":"2025-04-28T12:53:45.310Z"}
{"level":"info","message":"⌛ Validating example.wlk","timeElapsed":141,"timestamp":"2025-04-28T12:53:45.453Z"}
{"level":"info","message":"⌛ Building environment","timeElapsed":162,"timestamp":"2025-04-28T12:53:46.742Z"}
{"level":"info","message":"⌛ Validating example.wlk","timeElapsed":175,"timestamp":"2025-04-28T12:53:46.919Z"}
{"level":"info","message":"⌛ Building environment","timeElapsed":108,"timestamp":"2025-04-28T12:53:59.642Z"}
{"level":"info","message":"⌛ Validating example.wlk","timeElapsed":121,"timestamp":"2025-04-28T12:53:59.751Z"}
{"level":"info","message":"⌛ Building environment","timeElapsed":125,"timestamp":"2025-04-28T12:53:59.932Z"}
{"level":"info","message":"⌛ Building environment","timeElapsed":110,"timestamp":"2025-04-28T12:54:00.076Z"}
{"level":"info","message":"⌛ Validating example.wlk","timeElapsed":220,"timestamp":"2025-04-28T12:54:00.297Z"}
{"level":"info","message":"onRequest - completionItem/resolve","timestamp":"2025-04-28T12:54:00.297Z"}
{"level":"info","message":"⌛ Validating example.wlk","timeElapsed":142,"timestamp":"2025-04-28T12:54:00.548Z"}
{"level":"info","message":"⌛ Validating example.wlk","timeElapsed":129,"timestamp":"2025-04-28T12:54:00.776Z"}
{"level":"info","message":"⌛ Validating example.wlk","timeElapsed":132,"timestamp":"2025-04-28T12:54:00.996Z"}
{"level":"info","message":"⌛ Validating example.wlk","timeElapsed":145,"timestamp":"2025-04-28T12:54:01.144Z"}
{"level":"info","message":"⌛ Validating example.wlk","timeElapsed":136,"timestamp":"2025-04-28T12:54:01.364Z"}
{"level":"info","message":"⌛ Validating example.wlk","timeElapsed":156,"timestamp":"2025-04-28T12:54:01.740Z"}
{"level":"info","message":"onRequest - completionItem/resolve","timestamp":"2025-04-28T12:54:01.741Z"}
{"level":"info","message":"⌛ Building environment","timeElapsed":102,"timestamp":"2025-04-28T12:54:01.845Z"}
{"level":"info","message":"onRequest - completionItem/resolve","timestamp":"2025-04-28T12:54:01.845Z"}
{"level":"info","message":"⌛ Validating example.wlk","timeElapsed":126,"timestamp":"2025-04-28T12:54:01.971Z"}
{"level":"error","message":"✘ Failed to rebuild document Failed to parse example.wlk: \n-- PARSING FAILED --------------------------------------------------\n\n  5 |   }\n  6 |   method\n> 7 | }\n    | ^\n\nExpected one of the following: \n\n'!=', '!==', '%', '&&', '*', '**', '+', '-', '->', '..', '..<', '/', '<', '<<', '<<<', '<=', '<=>', '<>', '==', '===', '>', '>..', '>=', '>>', '>>>', '?:', 'and', 'invert', 'negate', 'or', 'plus', '||', identifier, whitespace\n","stack":"Error: Failed to parse example.wlk: \n-- PARSING FAILED --------------------------------------------------\n\n  5 |   }\n  6 |   method\n> 7 | }\n    | ^\n\nExpected one of the following: \n\n'!=', '!==', '%', '&&', '*', '**', '+', '-', '->', '..', '..<', '/', '<', '<<', '<<<', '<=', '<=>', '<>', '==', '===', '>', '>..', '>=', '>>', '>>>', '?:', 'and', 'invert', 'negate', 'or', 'plus', '||', identifier, whitespace\n\n    at c:\\Users\\Admin\\.vscode\\extensions\\uqbar.wollok-lsp-ide-0.5.0\\out\\server\\src\\server.js:2326:13026\n    at Array.map (<anonymous>)\n    at P1n (c:\\Users\\Admin\\.vscode\\extensions\\uqbar.wollok-lsp-ide-0.5.0\\out\\server\\src\\server.js:2326:12950)\n    at U2.buildEnvironmentFrom (c:\\Users\\Admin\\.vscode\\extensions\\uqbar.wollok-lsp-ide-0.5.0\\out\\server\\src\\server.js:2371:5255)\n    at U2.updateEnvironmentWith (c:\\Users\\Admin\\.vscode\\extensions\\uqbar.wollok-lsp-ide-0.5.0\\out\\server\\src\\server.js:2371:4990)\n    at UF (c:\\Users\\Admin\\.vscode\\extensions\\uqbar.wollok-lsp-ide-0.5.0\\out\\server\\src\\server.js:2371:7147)\n    at F3.invoke (c:\\Users\\Admin\\.vscode\\extensions\\uqbar.wollok-lsp-ide-0.5.0\\out\\server\\src\\server.js:3:157316)\n    at o.fire (c:\\Users\\Admin\\.vscode\\extensions\\uqbar.wollok-lsp-ide-0.5.0\\out\\server\\src\\server.js:3:158086)\n    at c:\\Users\\Admin\\.vscode\\extensions\\uqbar.wollok-lsp-ide-0.5.0\\out\\server\\src\\server.js:37:57871\n    at Qr (c:\\Users\\Admin\\.vscode\\extensions\\uqbar.wollok-lsp-ide-0.5.0\\out\\server\\src\\server.js:8:1561)","timestamp":"2025-04-28T12:54:01.983Z"}
{"level":"info","message":"onRequest - completionItem/resolve","timestamp":"2025-04-28T12:54:01.983Z"}
{"level":"error","message":"✘ Failed to rebuild document Failed to parse example.wlk: \n-- PARSING FAILED --------------------------------------------------\n\n  5 |   }\n  6 |   method \n> 7 | }\n    | ^\n\nExpected one of the following: \n\n'!=', '!==', '%', '&&', '*', '**', '+', '-', '->', '..', '..<', '/', '<', '<<', '<<<', '<=', '<=>', '<>', '==', '===', '>', '>..', '>=', '>>', '>>>', '?:', 'and', 'invert', 'negate', 'or', 'plus', '||', identifier, whitespace\n","stack":"Error: Failed to parse example.wlk: \n-- PARSING FAILED --------------------------------------------------\n\n  5 |   }\n  6 |   method \n> 7 | }\n    | ^\n\nExpected one of the following: \n\n'!=', '!==', '%', '&&', '*', '**', '+', '-', '->', '..', '..<', '/', '<', '<<', '<<<', '<=', '<=>', '<>', '==', '===', '>', '>..', '>=', '>>', '>>>', '?:', 'and', 'invert', 'negate', 'or', 'plus', '||', identifier, whitespace\n\n    at c:\\Users\\Admin\\.vscode\\extensions\\uqbar.wollok-lsp-ide-0.5.0\\out\\server\\src\\server.js:2326:13026\n    at Array.map (<anonymous>)\n    at P1n (c:\\Users\\Admin\\.vscode\\extensions\\uqbar.wollok-lsp-ide-0.5.0\\out\\server\\src\\server.js:2326:12950)\n    at U2.buildEnvironmentFrom (c:\\Users\\Admin\\.vscode\\extensions\\uqbar.wollok-lsp-ide-0.5.0\\out\\server\\src\\server.js:2371:5255)\n    at U2.updateEnvironmentWith (c:\\Users\\Admin\\.vscode\\extensions\\uqbar.wollok-lsp-ide-0.5.0\\out\\server\\src\\server.js:2371:4990)\n    at UF (c:\\Users\\Admin\\.vscode\\extensions\\uqbar.wollok-lsp-ide-0.5.0\\out\\server\\src\\server.js:2371:7147)\n    at F3.invoke (c:\\Users\\Admin\\.vscode\\extensions\\uqbar.wollok-lsp-ide-0.5.0\\out\\server\\src\\server.js:3:157316)\n    at o.fire (c:\\Users\\Admin\\.vscode\\extensions\\uqbar.wollok-lsp-ide-0.5.0\\out\\server\\src\\server.js:3:158086)\n    at c:\\Users\\Admin\\.vscode\\extensions\\uqbar.wollok-lsp-ide-0.5.0\\out\\server\\src\\server.js:37:57871\n    at Qr (c:\\Users\\Admin\\.vscode\\extensions\\uqbar.wollok-lsp-ide-0.5.0\\out\\server\\src\\server.js:8:1561)","timestamp":"2025-04-28T12:54:01.988Z"}
{"level":"info","message":"onRequest - completionItem/resolve","timestamp":"2025-04-28T12:54:01.988Z"}
{"level":"info","message":"⌛ Validating example.wlk","timeElapsed":132,"timestamp":"2025-04-28T12:54:02.120Z"}
{"level":"info","message":"⌛ Building environment","timeElapsed":122,"timestamp":"2025-04-28T12:54:02.829Z"}
{"level":"info","message":"onRequest - completionItem/resolve","timestamp":"2025-04-28T12:54:02.830Z"}
{"level":"info","message":"⌛ Validating example.wlk","timeElapsed":170,"timestamp":"2025-04-28T12:54:03.001Z"}
{"level":"info","message":"⌛ Validating example.wlk","timeElapsed":133,"timestamp":"2025-04-28T12:54:03.330Z"}
{"level":"info","message":"⌛ Validating example.wlk","timeElapsed":130,"timestamp":"2025-04-28T12:54:03.461Z"}
{"level":"info","message":"⌛ Building environment","timeElapsed":103,"timestamp":"2025-04-28T12:54:03.723Z"}
{"level":"info","message":"⌛ Validating example.wlk","timeElapsed":159,"timestamp":"2025-04-28T12:54:03.883Z"}
{"level":"info","message":"⌛ Validating example.wlk","timeElapsed":130,"timestamp":"2025-04-28T12:54:04.013Z"}
{"level":"info","message":"⌛ Validating example.wlk","timeElapsed":130,"timestamp":"2025-04-28T12:54:04.357Z"}
{"level":"info","message":"⌛ Validating example.wlk","timeElapsed":118,"timestamp":"2025-04-28T12:54:04.474Z"}
{"level":"info","message":"⌛ Validating example.wlk","timeElapsed":125,"timestamp":"2025-04-28T12:54:04.717Z"}
{"level":"info","message":"⌛ Validating example.wlk","timeElapsed":122,"timestamp":"2025-04-28T12:54:05.018Z"}
{"level":"info","message":"⌛ Validating example.wlk","timeElapsed":120,"timestamp":"2025-04-28T12:54:05.139Z"}
{"level":"info","message":"⌛ Validating example.wlk","timeElapsed":122,"timestamp":"2025-04-28T12:54:05.728Z"}
{"level":"info","message":"⌛ Validating example.wlk","timeElapsed":121,"timestamp":"2025-04-28T12:54:05.951Z"}
{"level":"info","message":"⌛ Validating example.wlk","timeElapsed":119,"timestamp":"2025-04-28T12:54:06.432Z"}
{"level":"info","message":"⌛ Validating example.wlk","timeElapsed":116,"timestamp":"2025-04-28T12:54:07.364Z"}
{"level":"info","message":"⌛ Validating example.wlk","timeElapsed":122,"timestamp":"2025-04-28T12:54:07.808Z"}
{"level":"info","message":"⌛ Validating example.wlk","timeElapsed":155,"timestamp":"2025-04-28T12:54:08.518Z"}
{"level":"info","message":"⌛ Building environment","timeElapsed":173,"timestamp":"2025-04-28T12:54:09.366Z"}
{"level":"info","message":"⌛ Validating example.wlk","timeElapsed":142,"timestamp":"2025-04-28T12:54:09.509Z"}
{"level":"info","message":"⌛ Validating example.wlk","timeElapsed":124,"timestamp":"2025-04-28T12:54:09.719Z"}
{"level":"info","message":"⌛ Validating example.wlk","timeElapsed":126,"timestamp":"2025-04-28T12:54:09.989Z"}
{"level":"info","message":"⌛ Validating example.wlk","timeElapsed":116,"timestamp":"2025-04-28T12:54:11.232Z"}
{"level":"info","message":"⌛ Validating example.wlk","timeElapsed":118,"timestamp":"2025-04-28T12:54:11.710Z"}
{"level":"info","message":"⌛ Building environment","timeElapsed":115,"timestamp":"2025-04-28T12:54:17.488Z"}
{"level":"info","message":"⌛ Validating example.wlk","timeElapsed":139,"timestamp":"2025-04-28T12:54:17.629Z"}
{"level":"info","message":"⌛ Validating example.wlk","timeElapsed":155,"timestamp":"2025-04-28T12:54:18.749Z"}
{"level":"error","message":"✘ Failed to rebuild document Failed to parse example.wlk: \n-- PARSING FAILED --------------------------------------------------\n\n  7 | \n  8 |   }\n> 9 | }}\n    |  ^\n\nExpected one of the following: \n\n' ', '@', 'class', 'const', 'describe', 'mixin', 'object', 'only', 'package', 'program', 'test', 'var', '{', EOF, comment, not \"}\", whitespace\n","stack":"Error: Failed to parse example.wlk: \n-- PARSING FAILED --------------------------------------------------\n\n  7 | \n  8 |   }\n> 9 | }}\n    |  ^\n\nExpected one of the following: \n\n' ', '@', 'class', 'const', 'describe', 'mixin', 'object', 'only', 'package', 'program', 'test', 'var', '{', EOF, comment, not \"}\", whitespace\n\n    at c:\\Users\\Admin\\.vscode\\extensions\\uqbar.wollok-lsp-ide-0.5.0\\out\\server\\src\\server.js:2326:13026\n    at Array.map (<anonymous>)\n    at P1n (c:\\Users\\Admin\\.vscode\\extensions\\uqbar.wollok-lsp-ide-0.5.0\\out\\server\\src\\server.js:2326:12950)\n    at U2.buildEnvironmentFrom (c:\\Users\\Admin\\.vscode\\extensions\\uqbar.wollok-lsp-ide-0.5.0\\out\\server\\src\\server.js:2371:5255)\n    at U2.updateEnvironmentWith (c:\\Users\\Admin\\.vscode\\extensions\\uqbar.wollok-lsp-ide-0.5.0\\out\\server\\src\\server.js:2371:4990)\n    at UF (c:\\Users\\Admin\\.vscode\\extensions\\uqbar.wollok-lsp-ide-0.5.0\\out\\server\\src\\server.js:2371:7147)\n    at F3.invoke (c:\\Users\\Admin\\.vscode\\extensions\\uqbar.wollok-lsp-ide-0.5.0\\out\\server\\src\\server.js:3:157316)\n    at o.fire (c:\\Users\\Admin\\.vscode\\extensions\\uqbar.wollok-lsp-ide-0.5.0\\out\\server\\src\\server.js:3:158086)\n    at c:\\Users\\Admin\\.vscode\\extensions\\uqbar.wollok-lsp-ide-0.5.0\\out\\server\\src\\server.js:37:57871\n    at Qr (c:\\Users\\Admin\\.vscode\\extensions\\uqbar.wollok-lsp-ide-0.5.0\\out\\server\\src\\server.js:8:1561)","timestamp":"2025-04-28T12:54:20.301Z"}
{"level":"info","message":"⌛ Building environment","timeElapsed":102,"timestamp":"2025-04-28T12:54:21.534Z"}
{"level":"info","message":"⌛ Validating example.wlk","timeElapsed":119,"timestamp":"2025-04-28T12:54:21.654Z"}
{"level":"info","message":"⌛ Building environment","timeElapsed":106,"timestamp":"2025-04-28T12:54:24.821Z"}
{"level":"info","message":"⌛ Validating example.wlk","timeElapsed":140,"timestamp":"2025-04-28T12:54:24.964Z"}
{"level":"error","message":"✘ Failed to rebuild document Failed to parse example.wlk: \n-- PARSING FAILED --------------------------------------------------\n\nGot the end of the input\n\nExpected one of the following: \n\n' ', '@', 'const', 'method', 'override', 'var', '{', '}', any character/byte, comment, whitespace\n","stack":"Error: Failed to parse example.wlk: \n-- PARSING FAILED --------------------------------------------------\n\nGot the end of the input\n\nExpected one of the following: \n\n' ', '@', 'const', 'method', 'override', 'var', '{', '}', any character/byte, comment, whitespace\n\n    at c:\\Users\\Admin\\.vscode\\extensions\\uqbar.wollok-lsp-ide-0.5.0\\out\\server\\src\\server.js:2326:13026\n    at Array.map (<anonymous>)\n    at P1n (c:\\Users\\Admin\\.vscode\\extensions\\uqbar.wollok-lsp-ide-0.5.0\\out\\server\\src\\server.js:2326:12950)\n    at U2.buildEnvironmentFrom (c:\\Users\\Admin\\.vscode\\extensions\\uqbar.wollok-lsp-ide-0.5.0\\out\\server\\src\\server.js:2371:5255)\n    at U2.updateEnvironmentWith (c:\\Users\\Admin\\.vscode\\extensions\\uqbar.wollok-lsp-ide-0.5.0\\out\\server\\src\\server.js:2371:4990)\n    at UF (c:\\Users\\Admin\\.vscode\\extensions\\uqbar.wollok-lsp-ide-0.5.0\\out\\server\\src\\server.js:2371:7147)\n    at F3.invoke (c:\\Users\\Admin\\.vscode\\extensions\\uqbar.wollok-lsp-ide-0.5.0\\out\\server\\src\\server.js:3:157316)\n    at o.fire (c:\\Users\\Admin\\.vscode\\extensions\\uqbar.wollok-lsp-ide-0.5.0\\out\\server\\src\\server.js:3:158086)\n    at c:\\Users\\Admin\\.vscode\\extensions\\uqbar.wollok-lsp-ide-0.5.0\\out\\server\\src\\server.js:37:57871\n    at Qr (c:\\Users\\Admin\\.vscode\\extensions\\uqbar.wollok-lsp-ide-0.5.0\\out\\server\\src\\server.js:8:1561)","timestamp":"2025-04-28T12:54:26.393Z"}
{"level":"error","message":"✘ Failed to rebuild document Failed to parse example.wlk: \n-- PARSING FAILED --------------------------------------------------\n\nGot the end of the input\n\nExpected one of the following: \n\n' ', '@', 'const', 'method', 'override', 'var', '{', '}', any character/byte, comment, whitespace\n","stack":"Error: Failed to parse example.wlk: \n-- PARSING FAILED --------------------------------------------------\n\nGot the end of the input\n\nExpected one of the following: \n\n' ', '@', 'const', 'method', 'override', 'var', '{', '}', any character/byte, comment, whitespace\n\n    at c:\\Users\\Admin\\.vscode\\extensions\\uqbar.wollok-lsp-ide-0.5.0\\out\\server\\src\\server.js:2326:13026\n    at Array.map (<anonymous>)\n    at P1n (c:\\Users\\Admin\\.vscode\\extensions\\uqbar.wollok-lsp-ide-0.5.0\\out\\server\\src\\server.js:2326:12950)\n    at U2.buildEnvironmentFrom (c:\\Users\\Admin\\.vscode\\extensions\\uqbar.wollok-lsp-ide-0.5.0\\out\\server\\src\\server.js:2371:5255)\n    at U2.updateEnvironmentWith (c:\\Users\\Admin\\.vscode\\extensions\\uqbar.wollok-lsp-ide-0.5.0\\out\\server\\src\\server.js:2371:4990)\n    at UF (c:\\Users\\Admin\\.vscode\\extensions\\uqbar.wollok-lsp-ide-0.5.0\\out\\server\\src\\server.js:2371:7147)\n    at F3.invoke (c:\\Users\\Admin\\.vscode\\extensions\\uqbar.wollok-lsp-ide-0.5.0\\out\\server\\src\\server.js:3:157316)\n    at o.fire (c:\\Users\\Admin\\.vscode\\extensions\\uqbar.wollok-lsp-ide-0.5.0\\out\\server\\src\\server.js:3:158086)\n    at c:\\Users\\Admin\\.vscode\\extensions\\uqbar.wollok-lsp-ide-0.5.0\\out\\server\\src\\server.js:37:57871\n    at Qr (c:\\Users\\Admin\\.vscode\\extensions\\uqbar.wollok-lsp-ide-0.5.0\\out\\server\\src\\server.js:8:1561)","timestamp":"2025-04-28T12:54:27.093Z"}
{"level":"error","message":"✘ Failed to rebuild document Failed to parse example.wlk: \n-- PARSING FAILED --------------------------------------------------\n\nGot the end of the input\n\nExpected one of the following: \n\n' ', '@', 'const', 'method', 'override', 'var', '{', '}', any character/byte, comment, whitespace\n","stack":"Error: Failed to parse example.wlk: \n-- PARSING FAILED --------------------------------------------------\n\nGot the end of the input\n\nExpected one of the following: \n\n' ', '@', 'const', 'method', 'override', 'var', '{', '}', any character/byte, comment, whitespace\n\n    at c:\\Users\\Admin\\.vscode\\extensions\\uqbar.wollok-lsp-ide-0.5.0\\out\\server\\src\\server.js:2326:13026\n    at Array.map (<anonymous>)\n    at P1n (c:\\Users\\Admin\\.vscode\\extensions\\uqbar.wollok-lsp-ide-0.5.0\\out\\server\\src\\server.js:2326:12950)\n    at U2.buildEnvironmentFrom (c:\\Users\\Admin\\.vscode\\extensions\\uqbar.wollok-lsp-ide-0.5.0\\out\\server\\src\\server.js:2371:5255)\n    at U2.updateEnvironmentWith (c:\\Users\\Admin\\.vscode\\extensions\\uqbar.wollok-lsp-ide-0.5.0\\out\\server\\src\\server.js:2371:4990)\n    at UF (c:\\Users\\Admin\\.vscode\\extensions\\uqbar.wollok-lsp-ide-0.5.0\\out\\server\\src\\server.js:2371:7147)\n    at F3.invoke (c:\\Users\\Admin\\.vscode\\extensions\\uqbar.wollok-lsp-ide-0.5.0\\out\\server\\src\\server.js:3:157316)\n    at o.fire (c:\\Users\\Admin\\.vscode\\extensions\\uqbar.wollok-lsp-ide-0.5.0\\out\\server\\src\\server.js:3:158086)\n    at c:\\Users\\Admin\\.vscode\\extensions\\uqbar.wollok-lsp-ide-0.5.0\\out\\server\\src\\server.js:37:57871\n    at Qr (c:\\Users\\Admin\\.vscode\\extensions\\uqbar.wollok-lsp-ide-0.5.0\\out\\server\\src\\server.js:8:1561)","timestamp":"2025-04-28T12:54:27.620Z"}
{"level":"error","message":"✘ Failed to rebuild document Failed to parse example.wlk: \n-- PARSING FAILED --------------------------------------------------\n\nGot the end of the input\n\nExpected one of the following: \n\n' ', '@', 'const', 'method', 'override', 'var', '{', '}', any character/byte, comment, whitespace\n","stack":"Error: Failed to parse example.wlk: \n-- PARSING FAILED --------------------------------------------------\n\nGot the end of the input\n\nExpected one of the following: \n\n' ', '@', 'const', 'method', 'override', 'var', '{', '}', any character/byte, comment, whitespace\n\n    at c:\\Users\\Admin\\.vscode\\extensions\\uqbar.wollok-lsp-ide-0.5.0\\out\\server\\src\\server.js:2326:13026\n    at Array.map (<anonymous>)\n    at P1n (c:\\Users\\Admin\\.vscode\\extensions\\uqbar.wollok-lsp-ide-0.5.0\\out\\server\\src\\server.js:2326:12950)\n    at U2.buildEnvironmentFrom (c:\\Users\\Admin\\.vscode\\extensions\\uqbar.wollok-lsp-ide-0.5.0\\out\\server\\src\\server.js:2371:5255)\n    at U2.updateEnvironmentWith (c:\\Users\\Admin\\.vscode\\extensions\\uqbar.wollok-lsp-ide-0.5.0\\out\\server\\src\\server.js:2371:4990)\n    at UF (c:\\Users\\Admin\\.vscode\\extensions\\uqbar.wollok-lsp-ide-0.5.0\\out\\server\\src\\server.js:2371:7147)\n    at F3.invoke (c:\\Users\\Admin\\.vscode\\extensions\\uqbar.wollok-lsp-ide-0.5.0\\out\\server\\src\\server.js:3:157316)\n    at o.fire (c:\\Users\\Admin\\.vscode\\extensions\\uqbar.wollok-lsp-ide-0.5.0\\out\\server\\src\\server.js:3:158086)\n    at c:\\Users\\Admin\\.vscode\\extensions\\uqbar.wollok-lsp-ide-0.5.0\\out\\server\\src\\server.js:37:57871\n    at Qr (c:\\Users\\Admin\\.vscode\\extensions\\uqbar.wollok-lsp-ide-0.5.0\\out\\server\\src\\server.js:8:1561)","timestamp":"2025-04-28T12:54:28.298Z"}
{"level":"error","message":"✘ Failed to rebuild document Failed to parse example.wlk: \n-- PARSING FAILED --------------------------------------------------\n\nGot the end of the input\n\nExpected one of the following: \n\n' ', '@', 'const', 'method', 'override', 'var', '{', '}', any character/byte, comment, whitespace\n","stack":"Error: Failed to parse example.wlk: \n-- PARSING FAILED --------------------------------------------------\n\nGot the end of the input\n\nExpected one of the following: \n\n' ', '@', 'const', 'method', 'override', 'var', '{', '}', any character/byte, comment, whitespace\n\n    at c:\\Users\\Admin\\.vscode\\extensions\\uqbar.wollok-lsp-ide-0.5.0\\out\\server\\src\\server.js:2326:13026\n    at Array.map (<anonymous>)\n    at P1n (c:\\Users\\Admin\\.vscode\\extensions\\uqbar.wollok-lsp-ide-0.5.0\\out\\server\\src\\server.js:2326:12950)\n    at U2.buildEnvironmentFrom (c:\\Users\\Admin\\.vscode\\extensions\\uqbar.wollok-lsp-ide-0.5.0\\out\\server\\src\\server.js:2371:5255)\n    at U2.updateEnvironmentWith (c:\\Users\\Admin\\.vscode\\extensions\\uqbar.wollok-lsp-ide-0.5.0\\out\\server\\src\\server.js:2371:4990)\n    at UF (c:\\Users\\Admin\\.vscode\\extensions\\uqbar.wollok-lsp-ide-0.5.0\\out\\server\\src\\server.js:2371:7147)\n    at F3.invoke (c:\\Users\\Admin\\.vscode\\extensions\\uqbar.wollok-lsp-ide-0.5.0\\out\\server\\src\\server.js:3:157316)\n    at o.fire (c:\\Users\\Admin\\.vscode\\extensions\\uqbar.wollok-lsp-ide-0.5.0\\out\\server\\src\\server.js:3:158086)\n    at c:\\Users\\Admin\\.vscode\\extensions\\uqbar.wollok-lsp-ide-0.5.0\\out\\server\\src\\server.js:37:57871\n    at Qr (c:\\Users\\Admin\\.vscode\\extensions\\uqbar.wollok-lsp-ide-0.5.0\\out\\server\\src\\server.js:8:1561)","timestamp":"2025-04-28T12:54:28.561Z"}
{"level":"error","message":"✘ Failed to rebuild document Failed to parse example.wlk: \n-- PARSING FAILED --------------------------------------------------\n\nGot the end of the input\n\nExpected one of the following: \n\n' ', '@', 'const', 'method', 'override', 'var', '{', '}', any character/byte, comment, whitespace\n","stack":"Error: Failed to parse example.wlk: \n-- PARSING FAILED --------------------------------------------------\n\nGot the end of the input\n\nExpected one of the following: \n\n' ', '@', 'const', 'method', 'override', 'var', '{', '}', any character/byte, comment, whitespace\n\n    at c:\\Users\\Admin\\.vscode\\extensions\\uqbar.wollok-lsp-ide-0.5.0\\out\\server\\src\\server.js:2326:13026\n    at Array.map (<anonymous>)\n    at P1n (c:\\Users\\Admin\\.vscode\\extensions\\uqbar.wollok-lsp-ide-0.5.0\\out\\server\\src\\server.js:2326:12950)\n    at U2.buildEnvironmentFrom (c:\\Users\\Admin\\.vscode\\extensions\\uqbar.wollok-lsp-ide-0.5.0\\out\\server\\src\\server.js:2371:5255)\n    at U2.updateEnvironmentWith (c:\\Users\\Admin\\.vscode\\extensions\\uqbar.wollok-lsp-ide-0.5.0\\out\\server\\src\\server.js:2371:4990)\n    at UF (c:\\Users\\Admin\\.vscode\\extensions\\uqbar.wollok-lsp-ide-0.5.0\\out\\server\\src\\server.js:2371:7147)\n    at F3.invoke (c:\\Users\\Admin\\.vscode\\extensions\\uqbar.wollok-lsp-ide-0.5.0\\out\\server\\src\\server.js:3:157316)\n    at o.fire (c:\\Users\\Admin\\.vscode\\extensions\\uqbar.wollok-lsp-ide-0.5.0\\out\\server\\src\\server.js:3:158086)\n    at c:\\Users\\Admin\\.vscode\\extensions\\uqbar.wollok-lsp-ide-0.5.0\\out\\server\\src\\server.js:37:57871\n    at Qr (c:\\Users\\Admin\\.vscode\\extensions\\uqbar.wollok-lsp-ide-0.5.0\\out\\server\\src\\server.js:8:1561)","timestamp":"2025-04-28T12:54:28.808Z"}
{"level":"error","message":"✘ Failed to rebuild document Failed to parse example.wlk: \n-- PARSING FAILED --------------------------------------------------\n\nGot the end of the input\n\nExpected one of the following: \n\n' ', '@', 'const', 'method', 'override', 'var', '{', '}', any character/byte, comment, whitespace\n","stack":"Error: Failed to parse example.wlk: \n-- PARSING FAILED --------------------------------------------------\n\nGot the end of the input\n\nExpected one of the following: \n\n' ', '@', 'const', 'method', 'override', 'var', '{', '}', any character/byte, comment, whitespace\n\n    at c:\\Users\\Admin\\.vscode\\extensions\\uqbar.wollok-lsp-ide-0.5.0\\out\\server\\src\\server.js:2326:13026\n    at Array.map (<anonymous>)\n    at P1n (c:\\Users\\Admin\\.vscode\\extensions\\uqbar.wollok-lsp-ide-0.5.0\\out\\server\\src\\server.js:2326:12950)\n    at U2.buildEnvironmentFrom (c:\\Users\\Admin\\.vscode\\extensions\\uqbar.wollok-lsp-ide-0.5.0\\out\\server\\src\\server.js:2371:5255)\n    at U2.updateEnvironmentWith (c:\\Users\\Admin\\.vscode\\extensions\\uqbar.wollok-lsp-ide-0.5.0\\out\\server\\src\\server.js:2371:4990)\n    at UF (c:\\Users\\Admin\\.vscode\\extensions\\uqbar.wollok-lsp-ide-0.5.0\\out\\server\\src\\server.js:2371:7147)\n    at F3.invoke (c:\\Users\\Admin\\.vscode\\extensions\\uqbar.wollok-lsp-ide-0.5.0\\out\\server\\src\\server.js:3:157316)\n    at o.fire (c:\\Users\\Admin\\.vscode\\extensions\\uqbar.wollok-lsp-ide-0.5.0\\out\\server\\src\\server.js:3:158086)\n    at c:\\Users\\Admin\\.vscode\\extensions\\uqbar.wollok-lsp-ide-0.5.0\\out\\server\\src\\server.js:37:57871\n    at Qr (c:\\Users\\Admin\\.vscode\\extensions\\uqbar.wollok-lsp-ide-0.5.0\\out\\server\\src\\server.js:8:1561)","timestamp":"2025-04-28T12:54:29.074Z"}
{"level":"error","message":"✘ Failed to rebuild document Failed to parse example.wlk: \n-- PARSING FAILED --------------------------------------------------\n\nGot the end of the input\n\nExpected one of the following: \n\n' ', '@', 'const', 'method', 'override', 'var', '{', '}', any character/byte, comment, whitespace\n","stack":"Error: Failed to parse example.wlk: \n-- PARSING FAILED --------------------------------------------------\n\nGot the end of the input\n\nExpected one of the following: \n\n' ', '@', 'const', 'method', 'override', 'var', '{', '}', any character/byte, comment, whitespace\n\n    at c:\\Users\\Admin\\.vscode\\extensions\\uqbar.wollok-lsp-ide-0.5.0\\out\\server\\src\\server.js:2326:13026\n    at Array.map (<anonymous>)\n    at P1n (c:\\Users\\Admin\\.vscode\\extensions\\uqbar.wollok-lsp-ide-0.5.0\\out\\server\\src\\server.js:2326:12950)\n    at U2.buildEnvironmentFrom (c:\\Users\\Admin\\.vscode\\extensions\\uqbar.wollok-lsp-ide-0.5.0\\out\\server\\src\\server.js:2371:5255)\n    at U2.updateEnvironmentWith (c:\\Users\\Admin\\.vscode\\extensions\\uqbar.wollok-lsp-ide-0.5.0\\out\\server\\src\\server.js:2371:4990)\n    at UF (c:\\Users\\Admin\\.vscode\\extensions\\uqbar.wollok-lsp-ide-0.5.0\\out\\server\\src\\server.js:2371:7147)\n    at F3.invoke (c:\\Users\\Admin\\.vscode\\extensions\\uqbar.wollok-lsp-ide-0.5.0\\out\\server\\src\\server.js:3:157316)\n    at o.fire (c:\\Users\\Admin\\.vscode\\extensions\\uqbar.wollok-lsp-ide-0.5.0\\out\\server\\src\\server.js:3:158086)\n    at c:\\Users\\Admin\\.vscode\\extensions\\uqbar.wollok-lsp-ide-0.5.0\\out\\server\\src\\server.js:37:57871\n    at Qr (c:\\Users\\Admin\\.vscode\\extensions\\uqbar.wollok-lsp-ide-0.5.0\\out\\server\\src\\server.js:8:1561)","timestamp":"2025-04-28T12:54:29.663Z"}
{"level":"error","message":"✘ Failed to rebuild document Failed to parse example.wlk: \n-- PARSING FAILED --------------------------------------------------\n\nGot the end of the input\n\nExpected one of the following: \n\n' ', '@', 'const', 'method', 'override', 'var', '{', '}', any character/byte, comment, whitespace\n","stack":"Error: Failed to parse example.wlk: \n-- PARSING FAILED --------------------------------------------------\n\nGot the end of the input\n\nExpected one of the following: \n\n' ', '@', 'const', 'method', 'override', 'var', '{', '}', any character/byte, comment, whitespace\n\n    at c:\\Users\\Admin\\.vscode\\extensions\\uqbar.wollok-lsp-ide-0.5.0\\out\\server\\src\\server.js:2326:13026\n    at Array.map (<anonymous>)\n    at P1n (c:\\Users\\Admin\\.vscode\\extensions\\uqbar.wollok-lsp-ide-0.5.0\\out\\server\\src\\server.js:2326:12950)\n    at U2.buildEnvironmentFrom (c:\\Users\\Admin\\.vscode\\extensions\\uqbar.wollok-lsp-ide-0.5.0\\out\\server\\src\\server.js:2371:5255)\n    at U2.updateEnvironmentWith (c:\\Users\\Admin\\.vscode\\extensions\\uqbar.wollok-lsp-ide-0.5.0\\out\\server\\src\\server.js:2371:4990)\n    at UF (c:\\Users\\Admin\\.vscode\\extensions\\uqbar.wollok-lsp-ide-0.5.0\\out\\server\\src\\server.js:2371:7147)\n    at F3.invoke (c:\\Users\\Admin\\.vscode\\extensions\\uqbar.wollok-lsp-ide-0.5.0\\out\\server\\src\\server.js:3:157316)\n    at o.fire (c:\\Users\\Admin\\.vscode\\extensions\\uqbar.wollok-lsp-ide-0.5.0\\out\\server\\src\\server.js:3:158086)\n    at c:\\Users\\Admin\\.vscode\\extensions\\uqbar.wollok-lsp-ide-0.5.0\\out\\server\\src\\server.js:37:57871\n    at Qr (c:\\Users\\Admin\\.vscode\\extensions\\uqbar.wollok-lsp-ide-0.5.0\\out\\server\\src\\server.js:8:1561)","timestamp":"2025-04-28T12:54:30.107Z"}
{"level":"error","message":"✘ Failed to rebuild document Failed to parse example.wlk: \n-- PARSING FAILED --------------------------------------------------\n\nGot the end of the input\n\nExpected one of the following: \n\n'@', 'const', 'method', 'override', 'var', '{', '}', any character/byte, comment, sentence, whitespace\n","stack":"Error: Failed to parse example.wlk: \n-- PARSING FAILED --------------------------------------------------\n\nGot the end of the input\n\nExpected one of the following: \n\n'@', 'const', 'method', 'override', 'var', '{', '}', any character/byte, comment, sentence, whitespace\n\n    at c:\\Users\\Admin\\.vscode\\extensions\\uqbar.wollok-lsp-ide-0.5.0\\out\\server\\src\\server.js:2326:13026\n    at Array.map (<anonymous>)\n    at P1n (c:\\Users\\Admin\\.vscode\\extensions\\uqbar.wollok-lsp-ide-0.5.0\\out\\server\\src\\server.js:2326:12950)\n    at U2.buildEnvironmentFrom (c:\\Users\\Admin\\.vscode\\extensions\\uqbar.wollok-lsp-ide-0.5.0\\out\\server\\src\\server.js:2371:5255)\n    at U2.updateEnvironmentWith (c:\\Users\\Admin\\.vscode\\extensions\\uqbar.wollok-lsp-ide-0.5.0\\out\\server\\src\\server.js:2371:4990)\n    at UF (c:\\Users\\Admin\\.vscode\\extensions\\uqbar.wollok-lsp-ide-0.5.0\\out\\server\\src\\server.js:2371:7147)\n    at F3.invoke (c:\\Users\\Admin\\.vscode\\extensions\\uqbar.wollok-lsp-ide-0.5.0\\out\\server\\src\\server.js:3:157316)\n    at o.fire (c:\\Users\\Admin\\.vscode\\extensions\\uqbar.wollok-lsp-ide-0.5.0\\out\\server\\src\\server.js:3:158086)\n    at c:\\Users\\Admin\\.vscode\\extensions\\uqbar.wollok-lsp-ide-0.5.0\\out\\server\\src\\server.js:37:57871\n    at Qr (c:\\Users\\Admin\\.vscode\\extensions\\uqbar.wollok-lsp-ide-0.5.0\\out\\server\\src\\server.js:8:1561)","timestamp":"2025-04-28T12:55:27.751Z"}
{"level":"error","message":"✘ Failed to rebuild document Failed to parse example.wlk: \n-- PARSING FAILED --------------------------------------------------\n\nGot the end of the input\n\nExpected one of the following: \n\n'@', 'const', 'method', 'override', 'var', '{', '}', any character/byte, comment, sentence, whitespace\n","stack":"Error: Failed to parse example.wlk: \n-- PARSING FAILED --------------------------------------------------\n\nGot the end of the input\n\nExpected one of the following: \n\n'@', 'const', 'method', 'override', 'var', '{', '}', any character/byte, comment, sentence, whitespace\n\n    at c:\\Users\\Admin\\.vscode\\extensions\\uqbar.wollok-lsp-ide-0.5.0\\out\\server\\src\\server.js:2326:13026\n    at Array.map (<anonymous>)\n    at P1n (c:\\Users\\Admin\\.vscode\\extensions\\uqbar.wollok-lsp-ide-0.5.0\\out\\server\\src\\server.js:2326:12950)\n    at U2.buildEnvironmentFrom (c:\\Users\\Admin\\.vscode\\extensions\\uqbar.wollok-lsp-ide-0.5.0\\out\\server\\src\\server.js:2371:5255)\n    at U2.updateEnvironmentWith (c:\\Users\\Admin\\.vscode\\extensions\\uqbar.wollok-lsp-ide-0.5.0\\out\\server\\src\\server.js:2371:4990)\n    at UF (c:\\Users\\Admin\\.vscode\\extensions\\uqbar.wollok-lsp-ide-0.5.0\\out\\server\\src\\server.js:2371:7147)\n    at F3.invoke (c:\\Users\\Admin\\.vscode\\extensions\\uqbar.wollok-lsp-ide-0.5.0\\out\\server\\src\\server.js:3:157316)\n    at o.fire (c:\\Users\\Admin\\.vscode\\extensions\\uqbar.wollok-lsp-ide-0.5.0\\out\\server\\src\\server.js:3:158086)\n    at c:\\Users\\Admin\\.vscode\\extensions\\uqbar.wollok-lsp-ide-0.5.0\\out\\server\\src\\server.js:37:57871\n    at Qr (c:\\Users\\Admin\\.vscode\\extensions\\uqbar.wollok-lsp-ide-0.5.0\\out\\server\\src\\server.js:8:1561)","timestamp":"2025-04-28T12:55:29.053Z"}
{"level":"error","message":"✘ Failed to rebuild document Failed to parse example.wlk: \n-- PARSING FAILED --------------------------------------------------\n\nGot the end of the input\n\nExpected one of the following: \n\n' ', '=', '@', 'const', 'method', 'native', 'override', 'var', '{', '}', any character/byte, comment, whitespace\n","stack":"Error: Failed to parse example.wlk: \n-- PARSING FAILED --------------------------------------------------\n\nGot the end of the input\n\nExpected one of the following: \n\n' ', '=', '@', 'const', 'method', 'native', 'override', 'var', '{', '}', any character/byte, comment, whitespace\n\n    at c:\\Users\\Admin\\.vscode\\extensions\\uqbar.wollok-lsp-ide-0.5.0\\out\\server\\src\\server.js:2326:13026\n    at Array.map (<anonymous>)\n    at P1n (c:\\Users\\Admin\\.vscode\\extensions\\uqbar.wollok-lsp-ide-0.5.0\\out\\server\\src\\server.js:2326:12950)\n    at U2.buildEnvironmentFrom (c:\\Users\\Admin\\.vscode\\extensions\\uqbar.wollok-lsp-ide-0.5.0\\out\\server\\src\\server.js:2371:5255)\n    at U2.updateEnvironmentWith (c:\\Users\\Admin\\.vscode\\extensions\\uqbar.wollok-lsp-ide-0.5.0\\out\\server\\src\\server.js:2371:4990)\n    at UF (c:\\Users\\Admin\\.vscode\\extensions\\uqbar.wollok-lsp-ide-0.5.0\\out\\server\\src\\server.js:2371:7147)\n    at F3.invoke (c:\\Users\\Admin\\.vscode\\extensions\\uqbar.wollok-lsp-ide-0.5.0\\out\\server\\src\\server.js:3:157316)\n    at o.fire (c:\\Users\\Admin\\.vscode\\extensions\\uqbar.wollok-lsp-ide-0.5.0\\out\\server\\src\\server.js:3:158086)\n    at c:\\Users\\Admin\\.vscode\\extensions\\uqbar.wollok-lsp-ide-0.5.0\\out\\server\\src\\server.js:37:57871\n    at Qr (c:\\Users\\Admin\\.vscode\\extensions\\uqbar.wollok-lsp-ide-0.5.0\\out\\server\\src\\server.js:8:1561)","timestamp":"2025-04-28T12:55:32.408Z"}
{"level":"error","message":"✘ Failed to rebuild document Failed to parse example.wlk: \n-- PARSING FAILED --------------------------------------------------\n\nGot the end of the input\n\nExpected one of the following: \n\n' ', '@', 'const', 'method', 'override', 'var', '{', '}', any character/byte, comment, whitespace\n","stack":"Error: Failed to parse example.wlk: \n-- PARSING FAILED --------------------------------------------------\n\nGot the end of the input\n\nExpected one of the following: \n\n' ', '@', 'const', 'method', 'override', 'var', '{', '}', any character/byte, comment, whitespace\n\n    at c:\\Users\\Admin\\.vscode\\extensions\\uqbar.wollok-lsp-ide-0.5.0\\out\\server\\src\\server.js:2326:13026\n    at Array.map (<anonymous>)\n    at P1n (c:\\Users\\Admin\\.vscode\\extensions\\uqbar.wollok-lsp-ide-0.5.0\\out\\server\\src\\server.js:2326:12950)\n    at U2.buildEnvironmentFrom (c:\\Users\\Admin\\.vscode\\extensions\\uqbar.wollok-lsp-ide-0.5.0\\out\\server\\src\\server.js:2371:5255)\n    at U2.updateEnvironmentWith (c:\\Users\\Admin\\.vscode\\extensions\\uqbar.wollok-lsp-ide-0.5.0\\out\\server\\src\\server.js:2371:4990)\n    at UF (c:\\Users\\Admin\\.vscode\\extensions\\uqbar.wollok-lsp-ide-0.5.0\\out\\server\\src\\server.js:2371:7147)\n    at F3.invoke (c:\\Users\\Admin\\.vscode\\extensions\\uqbar.wollok-lsp-ide-0.5.0\\out\\server\\src\\server.js:3:157316)\n    at o.fire (c:\\Users\\Admin\\.vscode\\extensions\\uqbar.wollok-lsp-ide-0.5.0\\out\\server\\src\\server.js:3:158086)\n    at c:\\Users\\Admin\\.vscode\\extensions\\uqbar.wollok-lsp-ide-0.5.0\\out\\server\\src\\server.js:37:57871\n    at Qr (c:\\Users\\Admin\\.vscode\\extensions\\uqbar.wollok-lsp-ide-0.5.0\\out\\server\\src\\server.js:8:1561)","timestamp":"2025-04-28T12:55:33.634Z"}
{"level":"error","message":"✘ Failed to rebuild document Failed to parse example.wlk: \n-- PARSING FAILED --------------------------------------------------\n\nGot the end of the input\n\nExpected one of the following: \n\n' ', '@', 'const', 'method', 'override', 'var', '{', '}', any character/byte, comment, whitespace\n","stack":"Error: Failed to parse example.wlk: \n-- PARSING FAILED --------------------------------------------------\n\nGot the end of the input\n\nExpected one of the following: \n\n' ', '@', 'const', 'method', 'override', 'var', '{', '}', any character/byte, comment, whitespace\n\n    at c:\\Users\\Admin\\.vscode\\extensions\\uqbar.wollok-lsp-ide-0.5.0\\out\\server\\src\\server.js:2326:13026\n    at Array.map (<anonymous>)\n    at P1n (c:\\Users\\Admin\\.vscode\\extensions\\uqbar.wollok-lsp-ide-0.5.0\\out\\server\\src\\server.js:2326:12950)\n    at U2.buildEnvironmentFrom (c:\\Users\\Admin\\.vscode\\extensions\\uqbar.wollok-lsp-ide-0.5.0\\out\\server\\src\\server.js:2371:5255)\n    at U2.updateEnvironmentWith (c:\\Users\\Admin\\.vscode\\extensions\\uqbar.wollok-lsp-ide-0.5.0\\out\\server\\src\\server.js:2371:4990)\n    at UF (c:\\Users\\Admin\\.vscode\\extensions\\uqbar.wollok-lsp-ide-0.5.0\\out\\server\\src\\server.js:2371:7147)\n    at F3.invoke (c:\\Users\\Admin\\.vscode\\extensions\\uqbar.wollok-lsp-ide-0.5.0\\out\\server\\src\\server.js:3:157316)\n    at o.fire (c:\\Users\\Admin\\.vscode\\extensions\\uqbar.wollok-lsp-ide-0.5.0\\out\\server\\src\\server.js:3:158086)\n    at c:\\Users\\Admin\\.vscode\\extensions\\uqbar.wollok-lsp-ide-0.5.0\\out\\server\\src\\server.js:37:57871\n    at Qr (c:\\Users\\Admin\\.vscode\\extensions\\uqbar.wollok-lsp-ide-0.5.0\\out\\server\\src\\server.js:8:1561)","timestamp":"2025-04-28T12:55:34.547Z"}
{"level":"error","message":"✘ Failed to rebuild document Failed to parse example.wlk: \n-- PARSING FAILED --------------------------------------------------\n\nGot the end of the input\n\nExpected one of the following: \n\n' ', '@', 'const', 'method', 'override', 'var', '{', '}', any character/byte, comment, whitespace\n","stack":"Error: Failed to parse example.wlk: \n-- PARSING FAILED --------------------------------------------------\n\nGot the end of the input\n\nExpected one of the following: \n\n' ', '@', 'const', 'method', 'override', 'var', '{', '}', any character/byte, comment, whitespace\n\n    at c:\\Users\\Admin\\.vscode\\extensions\\uqbar.wollok-lsp-ide-0.5.0\\out\\server\\src\\server.js:2326:13026\n    at Array.map (<anonymous>)\n    at P1n (c:\\Users\\Admin\\.vscode\\extensions\\uqbar.wollok-lsp-ide-0.5.0\\out\\server\\src\\server.js:2326:12950)\n    at U2.buildEnvironmentFrom (c:\\Users\\Admin\\.vscode\\extensions\\uqbar.wollok-lsp-ide-0.5.0\\out\\server\\src\\server.js:2371:5255)\n    at U2.updateEnvironmentWith (c:\\Users\\Admin\\.vscode\\extensions\\uqbar.wollok-lsp-ide-0.5.0\\out\\server\\src\\server.js:2371:4990)\n    at UF (c:\\Users\\Admin\\.vscode\\extensions\\uqbar.wollok-lsp-ide-0.5.0\\out\\server\\src\\server.js:2371:7147)\n    at F3.invoke (c:\\Users\\Admin\\.vscode\\extensions\\uqbar.wollok-lsp-ide-0.5.0\\out\\server\\src\\server.js:3:157316)\n    at o.fire (c:\\Users\\Admin\\.vscode\\extensions\\uqbar.wollok-lsp-ide-0.5.0\\out\\server\\src\\server.js:3:158086)\n    at c:\\Users\\Admin\\.vscode\\extensions\\uqbar.wollok-lsp-ide-0.5.0\\out\\server\\src\\server.js:37:57871\n    at Qr (c:\\Users\\Admin\\.vscode\\extensions\\uqbar.wollok-lsp-ide-0.5.0\\out\\server\\src\\server.js:8:1561)","timestamp":"2025-04-28T12:55:35.146Z"}
{"level":"error","message":"✘ Failed to rebuild document Failed to parse example.wlk: \n-- PARSING FAILED --------------------------------------------------\n\nGot the end of the input\n\nExpected one of the following: \n\n' ', '@', 'const', 'method', 'override', 'var', '{', '}', any character/byte, comment, whitespace\n","stack":"Error: Failed to parse example.wlk: \n-- PARSING FAILED --------------------------------------------------\n\nGot the end of the input\n\nExpected one of the following: \n\n' ', '@', 'const', 'method', 'override', 'var', '{', '}', any character/byte, comment, whitespace\n\n    at c:\\Users\\Admin\\.vscode\\extensions\\uqbar.wollok-lsp-ide-0.5.0\\out\\server\\src\\server.js:2326:13026\n    at Array.map (<anonymous>)\n    at P1n (c:\\Users\\Admin\\.vscode\\extensions\\uqbar.wollok-lsp-ide-0.5.0\\out\\server\\src\\server.js:2326:12950)\n    at U2.buildEnvironmentFrom (c:\\Users\\Admin\\.vscode\\extensions\\uqbar.wollok-lsp-ide-0.5.0\\out\\server\\src\\server.js:2371:5255)\n    at U2.updateEnvironmentWith (c:\\Users\\Admin\\.vscode\\extensions\\uqbar.wollok-lsp-ide-0.5.0\\out\\server\\src\\server.js:2371:4990)\n    at UF (c:\\Users\\Admin\\.vscode\\extensions\\uqbar.wollok-lsp-ide-0.5.0\\out\\server\\src\\server.js:2371:7147)\n    at F3.invoke (c:\\Users\\Admin\\.vscode\\extensions\\uqbar.wollok-lsp-ide-0.5.0\\out\\server\\src\\server.js:3:157316)\n    at o.fire (c:\\Users\\Admin\\.vscode\\extensions\\uqbar.wollok-lsp-ide-0.5.0\\out\\server\\src\\server.js:3:158086)\n    at c:\\Users\\Admin\\.vscode\\extensions\\uqbar.wollok-lsp-ide-0.5.0\\out\\server\\src\\server.js:37:57871\n    at Qr (c:\\Users\\Admin\\.vscode\\extensions\\uqbar.wollok-lsp-ide-0.5.0\\out\\server\\src\\server.js:8:1561)","timestamp":"2025-04-28T12:55:35.839Z"}
{"level":"error","message":"✘ Failed to rebuild document Failed to parse example.wlk: \n-- PARSING FAILED --------------------------------------------------\n\nGot the end of the input\n\nExpected one of the following: \n\n' ', '@', 'const', 'method', 'override', 'var', '{', '}', any character/byte, comment, whitespace\n","stack":"Error: Failed to parse example.wlk: \n-- PARSING FAILED --------------------------------------------------\n\nGot the end of the input\n\nExpected one of the following: \n\n' ', '@', 'const', 'method', 'override', 'var', '{', '}', any character/byte, comment, whitespace\n\n    at c:\\Users\\Admin\\.vscode\\extensions\\uqbar.wollok-lsp-ide-0.5.0\\out\\server\\src\\server.js:2326:13026\n    at Array.map (<anonymous>)\n    at P1n (c:\\Users\\Admin\\.vscode\\extensions\\uqbar.wollok-lsp-ide-0.5.0\\out\\server\\src\\server.js:2326:12950)\n    at U2.buildEnvironmentFrom (c:\\Users\\Admin\\.vscode\\extensions\\uqbar.wollok-lsp-ide-0.5.0\\out\\server\\src\\server.js:2371:5255)\n    at U2.updateEnvironmentWith (c:\\Users\\Admin\\.vscode\\extensions\\uqbar.wollok-lsp-ide-0.5.0\\out\\server\\src\\server.js:2371:4990)\n    at UF (c:\\Users\\Admin\\.vscode\\extensions\\uqbar.wollok-lsp-ide-0.5.0\\out\\server\\src\\server.js:2371:7147)\n    at F3.invoke (c:\\Users\\Admin\\.vscode\\extensions\\uqbar.wollok-lsp-ide-0.5.0\\out\\server\\src\\server.js:3:157316)\n    at o.fire (c:\\Users\\Admin\\.vscode\\extensions\\uqbar.wollok-lsp-ide-0.5.0\\out\\server\\src\\server.js:3:158086)\n    at c:\\Users\\Admin\\.vscode\\extensions\\uqbar.wollok-lsp-ide-0.5.0\\out\\server\\src\\server.js:37:57871\n    at Qr (c:\\Users\\Admin\\.vscode\\extensions\\uqbar.wollok-lsp-ide-0.5.0\\out\\server\\src\\server.js:8:1561)","timestamp":"2025-04-28T12:55:36.085Z"}
{"level":"error","message":"✘ Failed to rebuild document Failed to parse example.wlk: \n-- PARSING FAILED --------------------------------------------------\n\nGot the end of the input\n\nExpected one of the following: \n\n' ', '@', 'const', 'method', 'override', 'var', '{', '}', any character/byte, comment, whitespace\n","stack":"Error: Failed to parse example.wlk: \n-- PARSING FAILED --------------------------------------------------\n\nGot the end of the input\n\nExpected one of the following: \n\n' ', '@', 'const', 'method', 'override', 'var', '{', '}', any character/byte, comment, whitespace\n\n    at c:\\Users\\Admin\\.vscode\\extensions\\uqbar.wollok-lsp-ide-0.5.0\\out\\server\\src\\server.js:2326:13026\n    at Array.map (<anonymous>)\n    at P1n (c:\\Users\\Admin\\.vscode\\extensions\\uqbar.wollok-lsp-ide-0.5.0\\out\\server\\src\\server.js:2326:12950)\n    at U2.buildEnvironmentFrom (c:\\Users\\Admin\\.vscode\\extensions\\uqbar.wollok-lsp-ide-0.5.0\\out\\server\\src\\server.js:2371:5255)\n    at U2.updateEnvironmentWith (c:\\Users\\Admin\\.vscode\\extensions\\uqbar.wollok-lsp-ide-0.5.0\\out\\server\\src\\server.js:2371:4990)\n    at UF (c:\\Users\\Admin\\.vscode\\extensions\\uqbar.wollok-lsp-ide-0.5.0\\out\\server\\src\\server.js:2371:7147)\n    at F3.invoke (c:\\Users\\Admin\\.vscode\\extensions\\uqbar.wollok-lsp-ide-0.5.0\\out\\server\\src\\server.js:3:157316)\n    at o.fire (c:\\Users\\Admin\\.vscode\\extensions\\uqbar.wollok-lsp-ide-0.5.0\\out\\server\\src\\server.js:3:158086)\n    at c:\\Users\\Admin\\.vscode\\extensions\\uqbar.wollok-lsp-ide-0.5.0\\out\\server\\src\\server.js:37:57871\n    at Qr (c:\\Users\\Admin\\.vscode\\extensions\\uqbar.wollok-lsp-ide-0.5.0\\out\\server\\src\\server.js:8:1561)","timestamp":"2025-04-28T12:55:36.370Z"}
{"level":"error","message":"✘ Failed to rebuild document Failed to parse example.wlk: \n-- PARSING FAILED --------------------------------------------------\n\nGot the end of the input\n\nExpected one of the following: \n\n' ', '@', 'const', 'method', 'override', 'var', '{', '}', any character/byte, comment, whitespace\n","stack":"Error: Failed to parse example.wlk: \n-- PARSING FAILED --------------------------------------------------\n\nGot the end of the input\n\nExpected one of the following: \n\n' ', '@', 'const', 'method', 'override', 'var', '{', '}', any character/byte, comment, whitespace\n\n    at c:\\Users\\Admin\\.vscode\\extensions\\uqbar.wollok-lsp-ide-0.5.0\\out\\server\\src\\server.js:2326:13026\n    at Array.map (<anonymous>)\n    at P1n (c:\\Users\\Admin\\.vscode\\extensions\\uqbar.wollok-lsp-ide-0.5.0\\out\\server\\src\\server.js:2326:12950)\n    at U2.buildEnvironmentFrom (c:\\Users\\Admin\\.vscode\\extensions\\uqbar.wollok-lsp-ide-0.5.0\\out\\server\\src\\server.js:2371:5255)\n    at U2.updateEnvironmentWith (c:\\Users\\Admin\\.vscode\\extensions\\uqbar.wollok-lsp-ide-0.5.0\\out\\server\\src\\server.js:2371:4990)\n    at UF (c:\\Users\\Admin\\.vscode\\extensions\\uqbar.wollok-lsp-ide-0.5.0\\out\\server\\src\\server.js:2371:7147)\n    at F3.invoke (c:\\Users\\Admin\\.vscode\\extensions\\uqbar.wollok-lsp-ide-0.5.0\\out\\server\\src\\server.js:3:157316)\n    at o.fire (c:\\Users\\Admin\\.vscode\\extensions\\uqbar.wollok-lsp-ide-0.5.0\\out\\server\\src\\server.js:3:158086)\n    at c:\\Users\\Admin\\.vscode\\extensions\\uqbar.wollok-lsp-ide-0.5.0\\out\\server\\src\\server.js:37:57871\n    at Qr (c:\\Users\\Admin\\.vscode\\extensions\\uqbar.wollok-lsp-ide-0.5.0\\out\\server\\src\\server.js:8:1561)","timestamp":"2025-04-28T12:55:36.957Z"}
{"level":"error","message":"✘ Failed to rebuild document Failed to parse example.wlk: \n-- PARSING FAILED --------------------------------------------------\n\nGot the end of the input\n\nExpected one of the following: \n\n'@', 'const', 'method', 'override', 'var', '{', '}', any character/byte, comment, whitespace\n","stack":"Error: Failed to parse example.wlk: \n-- PARSING FAILED --------------------------------------------------\n\nGot the end of the input\n\nExpected one of the following: \n\n'@', 'const', 'method', 'override', 'var', '{', '}', any character/byte, comment, whitespace\n\n    at c:\\Users\\Admin\\.vscode\\extensions\\uqbar.wollok-lsp-ide-0.5.0\\out\\server\\src\\server.js:2326:13026\n    at Array.map (<anonymous>)\n    at P1n (c:\\Users\\Admin\\.vscode\\extensions\\uqbar.wollok-lsp-ide-0.5.0\\out\\server\\src\\server.js:2326:12950)\n    at U2.buildEnvironmentFrom (c:\\Users\\Admin\\.vscode\\extensions\\uqbar.wollok-lsp-ide-0.5.0\\out\\server\\src\\server.js:2371:5255)\n    at U2.updateEnvironmentWith (c:\\Users\\Admin\\.vscode\\extensions\\uqbar.wollok-lsp-ide-0.5.0\\out\\server\\src\\server.js:2371:4990)\n    at UF (c:\\Users\\Admin\\.vscode\\extensions\\uqbar.wollok-lsp-ide-0.5.0\\out\\server\\src\\server.js:2371:7147)\n    at F3.invoke (c:\\Users\\Admin\\.vscode\\extensions\\uqbar.wollok-lsp-ide-0.5.0\\out\\server\\src\\server.js:3:157316)\n    at o.fire (c:\\Users\\Admin\\.vscode\\extensions\\uqbar.wollok-lsp-ide-0.5.0\\out\\server\\src\\server.js:3:158086)\n    at c:\\Users\\Admin\\.vscode\\extensions\\uqbar.wollok-lsp-ide-0.5.0\\out\\server\\src\\server.js:37:57871\n    at Qr (c:\\Users\\Admin\\.vscode\\extensions\\uqbar.wollok-lsp-ide-0.5.0\\out\\server\\src\\server.js:8:1561)","timestamp":"2025-04-28T12:55:39.732Z"}
{"level":"error","message":"✘ Failed to rebuild document Failed to parse example.wlk: \n-- PARSING FAILED --------------------------------------------------\n\nGot the end of the input\n\nExpected one of the following: \n\n'@', 'const', 'method', 'override', 'var', '{', '}', any character/byte, comment, whitespace\n","stack":"Error: Failed to parse example.wlk: \n-- PARSING FAILED --------------------------------------------------\n\nGot the end of the input\n\nExpected one of the following: \n\n'@', 'const', 'method', 'override', 'var', '{', '}', any character/byte, comment, whitespace\n\n    at c:\\Users\\Admin\\.vscode\\extensions\\uqbar.wollok-lsp-ide-0.5.0\\out\\server\\src\\server.js:2326:13026\n    at Array.map (<anonymous>)\n    at P1n (c:\\Users\\Admin\\.vscode\\extensions\\uqbar.wollok-lsp-ide-0.5.0\\out\\server\\src\\server.js:2326:12950)\n    at U2.buildEnvironmentFrom (c:\\Users\\Admin\\.vscode\\extensions\\uqbar.wollok-lsp-ide-0.5.0\\out\\server\\src\\server.js:2371:5255)\n    at U2.updateEnvironmentWith (c:\\Users\\Admin\\.vscode\\extensions\\uqbar.wollok-lsp-ide-0.5.0\\out\\server\\src\\server.js:2371:4990)\n    at UF (c:\\Users\\Admin\\.vscode\\extensions\\uqbar.wollok-lsp-ide-0.5.0\\out\\server\\src\\server.js:2371:7147)\n    at F3.invoke (c:\\Users\\Admin\\.vscode\\extensions\\uqbar.wollok-lsp-ide-0.5.0\\out\\server\\src\\server.js:3:157316)\n    at o.fire (c:\\Users\\Admin\\.vscode\\extensions\\uqbar.wollok-lsp-ide-0.5.0\\out\\server\\src\\server.js:3:158086)\n    at c:\\Users\\Admin\\.vscode\\extensions\\uqbar.wollok-lsp-ide-0.5.0\\out\\server\\src\\server.js:37:57871\n    at Qr (c:\\Users\\Admin\\.vscode\\extensions\\uqbar.wollok-lsp-ide-0.5.0\\out\\server\\src\\server.js:8:1561)","timestamp":"2025-04-28T12:55:40.270Z"}
{"level":"info","message":"⌛ Building environment","timeElapsed":127,"timestamp":"2025-04-28T12:55:40.953Z"}
{"level":"info","message":"⌛ Validating example.wlk","timeElapsed":136,"timestamp":"2025-04-28T12:55:41.090Z"}
{"level":"info","message":"⌛ Building environment","timeElapsed":104,"timestamp":"2025-04-28T12:55:45.819Z"}
{"level":"info","message":"⌛ Validating example.wlk","timeElapsed":165,"timestamp":"2025-04-28T12:55:45.986Z"}
{"level":"info","message":"⌛ Validating example.wlk","timeElapsed":127,"timestamp":"2025-04-28T12:55:47.599Z"}
{"level":"info","message":"⌛ Building environment","timeElapsed":125,"timestamp":"2025-04-28T12:56:01.321Z"}
{"level":"info","message":"⌛ Validating example.wlk","timeElapsed":146,"timestamp":"2025-04-28T12:56:01.469Z"}
{"level":"info","message":"⌛ Validating example.wlk","timeElapsed":122,"timestamp":"2025-04-28T12:56:01.682Z"}
{"level":"info","message":"⌛ Building environment","timeElapsed":139,"timestamp":"2025-04-28T12:56:02.194Z"}
{"level":"info","message":"⌛ Validating example.wlk","timeElapsed":149,"timestamp":"2025-04-28T12:56:02.373Z"}
{"level":"info","message":"onRequest - completionItem/resolve","timestamp":"2025-04-28T12:56:02.374Z"}
{"level":"info","message":"onRequest - completionItem/resolve","timestamp":"2025-04-28T12:56:02.462Z"}
{"level":"info","message":"⌛ Validating example.wlk","timeElapsed":140,"timestamp":"2025-04-28T12:56:02.603Z"}
{"level":"info","message":"onRequest - completionItem/resolve","timestamp":"2025-04-28T12:56:02.682Z"}
{"level":"info","message":"onRequest - completionItem/resolve","timestamp":"2025-04-28T12:56:02.766Z"}
{"level":"info","message":"⌛ Validating example.wlk","timeElapsed":129,"timestamp":"2025-04-28T12:56:02.895Z"}
{"level":"info","message":"⌛ Validating example.wlk","timeElapsed":125,"timestamp":"2025-04-28T12:56:03.021Z"}
{"level":"info","message":"onRequest - completionItem/resolve","timestamp":"2025-04-28T12:56:03.107Z"}
{"level":"info","message":"onRequest - completionItem/resolve","timestamp":"2025-04-28T12:56:03.192Z"}
{"level":"info","message":"⌛ Validating example.wlk","timeElapsed":118,"timestamp":"2025-04-28T12:56:03.311Z"}
{"level":"info","message":"⌛ Validating example.wlk","timeElapsed":135,"timestamp":"2025-04-28T12:56:03.446Z"}
{"level":"info","message":"⌛ Validating example.wlk","timeElapsed":116,"timestamp":"2025-04-28T12:56:03.662Z"}
{"level":"info","message":"⌛ Building environment","timeElapsed":124,"timestamp":"2025-04-28T12:56:10.935Z"}
{"level":"info","message":"⌛ Validating example.wlk","timeElapsed":202,"timestamp":"2025-04-28T12:56:11.258Z"}
{"level":"info","message":"⌛ Validating example.wlk","timeElapsed":124,"timestamp":"2025-04-28T12:56:11.494Z"}
{"level":"info","message":"⌛ Validating example.wlk","timeElapsed":128,"timestamp":"2025-04-28T12:56:11.784Z"}
{"level":"info","message":"⌛ Validating example.wlk","timeElapsed":118,"timestamp":"2025-04-28T12:56:11.907Z"}
{"level":"info","message":"⌛ Validating example.wlk","timeElapsed":138,"timestamp":"2025-04-28T12:56:12.046Z"}
{"level":"info","message":"⌛ Validating example.wlk","timeElapsed":126,"timestamp":"2025-04-28T12:56:12.406Z"}
{"level":"info","message":"⌛ Validating example.wlk","timeElapsed":127,"timestamp":"2025-04-28T12:56:12.533Z"}
{"level":"info","message":"⌛ Validating example.wlk","timeElapsed":133,"timestamp":"2025-04-28T12:56:12.666Z"}
{"level":"info","message":"⌛ Validating example.wlk","timeElapsed":217,"timestamp":"2025-04-28T12:56:13.057Z"}
{"level":"info","message":"⌛ Validating example.wlk","timeElapsed":134,"timestamp":"2025-04-28T12:56:13.208Z"}
{"level":"info","message":"⌛ Validating example.wlk","timeElapsed":120,"timestamp":"2025-04-28T12:56:13.774Z"}
{"level":"info","message":"⌛ Validating example.wlk","timeElapsed":121,"timestamp":"2025-04-28T12:56:13.895Z"}
{"level":"info","message":"⌛ Validating example.wlk","timeElapsed":125,"timestamp":"2025-04-28T12:56:14.119Z"}
{"level":"info","message":"⌛ Validating example.wlk","timeElapsed":119,"timestamp":"2025-04-28T12:56:14.338Z"}
{"level":"info","message":"⌛ Validating example.wlk","timeElapsed":183,"timestamp":"2025-04-28T12:56:14.522Z"}
{"level":"info","message":"⌛ Validating example.wlk","timeElapsed":128,"timestamp":"2025-04-28T12:56:14.657Z"}
{"level":"info","message":"⌛ Validating example.wlk","timeElapsed":128,"timestamp":"2025-04-28T12:56:14.879Z"}
{"level":"info","message":"⌛ Validating example.wlk","timeElapsed":150,"timestamp":"2025-04-28T12:56:15.111Z"}
{"level":"info","message":"⌛ Validating example.wlk","timeElapsed":214,"timestamp":"2025-04-28T12:56:15.333Z"}
{"level":"info","message":"⌛ Building environment","timeElapsed":104,"timestamp":"2025-04-28T12:56:15.439Z"}
{"level":"info","message":"⌛ Validating example.wlk","timeElapsed":127,"timestamp":"2025-04-28T12:56:15.741Z"}
{"level":"info","message":"⌛ Validating example.wlk","timeElapsed":117,"timestamp":"2025-04-28T12:56:15.861Z"}
{"level":"info","message":"⌛ Validating example.wlk","timeElapsed":123,"timestamp":"2025-04-28T12:56:15.984Z"}
{"level":"info","message":"⌛ Building environment","timeElapsed":154,"timestamp":"2025-04-28T12:56:23.901Z"}
{"level":"info","message":"⌛ Validating example.wlk","timeElapsed":179,"timestamp":"2025-04-28T12:56:24.233Z"}
{"level":"info","message":"onRequest - completionItem/resolve","timestamp":"2025-04-28T12:56:24.233Z"}
{"level":"info","message":"⌛ Building environment","timeElapsed":101,"timestamp":"2025-04-28T12:56:24.334Z"}
{"level":"info","message":"onRequest - completionItem/resolve","timestamp":"2025-04-28T12:56:24.335Z"}
{"level":"info","message":"onRequest - completionItem/resolve","timestamp":"2025-04-28T12:56:24.413Z"}
{"level":"info","message":"⌛ Validating example.wlk","timeElapsed":133,"timestamp":"2025-04-28T12:56:24.546Z"}
{"level":"info","message":"⌛ Building environment","timeElapsed":168,"timestamp":"2025-04-28T12:56:24.714Z"}
{"level":"info","message":"onRequest - completionItem/resolve","timestamp":"2025-04-28T12:56:24.715Z"}
{"level":"info","message":"onRequest - completionItem/resolve","timestamp":"2025-04-28T12:56:24.789Z"}
{"level":"info","message":"⌛ Validating example.wlk","timeElapsed":123,"timestamp":"2025-04-28T12:56:24.913Z"}
{"level":"info","message":"⌛ Validating example.wlk","timeElapsed":135,"timestamp":"2025-04-28T12:56:25.048Z"}
{"level":"info","message":"onRequest - completionItem/resolve","timestamp":"2025-04-28T12:56:25.139Z"}
{"level":"info","message":"⌛ Validating example.wlk","timeElapsed":128,"timestamp":"2025-04-28T12:56:25.271Z"}
{"level":"info","message":"⌛ Validating example.wlk","timeElapsed":137,"timestamp":"2025-04-28T12:56:25.408Z"}
{"level":"info","message":"⌛ Validating example.wlk","timeElapsed":116,"timestamp":"2025-04-28T12:56:25.726Z"}
{"level":"info","message":"⌛ Validating example.wlk","timeElapsed":133,"timestamp":"2025-04-28T12:56:26.091Z"}
{"level":"info","message":"⌛ Validating example.wlk","timeElapsed":124,"timestamp":"2025-04-28T12:56:26.216Z"}
{"level":"info","message":"⌛ Validating example.wlk","timeElapsed":135,"timestamp":"2025-04-28T12:56:26.358Z"}
{"level":"info","message":"⌛ Validating example.wlk","timeElapsed":116,"timestamp":"2025-04-28T12:56:26.474Z"}
{"level":"info","message":"⌛ Validating example.wlk","timeElapsed":123,"timestamp":"2025-04-28T12:56:26.676Z"}
{"level":"info","message":"⌛ Validating example.wlk","timeElapsed":130,"timestamp":"2025-04-28T12:56:26.911Z"}
{"level":"info","message":"⌛ Validating example.wlk","timeElapsed":122,"timestamp":"2025-04-28T12:56:27.034Z"}
{"level":"info","message":"⌛ Validating example.wlk","timeElapsed":114,"timestamp":"2025-04-28T12:56:27.249Z"}
{"level":"info","message":"⌛ Validating example.wlk","timeElapsed":191,"timestamp":"2025-04-28T12:56:27.673Z"}
{"level":"info","message":"⌛ Validating example.wlk","timeElapsed":121,"timestamp":"2025-04-28T12:56:27.925Z"}
{"level":"info","message":"⌛ Validating example.wlk","timeElapsed":122,"timestamp":"2025-04-28T12:56:28.291Z"}
{"level":"info","message":"⌛ Validating example.wlk","timeElapsed":122,"timestamp":"2025-04-28T12:56:28.697Z"}
{"level":"info","message":"⌛ Validating example.wlk","timeElapsed":131,"timestamp":"2025-04-28T12:56:28.830Z"}
{"level":"info","message":"⌛ Validating example.wlk","timeElapsed":112,"timestamp":"2025-04-28T12:56:29.051Z"}
{"level":"info","message":"⌛ Validating example.wlk","timeElapsed":180,"timestamp":"2025-04-28T12:56:29.538Z"}
{"level":"info","message":"⌛ Building environment","timeElapsed":114,"timestamp":"2025-04-28T12:56:29.655Z"}
{"level":"info","message":"⌛ Validating example.wlk","timeElapsed":121,"timestamp":"2025-04-28T12:56:29.884Z"}
{"level":"info","message":"⌛ Validating example.wlk","timeElapsed":115,"timestamp":"2025-04-28T12:56:30.100Z"}
{"level":"info","message":"⌛ Validating example.wlk","timeElapsed":126,"timestamp":"2025-04-28T12:56:30.227Z"}
{"level":"info","message":"⌛ Validating example.wlk","timeElapsed":125,"timestamp":"2025-04-28T12:56:30.673Z"}
{"level":"info","message":"⌛ Validating example.wlk","timeElapsed":117,"timestamp":"2025-04-28T12:56:30.877Z"}
{"level":"info","message":"⌛ Building environment","timeElapsed":141,"timestamp":"2025-04-28T12:56:32.719Z"}
{"level":"info","message":"⌛ Validating example.wlk","timeElapsed":144,"timestamp":"2025-04-28T12:56:32.865Z"}
{"level":"info","message":"⌛ Validating example.wlk","timeElapsed":161,"timestamp":"2025-04-28T12:56:33.227Z"}
{"level":"info","message":"⌛ Building environment","timeElapsed":101,"timestamp":"2025-04-28T12:56:33.336Z"}
{"level":"info","message":"⌛ Validating example.wlk","timeElapsed":175,"timestamp":"2025-04-28T12:56:33.514Z"}
{"level":"info","message":"⌛ Building environment","timeElapsed":147,"timestamp":"2025-04-28T12:56:41.654Z"}
{"level":"info","message":"⌛ Validating example.wlk","timeElapsed":150,"timestamp":"2025-04-28T12:56:41.806Z"}
{"level":"info","message":"⌛ Validating example.wlk","timeElapsed":152,"timestamp":"2025-04-28T12:56:42.181Z"}
{"level":"info","message":"onRequest - completionItem/resolve","timestamp":"2025-04-28T12:56:42.182Z"}
{"level":"info","message":"⌛ Validating example.wlk","timeElapsed":129,"timestamp":"2025-04-28T12:56:42.311Z"}
{"level":"info","message":"⌛ Validating example.wlk","timeElapsed":139,"timestamp":"2025-04-28T12:56:42.635Z"}
{"level":"info","message":"⌛ Validating example.wlk","timeElapsed":141,"timestamp":"2025-04-28T12:56:42.781Z"}
{"level":"info","message":"⌛ Validating example.wlk","timeElapsed":126,"timestamp":"2025-04-28T12:56:43.079Z"}
{"level":"info","message":"⌛ Building environment","timeElapsed":106,"timestamp":"2025-04-28T12:56:43.186Z"}
{"level":"info","message":"⌛ Validating example.wlk","timeElapsed":222,"timestamp":"2025-04-28T12:56:43.408Z"}
{"level":"info","message":"⌛ Validating example.wlk","timeElapsed":134,"timestamp":"2025-04-28T12:56:43.748Z"}
{"level":"info","message":"⌛ Validating example.wlk","timeElapsed":118,"timestamp":"2025-04-28T12:56:44.104Z"}
{"level":"info","message":"⌛ Validating example.wlk","timeElapsed":127,"timestamp":"2025-04-28T12:56:44.307Z"}
{"level":"info","message":"onRequest - completionItem/resolve","timestamp":"2025-04-28T12:56:44.308Z"}
{"level":"info","message":"onRequest - completionItem/resolve","timestamp":"2025-04-28T12:56:44.403Z"}
{"level":"info","message":"⌛ Building environment","timeElapsed":152,"timestamp":"2025-04-28T12:56:44.556Z"}
{"level":"info","message":"onRequest - completionItem/resolve","timestamp":"2025-04-28T12:56:44.557Z"}
{"level":"info","message":"⌛ Validating example.wlk","timeElapsed":199,"timestamp":"2025-04-28T12:56:44.757Z"}
{"level":"info","message":"⌛ Validating example.wlk","timeElapsed":125,"timestamp":"2025-04-28T12:56:44.883Z"}
{"level":"info","message":"⌛ Validating example.wlk","timeElapsed":144,"timestamp":"2025-04-28T12:56:45.027Z"}
{"level":"info","message":"⌛ Validating example.wlk","timeElapsed":121,"timestamp":"2025-04-28T12:56:45.156Z"}
{"level":"info","message":"⌛ Building environment","timeElapsed":102,"timestamp":"2025-04-28T12:56:45.259Z"}
{"level":"info","message":"onRequest - completionItem/resolve","timestamp":"2025-04-28T12:56:45.259Z"}
{"level":"error","message":"✘ Completions for node Field ([13:3, 13:10] - example.wlk) failed: Error: example.roberto.pes [Field]{73ff5c} at example.wlk:13 exhausted all cases without a match example.roberto.pes [Field]{73ff5c} at example.wlk:13 exhausted all cases without a match","stack":"Error: example.roberto.pes [Field]{73ff5c} at example.wlk:13 exhausted all cases without a match\n    at c:\\Users\\Admin\\.vscode\\extensions\\uqbar.wollok-lsp-ide-0.5.0\\out\\server\\src\\server.js:38:6142\n    at Gh (c:\\Users\\Admin\\.vscode\\extensions\\uqbar.wollok-lsp-ide-0.5.0\\out\\server\\src\\server.js:2362:42)\n    at c:\\Users\\Admin\\.vscode\\extensions\\uqbar.wollok-lsp-ide-0.5.0\\out\\server\\src\\server.js:2362:2949\n    at c:\\Users\\Admin\\.vscode\\extensions\\uqbar.wollok-lsp-ide-0.5.0\\out\\server\\src\\server.js:2371:8632\n    at c:\\Users\\Admin\\.vscode\\extensions\\uqbar.wollok-lsp-ide-0.5.0\\out\\server\\src\\server.js:37:74872\n    at Ye (c:\\Users\\Admin\\.vscode\\extensions\\uqbar.wollok-lsp-ide-0.5.0\\out\\server\\src\\server.js:7:8527)\n    at Dt (c:\\Users\\Admin\\.vscode\\extensions\\uqbar.wollok-lsp-ide-0.5.0\\out\\server\\src\\server.js:7:6189)\n    at Zi (c:\\Users\\Admin\\.vscode\\extensions\\uqbar.wollok-lsp-ide-0.5.0\\out\\server\\src\\server.js:7:6378)\n    at Immediate._onImmediate (c:\\Users\\Admin\\.vscode\\extensions\\uqbar.wollok-lsp-ide-0.5.0\\out\\server\\src\\server.js:7:6142)\n    at process.processImmediate (node:internal/timers:483:21)","timestamp":"2025-04-28T12:56:45.359Z"}
{"level":"info","message":"⌛ Validating example.wlk","timeElapsed":128,"timestamp":"2025-04-28T12:56:45.488Z"}
{"level":"info","message":"⌛ Validating example.wlk","timeElapsed":114,"timestamp":"2025-04-28T12:56:45.687Z"}
{"level":"info","message":"⌛ Validating example.wlk","timeElapsed":206,"timestamp":"2025-04-28T12:56:45.977Z"}
{"level":"info","message":"⌛ Validating example.wlk","timeElapsed":134,"timestamp":"2025-04-28T12:56:46.111Z"}
{"level":"info","message":"⌛ Validating example.wlk","timeElapsed":128,"timestamp":"2025-04-28T12:56:46.316Z"}
{"level":"info","message":"⌛ Validating example.wlk","timeElapsed":112,"timestamp":"2025-04-28T12:56:46.434Z"}
{"level":"info","message":"⌛ Building environment","timeElapsed":117,"timestamp":"2025-04-28T12:56:46.627Z"}
{"level":"info","message":"⌛ Validating example.wlk","timeElapsed":114,"timestamp":"2025-04-28T12:56:46.742Z"}
{"level":"info","message":"⌛ Validating example.wlk","timeElapsed":117,"timestamp":"2025-04-28T12:56:46.939Z"}
{"level":"info","message":"⌛ Validating example.wlk","timeElapsed":128,"timestamp":"2025-04-28T12:56:47.068Z"}
{"level":"info","message":"⌛ Validating example.wlk","timeElapsed":119,"timestamp":"2025-04-28T12:56:47.187Z"}
{"level":"info","message":"⌛ Validating example.wlk","timeElapsed":109,"timestamp":"2025-04-28T12:56:47.541Z"}
{"level":"info","message":"⌛ Building environment","timeElapsed":139,"timestamp":"2025-04-28T12:57:19.348Z"}
{"level":"info","message":"⌛ Validating example.wlk","timeElapsed":221,"timestamp":"2025-04-28T12:57:19.573Z"}
{"level":"info","message":"⌛ Building environment","timeElapsed":104,"timestamp":"2025-04-28T12:57:20.821Z"}
{"level":"info","message":"⌛ Validating example.wlk","timeElapsed":168,"timestamp":"2025-04-28T12:57:21.025Z"}
{"level":"info","message":"onRequest - completionItem/resolve","timestamp":"2025-04-28T12:57:21.025Z"}
{"level":"info","message":"⌛ Building environment","timeElapsed":101,"timestamp":"2025-04-28T12:57:21.126Z"}
{"level":"info","message":"onRequest - completionItem/resolve","timestamp":"2025-04-28T12:57:21.127Z"}
{"level":"info","message":"onRequest - completionItem/resolve","timestamp":"2025-04-28T12:57:21.216Z"}
{"level":"info","message":"⌛ Validating example.wlk","timeElapsed":143,"timestamp":"2025-04-28T12:57:21.359Z"}
{"level":"info","message":"⌛ Validating example.wlk","timeElapsed":122,"timestamp":"2025-04-28T12:57:21.481Z"}
{"level":"info","message":"onRequest - completionItem/resolve","timestamp":"2025-04-28T12:57:21.568Z"}
{"level":"info","message":"⌛ Validating example.wlk","timeElapsed":122,"timestamp":"2025-04-28T12:57:21.694Z"}
{"level":"info","message":"⌛ Validating example.wlk","timeElapsed":125,"timestamp":"2025-04-28T12:57:21.948Z"}
{"level":"info","message":"⌛ Validating example.wlk","timeElapsed":208,"timestamp":"2025-04-28T12:57:22.245Z"}
{"level":"info","message":"⌛ Validating example.wlk","timeElapsed":134,"timestamp":"2025-04-28T12:57:22.574Z"}
{"level":"info","message":"⌛ Validating example.wlk","timeElapsed":129,"timestamp":"2025-04-28T12:57:22.704Z"}
{"level":"info","message":"⌛ Building environment","timeElapsed":108,"timestamp":"2025-04-28T12:57:22.813Z"}
{"level":"info","message":"⌛ Validating example.wlk","timeElapsed":139,"timestamp":"2025-04-28T12:57:23.226Z"}
{"level":"info","message":"onRequest - completionItem/resolve","timestamp":"2025-04-28T12:57:23.306Z"}
{"level":"info","message":"onRequest - completionItem/resolve","timestamp":"2025-04-28T12:57:23.403Z"}
{"level":"info","message":"⌛ Validating example.wlk","timeElapsed":118,"timestamp":"2025-04-28T12:57:23.521Z"}
{"level":"info","message":"⌛ Validating example.wlk","timeElapsed":137,"timestamp":"2025-04-28T12:57:23.658Z"}
{"level":"info","message":"⌛ Validating example.wlk","timeElapsed":121,"timestamp":"2025-04-28T12:57:23.779Z"}
{"level":"info","message":"⌛ Building environment","timeElapsed":182,"timestamp":"2025-04-28T12:57:23.963Z"}
{"level":"info","message":"onRequest - completionItem/resolve","timestamp":"2025-04-28T12:57:23.967Z"}
{"level":"info","message":"⌛ Validating example.wlk","timeElapsed":181,"timestamp":"2025-04-28T12:57:24.149Z"}
{"level":"info","message":"⌛ Building environment","timeElapsed":103,"timestamp":"2025-04-28T12:57:24.253Z"}
{"level":"info","message":"⌛ Validating example.wlk","timeElapsed":132,"timestamp":"2025-04-28T12:57:24.490Z"}
{"level":"info","message":"⌛ Building environment","timeElapsed":196,"timestamp":"2025-04-28T12:57:24.687Z"}
{"level":"info","message":"⌛ Validating example.wlk","timeElapsed":140,"timestamp":"2025-04-28T12:57:24.980Z"}
{"level":"info","message":"⌛ Validating example.wlk","timeElapsed":136,"timestamp":"2025-04-28T12:57:25.122Z"}
{"level":"info","message":"⌛ Validating example.wlk","timeElapsed":135,"timestamp":"2025-04-28T12:57:25.258Z"}
{"level":"info","message":"⌛ Validating example.wlk","timeElapsed":121,"timestamp":"2025-04-28T12:57:25.459Z"}
{"level":"info","message":"⌛ Validating example.wlk","timeElapsed":120,"timestamp":"2025-04-28T12:57:25.579Z"}
{"level":"info","message":"⌛ Validating example.wlk","timeElapsed":132,"timestamp":"2025-04-28T12:57:25.712Z"}
{"level":"info","message":"⌛ Validating example.wlk","timeElapsed":124,"timestamp":"2025-04-28T12:57:26.031Z"}
{"level":"info","message":"⌛ Validating example.wlk","timeElapsed":130,"timestamp":"2025-04-28T12:57:26.240Z"}
{"level":"info","message":"⌛ Validating example.wlk","timeElapsed":120,"timestamp":"2025-04-28T12:57:26.360Z"}
{"level":"info","message":"⌛ Validating example.wlk","timeElapsed":120,"timestamp":"2025-04-28T12:57:26.486Z"}
{"level":"info","message":"⌛ Validating example.wlk","timeElapsed":123,"timestamp":"2025-04-28T12:57:27.088Z"}
{"level":"info","message":"⌛ Validating example.wlk","timeElapsed":112,"timestamp":"2025-04-28T12:57:27.917Z"}
{"level":"info","message":"⌛ Building environment","timeElapsed":162,"timestamp":"2025-04-28T12:57:30.323Z"}
{"level":"info","message":"⌛ Validating example.wlk","timeElapsed":141,"timestamp":"2025-04-28T12:57:30.564Z"}
{"level":"info","message":"⌛ Validating example.wlk","timeElapsed":157,"timestamp":"2025-04-28T12:57:30.724Z"}
{"level":"info","message":"⌛ Building environment","timeElapsed":102,"timestamp":"2025-04-28T12:57:31.645Z"}
{"level":"info","message":"⌛ Validating example.wlk","timeElapsed":119,"timestamp":"2025-04-28T12:57:31.765Z"}
{"level":"info","message":"⌛ Building environment","timeElapsed":102,"timestamp":"2025-04-28T12:57:31.992Z"}
{"level":"info","message":"⌛ Validating example.wlk","timeElapsed":119,"timestamp":"2025-04-28T12:57:32.117Z"}
{"level":"info","message":"⌛ Building environment","timeElapsed":145,"timestamp":"2025-04-28T12:57:35.501Z"}
{"level":"info","message":"⌛ Validating example.wlk","timeElapsed":273,"timestamp":"2025-04-28T12:57:35.913Z"}
{"level":"info","message":"onRequest - completionItem/resolve","timestamp":"2025-04-28T12:57:35.914Z"}
{"level":"info","message":"onRequest - completionItem/resolve","timestamp":"2025-04-28T12:57:35.999Z"}
{"level":"info","message":"⌛ Validating example.wlk","timeElapsed":134,"timestamp":"2025-04-28T12:57:36.225Z"}
{"level":"info","message":"⌛ Validating example.wlk","timeElapsed":131,"timestamp":"2025-04-28T12:57:36.563Z"}
{"level":"info","message":"⌛ Validating example.wlk","timeElapsed":125,"timestamp":"2025-04-28T12:57:36.774Z"}
{"level":"error","message":"✘ Completions for node Return ([15:5, 15:14] - example.wlk) failed: Error: [Return]{f068ac} at example.wlk:15 exhausted all cases without a match [Return]{f068ac} at example.wlk:15 exhausted all cases without a match","stack":"Error: [Return]{f068ac} at example.wlk:15 exhausted all cases without a match\n    at c:\\Users\\Admin\\.vscode\\extensions\\uqbar.wollok-lsp-ide-0.5.0\\out\\server\\src\\server.js:38:6142\n    at Gh (c:\\Users\\Admin\\.vscode\\extensions\\uqbar.wollok-lsp-ide-0.5.0\\out\\server\\src\\server.js:2362:42)\n    at Kh (c:\\Users\\Admin\\.vscode\\extensions\\uqbar.wollok-lsp-ide-0.5.0\\out\\server\\src\\server.js:2362:1053)\n    at d8n (c:\\Users\\Admin\\.vscode\\extensions\\uqbar.wollok-lsp-ide-0.5.0\\out\\server\\src\\server.js:2362:1209)\n    at c:\\Users\\Admin\\.vscode\\extensions\\uqbar.wollok-lsp-ide-0.5.0\\out\\server\\src\\server.js:38:6131\n    at Gh (c:\\Users\\Admin\\.vscode\\extensions\\uqbar.wollok-lsp-ide-0.5.0\\out\\server\\src\\server.js:2362:42)\n    at c:\\Users\\Admin\\.vscode\\extensions\\uqbar.wollok-lsp-ide-0.5.0\\out\\server\\src\\server.js:2362:2949\n    at c:\\Users\\Admin\\.vscode\\extensions\\uqbar.wollok-lsp-ide-0.5.0\\out\\server\\src\\server.js:2371:8632\n    at c:\\Users\\Admin\\.vscode\\extensions\\uqbar.wollok-lsp-ide-0.5.0\\out\\server\\src\\server.js:37:74872\n    at Ye (c:\\Users\\Admin\\.vscode\\extensions\\uqbar.wollok-lsp-ide-0.5.0\\out\\server\\src\\server.js:7:8527)","timestamp":"2025-04-28T12:57:36.972Z"}
{"level":"info","message":"⌛ Validating example.wlk","timeElapsed":134,"timestamp":"2025-04-28T12:57:37.111Z"}
{"level":"info","message":"⌛ Validating example.wlk","timeElapsed":119,"timestamp":"2025-04-28T12:57:37.231Z"}
{"level":"info","message":"⌛ Validating example.wlk","timeElapsed":118,"timestamp":"2025-04-28T12:57:37.506Z"}
{"level":"info","message":"⌛ Validating example.wlk","timeElapsed":119,"timestamp":"2025-04-28T12:57:37.631Z"}
{"level":"info","message":"⌛ Validating example.wlk","timeElapsed":125,"timestamp":"2025-04-28T12:57:37.756Z"}
{"level":"info","message":"onRequest - completionItem/resolve","timestamp":"2025-04-28T12:57:37.758Z"}
{"level":"info","message":"⌛ Validating example.wlk","timeElapsed":119,"timestamp":"2025-04-28T12:57:37.879Z"}
{"level":"info","message":"⌛ Validating example.wlk","timeElapsed":111,"timestamp":"2025-04-28T12:57:37.990Z"}
{"level":"info","message":"⌛ Validating example.wlk","timeElapsed":118,"timestamp":"2025-04-28T12:57:39.062Z"}
{"level":"info","message":"⌛ Validating example.wlk","timeElapsed":136,"timestamp":"2025-04-28T12:57:40.230Z"}
{"level":"info","message":"onRequest - completionItem/resolve","timestamp":"2025-04-28T12:57:40.231Z"}
{"level":"info","message":"⌛ Validating example.wlk","timeElapsed":153,"timestamp":"2025-04-28T12:57:40.384Z"}
{"level":"info","message":"onRequest - completionItem/resolve","timestamp":"2025-04-28T12:57:40.475Z"}
{"level":"info","message":"⌛ Building environment","timeElapsed":140,"timestamp":"2025-04-28T12:57:40.615Z"}
{"level":"info","message":"onRequest - completionItem/resolve","timestamp":"2025-04-28T12:57:40.618Z"}
{"level":"info","message":"⌛ Building environment","timeElapsed":168,"timestamp":"2025-04-28T12:57:40.787Z"}
{"level":"info","message":"onRequest - completionItem/resolve","timestamp":"2025-04-28T12:57:40.792Z"}
{"level":"info","message":"⌛ Building environment","timeElapsed":157,"timestamp":"2025-04-28T12:57:40.949Z"}
{"level":"info","message":"onRequest - completionItem/resolve","timestamp":"2025-04-28T12:57:40.951Z"}
{"level":"info","message":"⌛ Validating example.wlk","timeElapsed":147,"timestamp":"2025-04-28T12:57:41.098Z"}
{"level":"info","message":"⌛ Validating example.wlk","timeElapsed":235,"timestamp":"2025-04-28T12:57:41.333Z"}
{"level":"info","message":"onRequest - completionItem/resolve","timestamp":"2025-04-28T12:57:41.433Z"}
{"level":"info","message":"⌛ Validating example.wlk","timeElapsed":118,"timestamp":"2025-04-28T12:57:41.550Z"}
{"level":"info","message":"⌛ Validating example.wlk","timeElapsed":116,"timestamp":"2025-04-28T12:57:41.751Z"}
{"level":"info","message":"⌛ Validating example.wlk","timeElapsed":125,"timestamp":"2025-04-28T12:57:42.138Z"}
{"level":"info","message":"⌛ Validating example.wlk","timeElapsed":126,"timestamp":"2025-04-28T12:57:42.270Z"}
{"level":"info","message":"⌛ Validating example.wlk","timeElapsed":133,"timestamp":"2025-04-28T12:57:42.404Z"}
{"level":"info","message":"onRequest - completionItem/resolve","timestamp":"2025-04-28T12:57:42.405Z"}
{"level":"info","message":"⌛ Validating example.wlk","timeElapsed":120,"timestamp":"2025-04-28T12:57:42.525Z"}
{"level":"info","message":"⌛ Validating example.wlk","timeElapsed":120,"timestamp":"2025-04-28T12:57:42.647Z"}
{"level":"info","message":"⌛ Validating example.wlk","timeElapsed":124,"timestamp":"2025-04-28T12:57:42.937Z"}
{"level":"info","message":"⌛ Validating example.wlk","timeElapsed":118,"timestamp":"2025-04-28T12:57:43.055Z"}
{"level":"error","message":"✘ Completions for node Parameter ([17:15, 17:16] - example.wlk) failed: Error: [Parameter]{b27dfc} at example.wlk:17 exhausted all cases without a match [Parameter]{b27dfc} at example.wlk:17 exhausted all cases without a match","stack":"Error: [Parameter]{b27dfc} at example.wlk:17 exhausted all cases without a match\n    at c:\\Users\\Admin\\.vscode\\extensions\\uqbar.wollok-lsp-ide-0.5.0\\out\\server\\src\\server.js:38:6142\n    at Gh (c:\\Users\\Admin\\.vscode\\extensions\\uqbar.wollok-lsp-ide-0.5.0\\out\\server\\src\\server.js:2362:42)\n    at c:\\Users\\Admin\\.vscode\\extensions\\uqbar.wollok-lsp-ide-0.5.0\\out\\server\\src\\server.js:2362:2949\n    at c:\\Users\\Admin\\.vscode\\extensions\\uqbar.wollok-lsp-ide-0.5.0\\out\\server\\src\\server.js:2371:8632\n    at c:\\Users\\Admin\\.vscode\\extensions\\uqbar.wollok-lsp-ide-0.5.0\\out\\server\\src\\server.js:37:74872\n    at Ye (c:\\Users\\Admin\\.vscode\\extensions\\uqbar.wollok-lsp-ide-0.5.0\\out\\server\\src\\server.js:7:8527)\n    at Dt (c:\\Users\\Admin\\.vscode\\extensions\\uqbar.wollok-lsp-ide-0.5.0\\out\\server\\src\\server.js:7:6189)\n    at Zi (c:\\Users\\Admin\\.vscode\\extensions\\uqbar.wollok-lsp-ide-0.5.0\\out\\server\\src\\server.js:7:6378)\n    at Immediate._onImmediate (c:\\Users\\Admin\\.vscode\\extensions\\uqbar.wollok-lsp-ide-0.5.0\\out\\server\\src\\server.js:7:6142)\n    at process.processImmediate (node:internal/timers:483:21)","timestamp":"2025-04-28T12:57:43.514Z"}
{"level":"info","message":"⌛ Validating example.wlk","timeElapsed":133,"timestamp":"2025-04-28T12:57:43.650Z"}
{"level":"info","message":"onRequest - completionItem/resolve","timestamp":"2025-04-28T12:57:43.650Z"}
{"level":"error","message":"✘ Completions for node Parameter ([17:15, 17:17] - example.wlk) failed: Error: [Parameter]{4b0a3d} at example.wlk:17 exhausted all cases without a match [Parameter]{4b0a3d} at example.wlk:17 exhausted all cases without a match","stack":"Error: [Parameter]{4b0a3d} at example.wlk:17 exhausted all cases without a match\n    at c:\\Users\\Admin\\.vscode\\extensions\\uqbar.wollok-lsp-ide-0.5.0\\out\\server\\src\\server.js:38:6142\n    at Gh (c:\\Users\\Admin\\.vscode\\extensions\\uqbar.wollok-lsp-ide-0.5.0\\out\\server\\src\\server.js:2362:42)\n    at c:\\Users\\Admin\\.vscode\\extensions\\uqbar.wollok-lsp-ide-0.5.0\\out\\server\\src\\server.js:2362:2949\n    at c:\\Users\\Admin\\.vscode\\extensions\\uqbar.wollok-lsp-ide-0.5.0\\out\\server\\src\\server.js:2371:8632\n    at c:\\Users\\Admin\\.vscode\\extensions\\uqbar.wollok-lsp-ide-0.5.0\\out\\server\\src\\server.js:37:74872\n    at Ye (c:\\Users\\Admin\\.vscode\\extensions\\uqbar.wollok-lsp-ide-0.5.0\\out\\server\\src\\server.js:7:8527)\n    at Dt (c:\\Users\\Admin\\.vscode\\extensions\\uqbar.wollok-lsp-ide-0.5.0\\out\\server\\src\\server.js:7:6189)\n    at Zi (c:\\Users\\Admin\\.vscode\\extensions\\uqbar.wollok-lsp-ide-0.5.0\\out\\server\\src\\server.js:7:6378)\n    at Immediate._onImmediate (c:\\Users\\Admin\\.vscode\\extensions\\uqbar.wollok-lsp-ide-0.5.0\\out\\server\\src\\server.js:7:6142)\n    at process.processImmediate (node:internal/timers:483:21)","timestamp":"2025-04-28T12:57:43.759Z"}
{"level":"info","message":"⌛ Validating example.wlk","timeElapsed":137,"timestamp":"2025-04-28T12:57:43.898Z"}
{"level":"info","message":"onRequest - completionItem/resolve","timestamp":"2025-04-28T12:57:43.899Z"}
{"level":"info","message":"⌛ Building environment","timeElapsed":156,"timestamp":"2025-04-28T12:57:44.055Z"}
{"level":"error","message":"✘ Completions for node Parameter ([17:15, 17:18] - example.wlk) failed: Error: [Parameter]{3ad451} at example.wlk:17 exhausted all cases without a match [Parameter]{3ad451} at example.wlk:17 exhausted all cases without a match","stack":"Error: [Parameter]{3ad451} at example.wlk:17 exhausted all cases without a match\n    at c:\\Users\\Admin\\.vscode\\extensions\\uqbar.wollok-lsp-ide-0.5.0\\out\\server\\src\\server.js:38:6142\n    at Gh (c:\\Users\\Admin\\.vscode\\extensions\\uqbar.wollok-lsp-ide-0.5.0\\out\\server\\src\\server.js:2362:42)\n    at c:\\Users\\Admin\\.vscode\\extensions\\uqbar.wollok-lsp-ide-0.5.0\\out\\server\\src\\server.js:2362:2949\n    at c:\\Users\\Admin\\.vscode\\extensions\\uqbar.wollok-lsp-ide-0.5.0\\out\\server\\src\\server.js:2371:8632\n    at c:\\Users\\Admin\\.vscode\\extensions\\uqbar.wollok-lsp-ide-0.5.0\\out\\server\\src\\server.js:37:74872\n    at Ye (c:\\Users\\Admin\\.vscode\\extensions\\uqbar.wollok-lsp-ide-0.5.0\\out\\server\\src\\server.js:7:8527)\n    at Dt (c:\\Users\\Admin\\.vscode\\extensions\\uqbar.wollok-lsp-ide-0.5.0\\out\\server\\src\\server.js:7:6189)\n    at Zi (c:\\Users\\Admin\\.vscode\\extensions\\uqbar.wollok-lsp-ide-0.5.0\\out\\server\\src\\server.js:7:6378)\n    at Immediate._onImmediate (c:\\Users\\Admin\\.vscode\\extensions\\uqbar.wollok-lsp-ide-0.5.0\\out\\server\\src\\server.js:7:6142)\n    at process.processImmediate (node:internal/timers:483:21)","timestamp":"2025-04-28T12:57:44.087Z"}
{"level":"info","message":"⌛ Validating example.wlk","timeElapsed":123,"timestamp":"2025-04-28T12:57:44.212Z"}
{"level":"info","message":"⌛ Building environment","timeElapsed":240,"timestamp":"2025-04-28T12:57:44.547Z"}
{"level":"error","message":"✘ Completions for node Parameter ([17:15, 17:20] - example.wlk) failed: Error: [Parameter]{530521} at example.wlk:17 exhausted all cases without a match [Parameter]{530521} at example.wlk:17 exhausted all cases without a match","stack":"Error: [Parameter]{530521} at example.wlk:17 exhausted all cases without a match\n    at c:\\Users\\Admin\\.vscode\\extensions\\uqbar.wollok-lsp-ide-0.5.0\\out\\server\\src\\server.js:38:6142\n    at Gh (c:\\Users\\Admin\\.vscode\\extensions\\uqbar.wollok-lsp-ide-0.5.0\\out\\server\\src\\server.js:2362:42)\n    at c:\\Users\\Admin\\.vscode\\extensions\\uqbar.wollok-lsp-ide-0.5.0\\out\\server\\src\\server.js:2362:2949\n    at c:\\Users\\Admin\\.vscode\\extensions\\uqbar.wollok-lsp-ide-0.5.0\\out\\server\\src\\server.js:2371:8632\n    at c:\\Users\\Admin\\.vscode\\extensions\\uqbar.wollok-lsp-ide-0.5.0\\out\\server\\src\\server.js:37:74872\n    at Ye (c:\\Users\\Admin\\.vscode\\extensions\\uqbar.wollok-lsp-ide-0.5.0\\out\\server\\src\\server.js:7:8527)\n    at Dt (c:\\Users\\Admin\\.vscode\\extensions\\uqbar.wollok-lsp-ide-0.5.0\\out\\server\\src\\server.js:7:6189)\n    at Zi (c:\\Users\\Admin\\.vscode\\extensions\\uqbar.wollok-lsp-ide-0.5.0\\out\\server\\src\\server.js:7:6378)\n    at Immediate._onImmediate (c:\\Users\\Admin\\.vscode\\extensions\\uqbar.wollok-lsp-ide-0.5.0\\out\\server\\src\\server.js:7:6142)\n    at process.processImmediate (node:internal/timers:483:21)","timestamp":"2025-04-28T12:57:44.569Z"}
{"level":"info","message":"⌛ Validating example.wlk","timeElapsed":117,"timestamp":"2025-04-28T12:57:44.689Z"}
{"level":"info","message":"⌛ Validating example.wlk","timeElapsed":125,"timestamp":"2025-04-28T12:57:44.894Z"}
{"level":"info","message":"⌛ Validating example.wlk","timeElapsed":123,"timestamp":"2025-04-28T12:57:45.021Z"}
{"level":"info","message":"⌛ Building environment","timeElapsed":155,"timestamp":"2025-04-28T12:57:47.732Z"}
{"level":"info","message":"⌛ Validating example.wlk","timeElapsed":153,"timestamp":"2025-04-28T12:57:47.886Z"}
{"level":"info","message":"⌛ Building environment","timeElapsed":139,"timestamp":"2025-04-28T12:57:48.124Z"}
{"level":"info","message":"⌛ Validating example.wlk","timeElapsed":162,"timestamp":"2025-04-28T12:57:48.288Z"}
{"level":"info","message":"⌛ Validating example.wlk","timeElapsed":142,"timestamp":"2025-04-28T12:57:48.431Z"}
{"level":"info","message":"⌛ Building environment","timeElapsed":157,"timestamp":"2025-04-28T12:57:48.913Z"}
{"level":"info","message":"⌛ Validating example.wlk","timeElapsed":120,"timestamp":"2025-04-28T12:57:49.035Z"}
{"level":"info","message":"⌛ Validating example.wlk","timeElapsed":119,"timestamp":"2025-04-28T12:57:49.153Z"}
{"level":"info","message":"⌛ Validating example.wlk","timeElapsed":118,"timestamp":"2025-04-28T12:57:49.272Z"}
{"level":"info","message":"⌛ Validating example.wlk","timeElapsed":114,"timestamp":"2025-04-28T12:57:49.394Z"}
{"level":"info","message":"⌛ Validating example.wlk","timeElapsed":119,"timestamp":"2025-04-28T12:57:49.513Z"}
{"level":"info","message":"⌛ Validating example.wlk","timeElapsed":123,"timestamp":"2025-04-28T12:57:51.035Z"}
{"level":"info","message":"⌛ Validating example.wlk","timeElapsed":137,"timestamp":"2025-04-28T12:57:51.257Z"}
{"level":"info","message":"⌛ Validating example.wlk","timeElapsed":127,"timestamp":"2025-04-28T12:57:51.461Z"}
{"level":"info","message":"⌛ Validating example.wlk","timeElapsed":124,"timestamp":"2025-04-28T12:57:51.749Z"}
{"level":"info","message":"⌛ Validating example.wlk","timeElapsed":128,"timestamp":"2025-04-28T12:57:51.877Z"}
{"level":"info","message":"⌛ Building environment","timeElapsed":112,"timestamp":"2025-04-28T12:57:52.070Z"}
{"level":"info","message":"⌛ Validating example.wlk","timeElapsed":131,"timestamp":"2025-04-28T12:57:52.203Z"}
{"level":"info","message":"⌛ Validating example.wlk","timeElapsed":129,"timestamp":"2025-04-28T12:57:52.332Z"}
{"level":"info","message":"⌛ Building environment","timeElapsed":259,"timestamp":"2025-04-28T12:57:52.675Z"}
{"level":"info","message":"⌛ Validating example.wlk","timeElapsed":158,"timestamp":"2025-04-28T12:57:52.835Z"}
{"level":"info","message":"⌛ Building environment","timeElapsed":101,"timestamp":"2025-04-28T12:57:52.936Z"}
{"level":"info","message":"⌛ Validating example.wlk","timeElapsed":125,"timestamp":"2025-04-28T12:57:53.142Z"}
{"level":"info","message":"⌛ Validating example.wlk","timeElapsed":115,"timestamp":"2025-04-28T12:57:53.262Z"}
{"level":"info","message":"⌛ Validating example.wlk","timeElapsed":115,"timestamp":"2025-04-28T12:57:53.378Z"}
{"level":"info","message":"⌛ Validating example.wlk","timeElapsed":114,"timestamp":"2025-04-28T12:57:54.006Z"}
{"level":"info","message":"⌛ Validating example.wlk","timeElapsed":112,"timestamp":"2025-04-28T12:57:54.349Z"}
{"level":"info","message":"⌛ Building environment","timeElapsed":102,"timestamp":"2025-04-28T12:57:56.584Z"}
{"level":"info","message":"⌛ Validating example.wlk","timeElapsed":140,"timestamp":"2025-04-28T12:57:56.727Z"}
{"level":"info","message":"⌛ Validating example.wlk","timeElapsed":166,"timestamp":"2025-04-28T12:57:57.116Z"}
{"level":"info","message":"⌛ Building environment","timeElapsed":141,"timestamp":"2025-04-28T12:57:58.591Z"}
{"level":"info","message":"⌛ Validating example.wlk","timeElapsed":255,"timestamp":"2025-04-28T12:57:58.847Z"}
{"level":"info","message":"onRequest - completionItem/resolve","timestamp":"2025-04-28T12:57:58.847Z"}
{"level":"info","message":"onRequest - completionItem/resolve","timestamp":"2025-04-28T12:57:58.948Z"}
{"level":"info","message":"⌛ Building environment","timeElapsed":106,"timestamp":"2025-04-28T12:57:59.055Z"}
{"level":"info","message":"⌛ Validating example.wlk","timeElapsed":123,"timestamp":"2025-04-28T12:57:59.179Z"}
{"level":"info","message":"⌛ Validating example.wlk","timeElapsed":124,"timestamp":"2025-04-28T12:57:59.507Z"}
{"level":"info","message":"⌛ Validating example.wlk","timeElapsed":133,"timestamp":"2025-04-28T12:57:59.725Z"}
{"level":"info","message":"⌛ Validating example.wlk","timeElapsed":137,"timestamp":"2025-04-28T12:57:59.866Z"}
{"level":"error","message":"✘ Completions for node Return ([18:5, 18:13] - example.wlk) failed: Error: [Return]{ff69a6} at example.wlk:18 exhausted all cases without a match [Return]{ff69a6} at example.wlk:18 exhausted all cases without a match","stack":"Error: [Return]{ff69a6} at example.wlk:18 exhausted all cases without a match\n    at c:\\Users\\Admin\\.vscode\\extensions\\uqbar.wollok-lsp-ide-0.5.0\\out\\server\\src\\server.js:38:6142\n    at Gh (c:\\Users\\Admin\\.vscode\\extensions\\uqbar.wollok-lsp-ide-0.5.0\\out\\server\\src\\server.js:2362:42)\n    at Kh (c:\\Users\\Admin\\.vscode\\extensions\\uqbar.wollok-lsp-ide-0.5.0\\out\\server\\src\\server.js:2362:1053)\n    at d8n (c:\\Users\\Admin\\.vscode\\extensions\\uqbar.wollok-lsp-ide-0.5.0\\out\\server\\src\\server.js:2362:1209)\n    at c:\\Users\\Admin\\.vscode\\extensions\\uqbar.wollok-lsp-ide-0.5.0\\out\\server\\src\\server.js:38:6131\n    at Gh (c:\\Users\\Admin\\.vscode\\extensions\\uqbar.wollok-lsp-ide-0.5.0\\out\\server\\src\\server.js:2362:42)\n    at c:\\Users\\Admin\\.vscode\\extensions\\uqbar.wollok-lsp-ide-0.5.0\\out\\server\\src\\server.js:2362:2949\n    at c:\\Users\\Admin\\.vscode\\extensions\\uqbar.wollok-lsp-ide-0.5.0\\out\\server\\src\\server.js:2371:8632\n    at c:\\Users\\Admin\\.vscode\\extensions\\uqbar.wollok-lsp-ide-0.5.0\\out\\server\\src\\server.js:37:74872\n    at Ye (c:\\Users\\Admin\\.vscode\\extensions\\uqbar.wollok-lsp-ide-0.5.0\\out\\server\\src\\server.js:7:8527)","timestamp":"2025-04-28T12:57:59.985Z"}
{"level":"info","message":"⌛ Validating example.wlk","timeElapsed":124,"timestamp":"2025-04-28T12:58:00.112Z"}
{"level":"info","message":"⌛ Validating example.wlk","timeElapsed":123,"timestamp":"2025-04-28T12:58:00.317Z"}
{"level":"info","message":"⌛ Validating example.wlk","timeElapsed":116,"timestamp":"2025-04-28T12:58:00.592Z"}
{"level":"info","message":"⌛ Validating example.wlk","timeElapsed":118,"timestamp":"2025-04-28T12:58:00.788Z"}
{"level":"info","message":"⌛ Validating example.wlk","timeElapsed":120,"timestamp":"2025-04-28T12:58:00.915Z"}
{"level":"info","message":"⌛ Validating example.wlk","timeElapsed":121,"timestamp":"2025-04-28T12:58:01.036Z"}
{"level":"info","message":"⌛ Validating example.wlk","timeElapsed":123,"timestamp":"2025-04-28T12:58:01.160Z"}
{"level":"info","message":"⌛ Building environment","timeElapsed":142,"timestamp":"2025-04-28T12:58:02.583Z"}
{"level":"info","message":"⌛ Validating example.wlk","timeElapsed":141,"timestamp":"2025-04-28T12:58:02.726Z"}
{"level":"info","message":"⌛ Validating example.wlk","timeElapsed":156,"timestamp":"2025-04-28T12:58:04.105Z"}
{"level":"info","message":"⌛ Validating example.wlk","timeElapsed":120,"timestamp":"2025-04-28T12:58:04.633Z"}
{"level":"info","message":"⌛ Validating example.wlk","timeElapsed":118,"timestamp":"2025-04-28T12:58:04.985Z"}
{"level":"info","message":"⌛ Building environment","timeElapsed":111,"timestamp":"2025-04-28T12:58:11.836Z"}
{"level":"info","message":"⌛ Validating example.wlk","timeElapsed":126,"timestamp":"2025-04-28T12:58:11.962Z"}
{"level":"info","message":"⌛ Validating example.wlk","timeElapsed":162,"timestamp":"2025-04-28T12:58:12.250Z"}
{"level":"info","message":"⌛ Validating example.wlk","timeElapsed":128,"timestamp":"2025-04-28T12:58:12.463Z"}
{"level":"info","message":"⌛ Validating example.wlk","timeElapsed":122,"timestamp":"2025-04-28T12:58:12.668Z"}
{"level":"info","message":"⌛ Validating example.wlk","timeElapsed":124,"timestamp":"2025-04-28T12:58:12.870Z"}
{"level":"info","message":"⌛ Validating example.wlk","timeElapsed":119,"timestamp":"2025-04-28T12:58:13.161Z"}
{"level":"info","message":"⌛ Validating example.wlk","timeElapsed":120,"timestamp":"2025-04-28T12:58:13.281Z"}
{"level":"info","message":"⌛ Building environment","timeElapsed":120,"timestamp":"2025-04-28T12:58:13.402Z"}
{"level":"info","message":"⌛ Building environment","timeElapsed":127,"timestamp":"2025-04-28T12:58:13.531Z"}
{"level":"info","message":"⌛ Validating example.wlk","timeElapsed":119,"timestamp":"2025-04-28T12:58:13.649Z"}
{"level":"info","message":"⌛ Validating example.wlk","timeElapsed":126,"timestamp":"2025-04-28T12:58:13.860Z"}
{"level":"info","message":"⌛ Validating example.wlk","timeElapsed":124,"timestamp":"2025-04-28T12:58:14.070Z"}
{"level":"info","message":"⌛ Validating example.wlk","timeElapsed":119,"timestamp":"2025-04-28T12:58:14.273Z"}
{"level":"info","message":"⌛ Validating example.wlk","timeElapsed":110,"timestamp":"2025-04-28T12:58:14.534Z"}
{"level":"info","message":"⌛ Validating example.wlk","timeElapsed":112,"timestamp":"2025-04-28T12:58:14.646Z"}
{"level":"info","message":"⌛ Validating example.wlk","timeElapsed":123,"timestamp":"2025-04-28T12:58:14.778Z"}
{"level":"info","message":"⌛ Validating example.wlk","timeElapsed":127,"timestamp":"2025-04-28T12:58:15.110Z"}
{"level":"info","message":"onRequest - completionItem/resolve","timestamp":"2025-04-28T12:58:15.111Z"}
{"level":"info","message":"⌛ Building environment","timeElapsed":136,"timestamp":"2025-04-28T12:58:15.247Z"}
{"level":"info","message":"onRequest - completionItem/resolve","timestamp":"2025-04-28T12:58:15.249Z"}
{"level":"info","message":"⌛ Validating example.wlk","timeElapsed":146,"timestamp":"2025-04-28T12:58:15.396Z"}
{"level":"info","message":"onRequest - completionItem/resolve","timestamp":"2025-04-28T12:58:15.477Z"}
{"level":"info","message":"⌛ Validating example.wlk","timeElapsed":116,"timestamp":"2025-04-28T12:58:15.593Z"}
{"level":"info","message":"⌛ Validating example.wlk","timeElapsed":111,"timestamp":"2025-04-28T12:58:15.790Z"}
{"level":"info","message":"⌛ Validating example.wlk","timeElapsed":118,"timestamp":"2025-04-28T12:58:15.915Z"}
{"level":"info","message":"⌛ Validating example.wlk","timeElapsed":107,"timestamp":"2025-04-28T12:58:16.379Z"}
{"level":"info","message":"⌛ Building environment","timeElapsed":112,"timestamp":"2025-04-28T12:58:16.968Z"}
{"level":"info","message":"⌛ Validating example.wlk","timeElapsed":112,"timestamp":"2025-04-28T12:58:17.081Z"}
{"level":"info","message":"⌛ Validating example.wlk","timeElapsed":108,"timestamp":"2025-04-28T12:58:17.535Z"}
{"level":"info","message":"⌛ Validating example.wlk","timeElapsed":111,"timestamp":"2025-04-28T12:58:17.756Z"}
{"level":"info","message":"⌛ Building environment","timeElapsed":120,"timestamp":"2025-04-28T12:58:21.054Z"}
{"level":"info","message":"⌛ Validating example.wlk","timeElapsed":151,"timestamp":"2025-04-28T12:58:21.209Z"}
{"level":"info","message":"⌛ Validating example.wlk","timeElapsed":156,"timestamp":"2025-04-28T12:58:21.457Z"}
{"level":"info","message":"⌛ Validating example.wlk","timeElapsed":119,"timestamp":"2025-04-28T12:58:23.901Z"}
{"level":"info","message":"⌛ Building environment","timeElapsed":106,"timestamp":"2025-04-28T12:58:24.197Z"}
{"level":"info","message":"⌛ Validating example.wlk","timeElapsed":138,"timestamp":"2025-04-28T12:58:24.336Z"}
{"level":"info","message":"⌛ Building environment","timeElapsed":105,"timestamp":"2025-04-28T12:58:27.445Z"}
{"level":"info","message":"⌛ Validating example.wlk","timeElapsed":153,"timestamp":"2025-04-28T12:58:27.601Z"}
{"level":"info","message":"⌛ Building environment","timeElapsed":101,"timestamp":"2025-04-28T12:58:32.009Z"}
{"level":"info","message":"⌛ Validating example.wlk","timeElapsed":119,"timestamp":"2025-04-28T12:58:32.129Z"}
{"level":"info","message":"⌛ Building environment","timeElapsed":119,"timestamp":"2025-04-28T12:58:43.408Z"}
{"level":"info","message":"⌛ Building environment","timeElapsed":109,"timestamp":"2025-04-28T12:58:43.518Z"}
{"level":"info","message":"⌛ Validating example.wlk","timeElapsed":152,"timestamp":"2025-04-28T12:58:43.737Z"}
{"level":"info","message":"⌛ Building environment","timeElapsed":104,"timestamp":"2025-04-28T12:58:43.842Z"}
{"level":"info","message":"⌛ Validating example.wlk","timeElapsed":144,"timestamp":"2025-04-28T12:58:43.987Z"}
{"level":"info","message":"onRequest - completionItem/resolve","timestamp":"2025-04-28T12:58:43.987Z"}
{"level":"info","message":"onRequest - completionItem/resolve","timestamp":"2025-04-28T12:58:44.069Z"}
{"level":"info","message":"⌛ Validating example.wlk","timeElapsed":205,"timestamp":"2025-04-28T12:58:44.275Z"}
{"level":"info","message":"⌛ Validating example.wlk","timeElapsed":132,"timestamp":"2025-04-28T12:58:44.417Z"}
{"level":"info","message":"onRequest - completionItem/resolve","timestamp":"2025-04-28T12:58:44.504Z"}
{"level":"info","message":"⌛ Validating example.wlk","timeElapsed":127,"timestamp":"2025-04-28T12:58:44.632Z"}
{"level":"info","message":"⌛ Validating example.wlk","timeElapsed":123,"timestamp":"2025-04-28T12:58:45.710Z"}
{"level":"error","message":"✘ Completions for node Field ([20:3, 20:9] - example.wlk) failed: Error: example.roberto.ca [Field]{f26557} at example.wlk:20 exhausted all cases without a match example.roberto.ca [Field]{f26557} at example.wlk:20 exhausted all cases without a match","stack":"Error: example.roberto.ca [Field]{f26557} at example.wlk:20 exhausted all cases without a match\n    at c:\\Users\\Admin\\.vscode\\extensions\\uqbar.wollok-lsp-ide-0.5.0\\out\\server\\src\\server.js:38:6142\n    at Gh (c:\\Users\\Admin\\.vscode\\extensions\\uqbar.wollok-lsp-ide-0.5.0\\out\\server\\src\\server.js:2362:42)\n    at c:\\Users\\Admin\\.vscode\\extensions\\uqbar.wollok-lsp-ide-0.5.0\\out\\server\\src\\server.js:2362:2949\n    at c:\\Users\\Admin\\.vscode\\extensions\\uqbar.wollok-lsp-ide-0.5.0\\out\\server\\src\\server.js:2371:8632\n    at c:\\Users\\Admin\\.vscode\\extensions\\uqbar.wollok-lsp-ide-0.5.0\\out\\server\\src\\server.js:37:74872\n    at Ye (c:\\Users\\Admin\\.vscode\\extensions\\uqbar.wollok-lsp-ide-0.5.0\\out\\server\\src\\server.js:7:8527)\n    at Dt (c:\\Users\\Admin\\.vscode\\extensions\\uqbar.wollok-lsp-ide-0.5.0\\out\\server\\src\\server.js:7:6189)\n    at Zi (c:\\Users\\Admin\\.vscode\\extensions\\uqbar.wollok-lsp-ide-0.5.0\\out\\server\\src\\server.js:7:6378)\n    at Immediate._onImmediate (c:\\Users\\Admin\\.vscode\\extensions\\uqbar.wollok-lsp-ide-0.5.0\\out\\server\\src\\server.js:7:6142)\n    at process.processImmediate (node:internal/timers:483:21)","timestamp":"2025-04-28T12:58:45.818Z"}
{"level":"info","message":"⌛ Validating example.wlk","timeElapsed":140,"timestamp":"2025-04-28T12:58:45.959Z"}
{"level":"info","message":"onRequest - completionItem/resolve","timestamp":"2025-04-28T12:58:46.049Z"}
{"level":"info","message":"onRequest - completionItem/resolve","timestamp":"2025-04-28T12:58:46.136Z"}
{"level":"info","message":"⌛ Building environment","timeElapsed":114,"timestamp":"2025-04-28T12:58:46.251Z"}
{"level":"info","message":"onRequest - completionItem/resolve","timestamp":"2025-04-28T12:58:46.253Z"}
{"level":"info","message":"⌛ Validating example.wlk","timeElapsed":130,"timestamp":"2025-04-28T12:58:46.383Z"}
{"level":"info","message":"⌛ Validating example.wlk","timeElapsed":138,"timestamp":"2025-04-28T12:58:46.522Z"}
{"level":"error","message":"✘ Completions for node Field ([20:3, 20:13] - example.wlk) failed: Error: example.roberto.cantid [Field]{53cb08} at example.wlk:20 exhausted all cases without a match example.roberto.cantid [Field]{53cb08} at example.wlk:20 exhausted all cases without a match","stack":"Error: example.roberto.cantid [Field]{53cb08} at example.wlk:20 exhausted all cases without a match\n    at c:\\Users\\Admin\\.vscode\\extensions\\uqbar.wollok-lsp-ide-0.5.0\\out\\server\\src\\server.js:38:6142\n    at Gh (c:\\Users\\Admin\\.vscode\\extensions\\uqbar.wollok-lsp-ide-0.5.0\\out\\server\\src\\server.js:2362:42)\n    at c:\\Users\\Admin\\.vscode\\extensions\\uqbar.wollok-lsp-ide-0.5.0\\out\\server\\src\\server.js:2362:2949\n    at c:\\Users\\Admin\\.vscode\\extensions\\uqbar.wollok-lsp-ide-0.5.0\\out\\server\\src\\server.js:2371:8632\n    at c:\\Users\\Admin\\.vscode\\extensions\\uqbar.wollok-lsp-ide-0.5.0\\out\\server\\src\\server.js:37:74872\n    at Ye (c:\\Users\\Admin\\.vscode\\extensions\\uqbar.wollok-lsp-ide-0.5.0\\out\\server\\src\\server.js:7:8527)\n    at Dt (c:\\Users\\Admin\\.vscode\\extensions\\uqbar.wollok-lsp-ide-0.5.0\\out\\server\\src\\server.js:7:6189)\n    at Zi (c:\\Users\\Admin\\.vscode\\extensions\\uqbar.wollok-lsp-ide-0.5.0\\out\\server\\src\\server.js:7:6378)\n    at Immediate._onImmediate (c:\\Users\\Admin\\.vscode\\extensions\\uqbar.wollok-lsp-ide-0.5.0\\out\\server\\src\\server.js:7:6142)\n    at process.processImmediate (node:internal/timers:483:21)","timestamp":"2025-04-28T12:58:46.645Z"}
{"level":"info","message":"⌛ Validating example.wlk","timeElapsed":120,"timestamp":"2025-04-28T12:58:46.855Z"}
{"level":"info","message":"⌛ Building environment","timeElapsed":166,"timestamp":"2025-04-28T12:58:47.021Z"}
{"level":"info","message":"⌛ Validating example.wlk","timeElapsed":126,"timestamp":"2025-04-28T12:58:47.295Z"}
{"level":"info","message":"⌛ Validating example.wlk","timeElapsed":121,"timestamp":"2025-04-28T12:58:47.572Z"}
{"level":"info","message":"⌛ Validating example.wlk","timeElapsed":133,"timestamp":"2025-04-28T12:58:47.710Z"}
{"level":"info","message":"⌛ Validating example.wlk","timeElapsed":127,"timestamp":"2025-04-28T12:58:47.838Z"}
{"level":"info","message":"⌛ Validating example.wlk","timeElapsed":190,"timestamp":"2025-04-28T12:58:48.030Z"}
{"level":"info","message":"⌛ Validating example.wlk","timeElapsed":129,"timestamp":"2025-04-28T12:58:48.158Z"}
{"level":"info","message":"⌛ Building environment","timeElapsed":103,"timestamp":"2025-04-28T12:58:48.262Z"}
{"level":"info","message":"⌛ Validating example.wlk","timeElapsed":125,"timestamp":"2025-04-28T12:58:48.387Z"}
{"level":"info","message":"⌛ Validating example.wlk","timeElapsed":117,"timestamp":"2025-04-28T12:58:48.840Z"}
{"level":"info","message":"⌛ Validating example.wlk","timeElapsed":117,"timestamp":"2025-04-28T12:58:48.960Z"}
{"level":"info","message":"⌛ Validating example.wlk","timeElapsed":116,"timestamp":"2025-04-28T12:58:49.076Z"}
{"level":"info","message":"⌛ Validating example.wlk","timeElapsed":120,"timestamp":"2025-04-28T12:58:49.197Z"}
{"level":"info","message":"⌛ Validating example.wlk","timeElapsed":124,"timestamp":"2025-04-28T12:58:49.323Z"}
{"level":"error","message":"✘ Completions for node Field ([20:3, 20:15] - example.wlk) failed: Error: example.roberto.cantidad [Field]{895e8f} at example.wlk:20 exhausted all cases without a match example.roberto.cantidad [Field]{895e8f} at example.wlk:20 exhausted all cases without a match","stack":"Error: example.roberto.cantidad [Field]{895e8f} at example.wlk:20 exhausted all cases without a match\n    at c:\\Users\\Admin\\.vscode\\extensions\\uqbar.wollok-lsp-ide-0.5.0\\out\\server\\src\\server.js:38:6142\n    at Gh (c:\\Users\\Admin\\.vscode\\extensions\\uqbar.wollok-lsp-ide-0.5.0\\out\\server\\src\\server.js:2362:42)\n    at c:\\Users\\Admin\\.vscode\\extensions\\uqbar.wollok-lsp-ide-0.5.0\\out\\server\\src\\server.js:2362:2949\n    at c:\\Users\\Admin\\.vscode\\extensions\\uqbar.wollok-lsp-ide-0.5.0\\out\\server\\src\\server.js:2371:8632\n    at c:\\Users\\Admin\\.vscode\\extensions\\uqbar.wollok-lsp-ide-0.5.0\\out\\server\\src\\server.js:37:74872\n    at Ye (c:\\Users\\Admin\\.vscode\\extensions\\uqbar.wollok-lsp-ide-0.5.0\\out\\server\\src\\server.js:7:8527)\n    at Dt (c:\\Users\\Admin\\.vscode\\extensions\\uqbar.wollok-lsp-ide-0.5.0\\out\\server\\src\\server.js:7:6189)\n    at Zi (c:\\Users\\Admin\\.vscode\\extensions\\uqbar.wollok-lsp-ide-0.5.0\\out\\server\\src\\server.js:7:6378)\n    at Immediate._onImmediate (c:\\Users\\Admin\\.vscode\\extensions\\uqbar.wollok-lsp-ide-0.5.0\\out\\server\\src\\server.js:7:6142)\n    at process.processImmediate (node:internal/timers:483:21)","timestamp":"2025-04-28T12:58:49.603Z"}
{"level":"info","message":"⌛ Validating example.wlk","timeElapsed":113,"timestamp":"2025-04-28T12:58:49.718Z"}
{"level":"error","message":"✘ Completions for node Field ([20:3, 20:16] - example.wlk) failed: Error: example.roberto.cantidadD [Field]{bd35a1} at example.wlk:20 exhausted all cases without a match example.roberto.cantidadD [Field]{bd35a1} at example.wlk:20 exhausted all cases without a match","stack":"Error: example.roberto.cantidadD [Field]{bd35a1} at example.wlk:20 exhausted all cases without a match\n    at c:\\Users\\Admin\\.vscode\\extensions\\uqbar.wollok-lsp-ide-0.5.0\\out\\server\\src\\server.js:38:6142\n    at Gh (c:\\Users\\Admin\\.vscode\\extensions\\uqbar.wollok-lsp-ide-0.5.0\\out\\server\\src\\server.js:2362:42)\n    at c:\\Users\\Admin\\.vscode\\extensions\\uqbar.wollok-lsp-ide-0.5.0\\out\\server\\src\\server.js:2362:2949\n    at c:\\Users\\Admin\\.vscode\\extensions\\uqbar.wollok-lsp-ide-0.5.0\\out\\server\\src\\server.js:2371:8632\n    at c:\\Users\\Admin\\.vscode\\extensions\\uqbar.wollok-lsp-ide-0.5.0\\out\\server\\src\\server.js:37:74872\n    at Ye (c:\\Users\\Admin\\.vscode\\extensions\\uqbar.wollok-lsp-ide-0.5.0\\out\\server\\src\\server.js:7:8527)\n    at Dt (c:\\Users\\Admin\\.vscode\\extensions\\uqbar.wollok-lsp-ide-0.5.0\\out\\server\\src\\server.js:7:6189)\n    at Zi (c:\\Users\\Admin\\.vscode\\extensions\\uqbar.wollok-lsp-ide-0.5.0\\out\\server\\src\\server.js:7:6378)\n    at Immediate._onImmediate (c:\\Users\\Admin\\.vscode\\extensions\\uqbar.wollok-lsp-ide-0.5.0\\out\\server\\src\\server.js:7:6142)\n    at process.processImmediate (node:internal/timers:483:21)","timestamp":"2025-04-28T12:58:50.242Z"}
{"level":"info","message":"⌛ Validating example.wlk","timeElapsed":119,"timestamp":"2025-04-28T12:58:50.362Z"}
{"level":"error","message":"✘ Completions for node Field ([20:3, 20:17] - example.wlk) failed: Error: example.roberto.cantidadDe [Field]{dd6a5f} at example.wlk:20 exhausted all cases without a match example.roberto.cantidadDe [Field]{dd6a5f} at example.wlk:20 exhausted all cases without a match","stack":"Error: example.roberto.cantidadDe [Field]{dd6a5f} at example.wlk:20 exhausted all cases without a match\n    at c:\\Users\\Admin\\.vscode\\extensions\\uqbar.wollok-lsp-ide-0.5.0\\out\\server\\src\\server.js:38:6142\n    at Gh (c:\\Users\\Admin\\.vscode\\extensions\\uqbar.wollok-lsp-ide-0.5.0\\out\\server\\src\\server.js:2362:42)\n    at c:\\Users\\Admin\\.vscode\\extensions\\uqbar.wollok-lsp-ide-0.5.0\\out\\server\\src\\server.js:2362:2949\n    at c:\\Users\\Admin\\.vscode\\extensions\\uqbar.wollok-lsp-ide-0.5.0\\out\\server\\src\\server.js:2371:8632\n    at c:\\Users\\Admin\\.vscode\\extensions\\uqbar.wollok-lsp-ide-0.5.0\\out\\server\\src\\server.js:37:74872\n    at Ye (c:\\Users\\Admin\\.vscode\\extensions\\uqbar.wollok-lsp-ide-0.5.0\\out\\server\\src\\server.js:7:8527)\n    at Dt (c:\\Users\\Admin\\.vscode\\extensions\\uqbar.wollok-lsp-ide-0.5.0\\out\\server\\src\\server.js:7:6189)\n    at Zi (c:\\Users\\Admin\\.vscode\\extensions\\uqbar.wollok-lsp-ide-0.5.0\\out\\server\\src\\server.js:7:6378)\n    at Immediate._onImmediate (c:\\Users\\Admin\\.vscode\\extensions\\uqbar.wollok-lsp-ide-0.5.0\\out\\server\\src\\server.js:7:6142)\n    at process.processImmediate (node:internal/timers:483:21)","timestamp":"2025-04-28T12:58:50.571Z"}
{"level":"info","message":"⌛ Validating example.wlk","timeElapsed":121,"timestamp":"2025-04-28T12:58:50.694Z"}
{"level":"error","message":"✘ Completions for node Field ([20:3, 20:18] - example.wlk) failed: Error: example.roberto.cantidadDeA [Field]{65a15f} at example.wlk:20 exhausted all cases without a match example.roberto.cantidadDeA [Field]{65a15f} at example.wlk:20 exhausted all cases without a match","stack":"Error: example.roberto.cantidadDeA [Field]{65a15f} at example.wlk:20 exhausted all cases without a match\n    at c:\\Users\\Admin\\.vscode\\extensions\\uqbar.wollok-lsp-ide-0.5.0\\out\\server\\src\\server.js:38:6142\n    at Gh (c:\\Users\\Admin\\.vscode\\extensions\\uqbar.wollok-lsp-ide-0.5.0\\out\\server\\src\\server.js:2362:42)\n    at c:\\Users\\Admin\\.vscode\\extensions\\uqbar.wollok-lsp-ide-0.5.0\\out\\server\\src\\server.js:2362:2949\n    at c:\\Users\\Admin\\.vscode\\extensions\\uqbar.wollok-lsp-ide-0.5.0\\out\\server\\src\\server.js:2371:8632\n    at c:\\Users\\Admin\\.vscode\\extensions\\uqbar.wollok-lsp-ide-0.5.0\\out\\server\\src\\server.js:37:74872\n    at Ye (c:\\Users\\Admin\\.vscode\\extensions\\uqbar.wollok-lsp-ide-0.5.0\\out\\server\\src\\server.js:7:8527)\n    at Dt (c:\\Users\\Admin\\.vscode\\extensions\\uqbar.wollok-lsp-ide-0.5.0\\out\\server\\src\\server.js:7:6189)\n    at Zi (c:\\Users\\Admin\\.vscode\\extensions\\uqbar.wollok-lsp-ide-0.5.0\\out\\server\\src\\server.js:7:6378)\n    at Immediate._onImmediate (c:\\Users\\Admin\\.vscode\\extensions\\uqbar.wollok-lsp-ide-0.5.0\\out\\server\\src\\server.js:7:6142)\n    at process.processImmediate (node:internal/timers:483:21)","timestamp":"2025-04-28T12:58:50.882Z"}
{"level":"info","message":"⌛ Validating example.wlk","timeElapsed":114,"timestamp":"2025-04-28T12:58:50.997Z"}
{"level":"info","message":"⌛ Building environment","timeElapsed":109,"timestamp":"2025-04-28T12:58:51.145Z"}
{"level":"error","message":"✘ Completions for node Field ([20:3, 20:19] - example.wlk) failed: Error: example.roberto.cantidadDeAc [Field]{9687ee} at example.wlk:20 exhausted all cases without a match example.roberto.cantidadDeAc [Field]{9687ee} at example.wlk:20 exhausted all cases without a match","stack":"Error: example.roberto.cantidadDeAc [Field]{9687ee} at example.wlk:20 exhausted all cases without a match\n    at c:\\Users\\Admin\\.vscode\\extensions\\uqbar.wollok-lsp-ide-0.5.0\\out\\server\\src\\server.js:38:6142\n    at Gh (c:\\Users\\Admin\\.vscode\\extensions\\uqbar.wollok-lsp-ide-0.5.0\\out\\server\\src\\server.js:2362:42)\n    at c:\\Users\\Admin\\.vscode\\extensions\\uqbar.wollok-lsp-ide-0.5.0\\out\\server\\src\\server.js:2362:2949\n    at c:\\Users\\Admin\\.vscode\\extensions\\uqbar.wollok-lsp-ide-0.5.0\\out\\server\\src\\server.js:2371:8632\n    at c:\\Users\\Admin\\.vscode\\extensions\\uqbar.wollok-lsp-ide-0.5.0\\out\\server\\src\\server.js:37:74872\n    at Ye (c:\\Users\\Admin\\.vscode\\extensions\\uqbar.wollok-lsp-ide-0.5.0\\out\\server\\src\\server.js:7:8527)\n    at Dt (c:\\Users\\Admin\\.vscode\\extensions\\uqbar.wollok-lsp-ide-0.5.0\\out\\server\\src\\server.js:7:6189)\n    at Zi (c:\\Users\\Admin\\.vscode\\extensions\\uqbar.wollok-lsp-ide-0.5.0\\out\\server\\src\\server.js:7:6378)\n    at Immediate._onImmediate (c:\\Users\\Admin\\.vscode\\extensions\\uqbar.wollok-lsp-ide-0.5.0\\out\\server\\src\\server.js:7:6142)\n    at process.processImmediate (node:internal/timers:483:21)","timestamp":"2025-04-28T12:58:51.170Z"}
{"level":"info","message":"⌛ Validating example.wlk","timeElapsed":123,"timestamp":"2025-04-28T12:58:51.293Z"}
{"level":"info","message":"⌛ Validating example.wlk","timeElapsed":114,"timestamp":"2025-04-28T12:58:51.492Z"}
{"level":"error","message":"✘ Completions for node Field ([20:3, 20:21] - example.wlk) failed: Error: example.roberto.cantidadDeAcop [Field]{eb658d} at example.wlk:20 exhausted all cases without a match example.roberto.cantidadDeAcop [Field]{eb658d} at example.wlk:20 exhausted all cases without a match","stack":"Error: example.roberto.cantidadDeAcop [Field]{eb658d} at example.wlk:20 exhausted all cases without a match\n    at c:\\Users\\Admin\\.vscode\\extensions\\uqbar.wollok-lsp-ide-0.5.0\\out\\server\\src\\server.js:38:6142\n    at Gh (c:\\Users\\Admin\\.vscode\\extensions\\uqbar.wollok-lsp-ide-0.5.0\\out\\server\\src\\server.js:2362:42)\n    at c:\\Users\\Admin\\.vscode\\extensions\\uqbar.wollok-lsp-ide-0.5.0\\out\\server\\src\\server.js:2362:2949\n    at c:\\Users\\Admin\\.vscode\\extensions\\uqbar.wollok-lsp-ide-0.5.0\\out\\server\\src\\server.js:2371:8632\n    at c:\\Users\\Admin\\.vscode\\extensions\\uqbar.wollok-lsp-ide-0.5.0\\out\\server\\src\\server.js:37:74872\n    at Ye (c:\\Users\\Admin\\.vscode\\extensions\\uqbar.wollok-lsp-ide-0.5.0\\out\\server\\src\\server.js:7:8527)\n    at Dt (c:\\Users\\Admin\\.vscode\\extensions\\uqbar.wollok-lsp-ide-0.5.0\\out\\server\\src\\server.js:7:6189)\n    at Zi (c:\\Users\\Admin\\.vscode\\extensions\\uqbar.wollok-lsp-ide-0.5.0\\out\\server\\src\\server.js:7:6378)\n    at Immediate._onImmediate (c:\\Users\\Admin\\.vscode\\extensions\\uqbar.wollok-lsp-ide-0.5.0\\out\\server\\src\\server.js:7:6142)\n    at process.processImmediate (node:internal/timers:483:21)","timestamp":"2025-04-28T12:58:51.622Z"}
{"level":"info","message":"⌛ Validating example.wlk","timeElapsed":123,"timestamp":"2025-04-28T12:58:51.746Z"}
{"level":"error","message":"✘ Completions for node Field ([20:3, 20:22] - example.wlk) failed: Error: example.roberto.cantidadDeAcopl [Field]{0e7ed5} at example.wlk:20 exhausted all cases without a match example.roberto.cantidadDeAcopl [Field]{0e7ed5} at example.wlk:20 exhausted all cases without a match","stack":"Error: example.roberto.cantidadDeAcopl [Field]{0e7ed5} at example.wlk:20 exhausted all cases without a match\n    at c:\\Users\\Admin\\.vscode\\extensions\\uqbar.wollok-lsp-ide-0.5.0\\out\\server\\src\\server.js:38:6142\n    at Gh (c:\\Users\\Admin\\.vscode\\extensions\\uqbar.wollok-lsp-ide-0.5.0\\out\\server\\src\\server.js:2362:42)\n    at c:\\Users\\Admin\\.vscode\\extensions\\uqbar.wollok-lsp-ide-0.5.0\\out\\server\\src\\server.js:2362:2949\n    at c:\\Users\\Admin\\.vscode\\extensions\\uqbar.wollok-lsp-ide-0.5.0\\out\\server\\src\\server.js:2371:8632\n    at c:\\Users\\Admin\\.vscode\\extensions\\uqbar.wollok-lsp-ide-0.5.0\\out\\server\\src\\server.js:37:74872\n    at Ye (c:\\Users\\Admin\\.vscode\\extensions\\uqbar.wollok-lsp-ide-0.5.0\\out\\server\\src\\server.js:7:8527)\n    at Dt (c:\\Users\\Admin\\.vscode\\extensions\\uqbar.wollok-lsp-ide-0.5.0\\out\\server\\src\\server.js:7:6189)\n    at Zi (c:\\Users\\Admin\\.vscode\\extensions\\uqbar.wollok-lsp-ide-0.5.0\\out\\server\\src\\server.js:7:6378)\n    at Immediate._onImmediate (c:\\Users\\Admin\\.vscode\\extensions\\uqbar.wollok-lsp-ide-0.5.0\\out\\server\\src\\server.js:7:6142)\n    at process.processImmediate (node:internal/timers:483:21)","timestamp":"2025-04-28T12:58:51.861Z"}
{"level":"info","message":"⌛ Validating example.wlk","timeElapsed":127,"timestamp":"2025-04-28T12:58:52.078Z"}
{"level":"error","message":"✘ Completions for node Field ([20:3, 20:24] - example.wlk) failed: Error: example.roberto.cantidadDeAcoplad [Field]{e407fb} at example.wlk:20 exhausted all cases without a match example.roberto.cantidadDeAcoplad [Field]{e407fb} at example.wlk:20 exhausted all cases without a match","stack":"Error: example.roberto.cantidadDeAcoplad [Field]{e407fb} at example.wlk:20 exhausted all cases without a match\n    at c:\\Users\\Admin\\.vscode\\extensions\\uqbar.wollok-lsp-ide-0.5.0\\out\\server\\src\\server.js:38:6142\n    at Gh (c:\\Users\\Admin\\.vscode\\extensions\\uqbar.wollok-lsp-ide-0.5.0\\out\\server\\src\\server.js:2362:42)\n    at c:\\Users\\Admin\\.vscode\\extensions\\uqbar.wollok-lsp-ide-0.5.0\\out\\server\\src\\server.js:2362:2949\n    at c:\\Users\\Admin\\.vscode\\extensions\\uqbar.wollok-lsp-ide-0.5.0\\out\\server\\src\\server.js:2371:8632\n    at c:\\Users\\Admin\\.vscode\\extensions\\uqbar.wollok-lsp-ide-0.5.0\\out\\server\\src\\server.js:37:74872\n    at Ye (c:\\Users\\Admin\\.vscode\\extensions\\uqbar.wollok-lsp-ide-0.5.0\\out\\server\\src\\server.js:7:8527)\n    at Dt (c:\\Users\\Admin\\.vscode\\extensions\\uqbar.wollok-lsp-ide-0.5.0\\out\\server\\src\\server.js:7:6189)\n    at Zi (c:\\Users\\Admin\\.vscode\\extensions\\uqbar.wollok-lsp-ide-0.5.0\\out\\server\\src\\server.js:7:6378)\n    at Immediate._onImmediate (c:\\Users\\Admin\\.vscode\\extensions\\uqbar.wollok-lsp-ide-0.5.0\\out\\server\\src\\server.js:7:6142)\n    at process.processImmediate (node:internal/timers:483:21)","timestamp":"2025-04-28T12:58:52.200Z"}
{"level":"info","message":"⌛ Validating example.wlk","timeElapsed":176,"timestamp":"2025-04-28T12:58:52.377Z"}
{"level":"info","message":"⌛ Building environment","timeElapsed":140,"timestamp":"2025-04-28T12:58:52.604Z"}
{"level":"info","message":"⌛ Validating example.wlk","timeElapsed":142,"timestamp":"2025-04-28T12:58:52.747Z"}
{"level":"info","message":"⌛ Validating example.wlk","timeElapsed":136,"timestamp":"2025-04-28T12:58:52.891Z"}
{"level":"info","message":"⌛ Validating example.wlk","timeElapsed":125,"timestamp":"2025-04-28T12:58:53.016Z"}
{"level":"info","message":"⌛ Validating example.wlk","timeElapsed":121,"timestamp":"2025-04-28T12:58:53.232Z"}
{"level":"info","message":"⌛ Validating example.wlk","timeElapsed":118,"timestamp":"2025-04-28T12:58:53.547Z"}
{"level":"info","message":"⌛ Validating example.wlk","timeElapsed":112,"timestamp":"2025-04-28T12:58:53.817Z"}
{"level":"info","message":"⌛ Validating example.wlk","timeElapsed":112,"timestamp":"2025-04-28T12:58:54.399Z"}
{"level":"info","message":"⌛ Validating example.wlk","timeElapsed":117,"timestamp":"2025-04-28T12:58:55.224Z"}
{"level":"info","message":"⌛ Validating example.wlk","timeElapsed":260,"timestamp":"2025-04-28T12:58:56.195Z"}
{"level":"info","message":"onRequest - completionItem/resolve","timestamp":"2025-04-28T12:58:56.195Z"}
{"level":"info","message":"onRequest - completionItem/resolve","timestamp":"2025-04-28T12:58:56.285Z"}
{"level":"info","message":"onRequest - completionItem/resolve","timestamp":"2025-04-28T12:58:56.371Z"}
{"level":"info","message":"onRequest - completionItem/resolve","timestamp":"2025-04-28T12:58:56.454Z"}
{"level":"info","message":"⌛ Validating example.wlk","timeElapsed":135,"timestamp":"2025-04-28T12:58:56.589Z"}
{"level":"info","message":"⌛ Building environment","timeElapsed":105,"timestamp":"2025-04-28T12:58:56.694Z"}
{"level":"info","message":"onRequest - completionItem/resolve","timestamp":"2025-04-28T12:58:56.696Z"}
{"level":"info","message":"⌛ Validating example.wlk","timeElapsed":129,"timestamp":"2025-04-28T12:58:56.825Z"}
{"level":"info","message":"⌛ Validating example.wlk","timeElapsed":123,"timestamp":"2025-04-28T12:58:56.949Z"}
{"level":"info","message":"onRequest - completionItem/resolve","timestamp":"2025-04-28T12:58:57.029Z"}
{"level":"info","message":"⌛ Validating example.wlk","timeElapsed":124,"timestamp":"2025-04-28T12:58:57.153Z"}
{"level":"info","message":"onRequest - completionItem/resolve","timestamp":"2025-04-28T12:58:57.232Z"}
{"level":"info","message":"⌛ Validating example.wlk","timeElapsed":115,"timestamp":"2025-04-28T12:58:57.352Z"}
{"level":"info","message":"⌛ Validating example.wlk","timeElapsed":122,"timestamp":"2025-04-28T12:58:57.475Z"}
{"level":"info","message":"onRequest - completionItem/resolve","timestamp":"2025-04-28T12:58:58.226Z"}
{"level":"info","message":"⌛ Validating example.wlk","timeElapsed":115,"timestamp":"2025-04-28T12:58:58.341Z"}
{"level":"info","message":"⌛ Validating example.wlk","timeElapsed":161,"timestamp":"2025-04-28T12:58:59.037Z"}
{"level":"info","message":"⌛ Validating example.wlk","timeElapsed":128,"timestamp":"2025-04-28T12:58:59.267Z"}
{"level":"info","message":"⌛ Validating example.wlk","timeElapsed":165,"timestamp":"2025-04-28T12:58:59.553Z"}
{"level":"info","message":"onRequest - completionItem/resolve","timestamp":"2025-04-28T12:58:59.554Z"}
{"level":"info","message":"onRequest - completionItem/resolve","timestamp":"2025-04-28T12:58:59.635Z"}
{"level":"info","message":"⌛ Validating example.wlk","timeElapsed":119,"timestamp":"2025-04-28T12:58:59.753Z"}
{"level":"info","message":"⌛ Building environment","timeElapsed":145,"timestamp":"2025-04-28T12:59:00.240Z"}
{"level":"info","message":"onRequest - completionItem/resolve","timestamp":"2025-04-28T12:59:00.240Z"}
{"level":"info","message":"⌛ Validating example.wlk","timeElapsed":137,"timestamp":"2025-04-28T12:59:00.378Z"}
{"level":"info","message":"⌛ Validating example.wlk","timeElapsed":127,"timestamp":"2025-04-28T12:59:00.703Z"}
{"level":"info","message":"onRequest - completionItem/resolve","timestamp":"2025-04-28T12:59:00.703Z"}
{"level":"info","message":"onRequest - completionItem/resolve","timestamp":"2025-04-28T12:59:01.000Z"}
{"level":"info","message":"⌛ Validating example.wlk","timeElapsed":114,"timestamp":"2025-04-28T12:59:01.116Z"}
{"level":"info","message":"⌛ Validating example.wlk","timeElapsed":128,"timestamp":"2025-04-28T12:59:01.438Z"}
{"level":"info","message":"⌛ Validating example.wlk","timeElapsed":128,"timestamp":"2025-04-28T12:59:01.657Z"}
{"level":"info","message":"⌛ Validating example.wlk","timeElapsed":133,"timestamp":"2025-04-28T12:59:01.982Z"}
{"level":"info","message":"⌛ Validating example.wlk","timeElapsed":117,"timestamp":"2025-04-28T12:59:02.100Z"}
{"level":"info","message":"⌛ Validating example.wlk","timeElapsed":113,"timestamp":"2025-04-28T12:59:02.330Z"}
{"level":"info","message":"⌛ Building environment","timeElapsed":191,"timestamp":"2025-04-28T12:59:03.264Z"}
{"level":"info","message":"⌛ Validating example.wlk","timeElapsed":113,"timestamp":"2025-04-28T12:59:03.378Z"}
{"level":"info","message":"⌛ Building environment","timeElapsed":107,"timestamp":"2025-04-28T12:59:09.203Z"}
{"level":"info","message":"⌛ Validating example.wlk","timeElapsed":132,"timestamp":"2025-04-28T12:59:09.337Z"}
{"level":"info","message":"⌛ Validating example.wlk","timeElapsed":155,"timestamp":"2025-04-28T12:59:10.597Z"}
{"level":"info","message":"⌛ Building environment","timeElapsed":102,"timestamp":"2025-04-28T12:59:16.044Z"}
{"level":"info","message":"⌛ Validating example.wlk","timeElapsed":147,"timestamp":"2025-04-28T12:59:16.193Z"}
{"level":"info","message":"⌛ Building environment","timeElapsed":134,"timestamp":"2025-04-28T12:59:16.417Z"}
{"level":"info","message":"⌛ Validating example.wlk","timeElapsed":141,"timestamp":"2025-04-28T12:59:16.593Z"}
{"level":"info","message":"onRequest - completionItem/resolve","timestamp":"2025-04-28T12:59:16.593Z"}
{"level":"info","message":"⌛ Building environment","timeElapsed":101,"timestamp":"2025-04-28T12:59:16.977Z"}
{"level":"info","message":"⌛ Validating example.wlk","timeElapsed":122,"timestamp":"2025-04-28T12:59:17.101Z"}
{"level":"info","message":"⌛ Building environment","timeElapsed":136,"timestamp":"2025-04-28T12:59:20.221Z"}
{"level":"info","message":"⌛ Validating example.wlk","timeElapsed":139,"timestamp":"2025-04-28T12:59:20.362Z"}
{"level":"info","message":"⌛ Validating example.wlk","timeElapsed":135,"timestamp":"2025-04-28T12:59:20.671Z"}
{"level":"info","message":"⌛ Building environment","timeElapsed":126,"timestamp":"2025-04-28T12:59:20.820Z"}
{"level":"info","message":"⌛ Validating example.wlk","timeElapsed":124,"timestamp":"2025-04-28T12:59:20.944Z"}
{"level":"info","message":"⌛ Building environment","timeElapsed":135,"timestamp":"2025-04-28T12:59:26.487Z"}
{"level":"info","message":"⌛ Validating example.wlk","timeElapsed":128,"timestamp":"2025-04-28T12:59:26.618Z"}
{"level":"info","message":"⌛ Building environment","timeElapsed":113,"timestamp":"2025-04-28T12:59:26.759Z"}
{"level":"info","message":"⌛ Validating example.wlk","timeElapsed":146,"timestamp":"2025-04-28T12:59:26.937Z"}
{"level":"info","message":"onRequest - completionItem/resolve","timestamp":"2025-04-28T12:59:26.937Z"}
{"level":"info","message":"⌛ Validating example.wlk","timeElapsed":116,"timestamp":"2025-04-28T12:59:27.881Z"}
{"level":"info","message":"⌛ Building environment","timeElapsed":234,"timestamp":"2025-04-28T12:59:28.570Z"}
{"level":"info","message":"⌛ Validating example.wlk","timeElapsed":160,"timestamp":"2025-04-28T12:59:28.732Z"}
{"level":"info","message":"⌛ Building environment","timeElapsed":150,"timestamp":"2025-04-28T12:59:29.473Z"}
{"level":"info","message":"⌛ Validating example.wlk","timeElapsed":129,"timestamp":"2025-04-28T12:59:29.603Z"}
{"level":"info","message":"⌛ Validating example.wlk","timeElapsed":148,"timestamp":"2025-04-28T12:59:30.254Z"}
{"level":"info","message":"⌛ Validating example.wlk","timeElapsed":117,"timestamp":"2025-04-28T12:59:30.724Z"}
{"level":"info","message":"⌛ Building environment","timeElapsed":148,"timestamp":"2025-04-28T12:59:33.734Z"}
{"level":"error","message":"✘ Completions for node Send ([25:13, 25:22] - example.wlk) failed: Error: [Send]{1d4aae} at example.wlk:25 exhausted all cases without a match [Send]{1d4aae} at example.wlk:25 exhausted all cases without a match","stack":"Error: [Send]{1d4aae} at example.wlk:25 exhausted all cases without a match\n    at c:\\Users\\Admin\\.vscode\\extensions\\uqbar.wollok-lsp-ide-0.5.0\\out\\server\\src\\server.js:38:6142\n    at Gh (c:\\Users\\Admin\\.vscode\\extensions\\uqbar.wollok-lsp-ide-0.5.0\\out\\server\\src\\server.js:2362:42)\n    at Kh (c:\\Users\\Admin\\.vscode\\extensions\\uqbar.wollok-lsp-ide-0.5.0\\out\\server\\src\\server.js:2362:1053)\n    at d8n (c:\\Users\\Admin\\.vscode\\extensions\\uqbar.wollok-lsp-ide-0.5.0\\out\\server\\src\\server.js:2362:1209)\n    at c:\\Users\\Admin\\.vscode\\extensions\\uqbar.wollok-lsp-ide-0.5.0\\out\\server\\src\\server.js:38:6131\n    at Gh (c:\\Users\\Admin\\.vscode\\extensions\\uqbar.wollok-lsp-ide-0.5.0\\out\\server\\src\\server.js:2362:42)\n    at c:\\Users\\Admin\\.vscode\\extensions\\uqbar.wollok-lsp-ide-0.5.0\\out\\server\\src\\server.js:2362:2949\n    at c:\\Users\\Admin\\.vscode\\extensions\\uqbar.wollok-lsp-ide-0.5.0\\out\\server\\src\\server.js:2371:8632\n    at c:\\Users\\Admin\\.vscode\\extensions\\uqbar.wollok-lsp-ide-0.5.0\\out\\server\\src\\server.js:37:74872\n    at Ye (c:\\Users\\Admin\\.vscode\\extensions\\uqbar.wollok-lsp-ide-0.5.0\\out\\server\\src\\server.js:7:8527)","timestamp":"2025-04-28T12:59:33.767Z"}
{"level":"error","message":"✘ Completions for node Send (undefined - example.wlk) failed: Error: [Send]{fe8eab} at example.wlk:-- exhausted all cases without a match [Send]{fe8eab} at example.wlk:-- exhausted all cases without a match","stack":"Error: [Send]{fe8eab} at example.wlk:-- exhausted all cases without a match\n    at c:\\Users\\Admin\\.vscode\\extensions\\uqbar.wollok-lsp-ide-0.5.0\\out\\server\\src\\server.js:38:6142\n    at Gh (c:\\Users\\Admin\\.vscode\\extensions\\uqbar.wollok-lsp-ide-0.5.0\\out\\server\\src\\server.js:2362:42)\n    at Kh (c:\\Users\\Admin\\.vscode\\extensions\\uqbar.wollok-lsp-ide-0.5.0\\out\\server\\src\\server.js:2362:1053)\n    at Gh (c:\\Users\\Admin\\.vscode\\extensions\\uqbar.wollok-lsp-ide-0.5.0\\out\\server\\src\\server.js:2362:505)\n    at Kh (c:\\Users\\Admin\\.vscode\\extensions\\uqbar.wollok-lsp-ide-0.5.0\\out\\server\\src\\server.js:2362:1053)\n    at d8n (c:\\Users\\Admin\\.vscode\\extensions\\uqbar.wollok-lsp-ide-0.5.0\\out\\server\\src\\server.js:2362:1209)\n    at c:\\Users\\Admin\\.vscode\\extensions\\uqbar.wollok-lsp-ide-0.5.0\\out\\server\\src\\server.js:38:6131\n    at Gh (c:\\Users\\Admin\\.vscode\\extensions\\uqbar.wollok-lsp-ide-0.5.0\\out\\server\\src\\server.js:2362:42)\n    at c:\\Users\\Admin\\.vscode\\extensions\\uqbar.wollok-lsp-ide-0.5.0\\out\\server\\src\\server.js:2362:2949\n    at c:\\Users\\Admin\\.vscode\\extensions\\uqbar.wollok-lsp-ide-0.5.0\\out\\server\\src\\server.js:2371:8632","timestamp":"2025-04-28T12:59:33.767Z"}
{"level":"error","message":"✘ Completions for node Assignment ([25:5, 25:22] - example.wlk) failed: Error: [Assignment]{376332} at example.wlk:25 exhausted all cases without a match [Assignment]{376332} at example.wlk:25 exhausted all cases without a match","stack":"Error: [Assignment]{376332} at example.wlk:25 exhausted all cases without a match\n    at c:\\Users\\Admin\\.vscode\\extensions\\uqbar.wollok-lsp-ide-0.5.0\\out\\server\\src\\server.js:38:6142\n    at Gh (c:\\Users\\Admin\\.vscode\\extensions\\uqbar.wollok-lsp-ide-0.5.0\\out\\server\\src\\server.js:2362:42)\n    at Kh (c:\\Users\\Admin\\.vscode\\extensions\\uqbar.wollok-lsp-ide-0.5.0\\out\\server\\src\\server.js:2362:1053)\n    at Gh (c:\\Users\\Admin\\.vscode\\extensions\\uqbar.wollok-lsp-ide-0.5.0\\out\\server\\src\\server.js:2362:505)\n    at Kh (c:\\Users\\Admin\\.vscode\\extensions\\uqbar.wollok-lsp-ide-0.5.0\\out\\server\\src\\server.js:2362:1053)\n    at Gh (c:\\Users\\Admin\\.vscode\\extensions\\uqbar.wollok-lsp-ide-0.5.0\\out\\server\\src\\server.js:2362:505)\n    at Kh (c:\\Users\\Admin\\.vscode\\extensions\\uqbar.wollok-lsp-ide-0.5.0\\out\\server\\src\\server.js:2362:1053)\n    at d8n (c:\\Users\\Admin\\.vscode\\extensions\\uqbar.wollok-lsp-ide-0.5.0\\out\\server\\src\\server.js:2362:1209)\n    at c:\\Users\\Admin\\.vscode\\extensions\\uqbar.wollok-lsp-ide-0.5.0\\out\\server\\src\\server.js:38:6131\n    at Gh (c:\\Users\\Admin\\.vscode\\extensions\\uqbar.wollok-lsp-ide-0.5.0\\out\\server\\src\\server.js:2362:42)","timestamp":"2025-04-28T12:59:33.767Z"}
{"level":"info","message":"⌛ Validating example.wlk","timeElapsed":142,"timestamp":"2025-04-28T12:59:33.912Z"}
{"level":"info","message":"onRequest - completionItem/resolve","timestamp":"2025-04-28T12:59:33.913Z"}
{"level":"info","message":"⌛ Validating example.wlk","timeElapsed":250,"timestamp":"2025-04-28T12:59:34.715Z"}
{"level":"info","message":"⌛ Building environment","timeElapsed":109,"timestamp":"2025-04-28T12:59:34.825Z"}
{"level":"info","message":"⌛ Validating example.wlk","timeElapsed":126,"timestamp":"2025-04-28T12:59:35.119Z"}
{"level":"info","message":"⌛ Validating example.wlk","timeElapsed":117,"timestamp":"2025-04-28T12:59:35.237Z"}
{"level":"info","message":"⌛ Validating example.wlk","timeElapsed":118,"timestamp":"2025-04-28T12:59:35.360Z"}
{"level":"info","message":"⌛ Validating example.wlk","timeElapsed":113,"timestamp":"2025-04-28T12:59:35.627Z"}
{"level":"info","message":"⌛ Building environment","timeElapsed":162,"timestamp":"2025-04-28T12:59:37.114Z"}
{"level":"info","message":"⌛ Validating example.wlk","timeElapsed":139,"timestamp":"2025-04-28T12:59:37.257Z"}
{"level":"info","message":"⌛ Validating example.wlk","timeElapsed":164,"timestamp":"2025-04-28T12:59:41.548Z"}
{"level":"info","message":"⌛ Building environment","timeElapsed":106,"timestamp":"2025-04-28T12:59:46.053Z"}
{"level":"info","message":"⌛ Validating example.wlk","timeElapsed":158,"timestamp":"2025-04-28T12:59:46.212Z"}
{"level":"info","message":"⌛ Validating example.wlk","timeElapsed":116,"timestamp":"2025-04-28T12:59:48.702Z"}
{"level":"info","message":"⌛ Building environment","timeElapsed":121,"timestamp":"2025-04-28T13:06:25.239Z"}
{"level":"info","message":"⌛ Validating testExample.wtest","timeElapsed":141,"timestamp":"2025-04-28T13:06:25.383Z"}
{"level":"info","message":"⌛ Building environment","timeElapsed":135,"timestamp":"2025-04-28T13:06:25.519Z"}
{"level":"info","message":"⌛ Validating testExample.wtest","timeElapsed":142,"timestamp":"2025-04-28T13:06:25.762Z"}
{"level":"info","message":"⌛ Validating testExample.wtest","timeElapsed":140,"timestamp":"2025-04-28T13:06:25.903Z"}
{"level":"info","message":"⌛ Building environment","timeElapsed":133,"timestamp":"2025-04-28T13:06:26.038Z"}
{"level":"info","message":"⌛ Validating testExample.wtest","timeElapsed":176,"timestamp":"2025-04-28T13:06:26.400Z"}
{"level":"info","message":"⌛ Validating testExample.wtest","timeElapsed":127,"timestamp":"2025-04-28T13:06:26.527Z"}
{"level":"info","message":"⌛ Validating testExample.wtest","timeElapsed":119,"timestamp":"2025-04-28T13:06:26.733Z"}
{"level":"info","message":"⌛ Validating testExample.wtest","timeElapsed":116,"timestamp":"2025-04-28T13:06:26.855Z"}
{"level":"info","message":"⌛ Building environment","timeElapsed":170,"timestamp":"2025-04-28T13:07:18.876Z"}
{"level":"info","message":"⌛ Validating example.wlk","timeElapsed":138,"timestamp":"2025-04-28T13:07:19.105Z"}
{"level":"info","message":"⌛ Validating example.wlk","timeElapsed":117,"timestamp":"2025-04-28T13:07:19.222Z"}
{"level":"info","message":"⌛ Validating example.wlk","timeElapsed":133,"timestamp":"2025-04-28T13:07:20.204Z"}
{"level":"info","message":"onRequest - completionItem/resolve","timestamp":"2025-04-28T13:07:20.205Z"}
{"level":"info","message":"onRequest - completionItem/resolve","timestamp":"2025-04-28T13:07:20.297Z"}
{"level":"info","message":"⌛ Validating example.wlk","timeElapsed":174,"timestamp":"2025-04-28T13:07:20.472Z"}
{"level":"info","message":"⌛ Building environment","timeElapsed":136,"timestamp":"2025-04-28T13:07:20.630Z"}
{"level":"info","message":"onRequest - completionItem/resolve","timestamp":"2025-04-28T13:07:20.631Z"}
{"level":"info","message":"onRequest - completionItem/resolve","timestamp":"2025-04-28T13:07:20.710Z"}
{"level":"info","message":"onRequest - completionItem/resolve","timestamp":"2025-04-28T13:07:20.803Z"}
{"level":"info","message":"⌛ Validating example.wlk","timeElapsed":135,"timestamp":"2025-04-28T13:07:20.937Z"}
{"level":"info","message":"⌛ Validating example.wlk","timeElapsed":122,"timestamp":"2025-04-28T13:07:21.061Z"}
{"level":"info","message":"onRequest - completionItem/resolve","timestamp":"2025-04-28T13:07:21.152Z"}
{"level":"info","message":"⌛ Validating example.wlk","timeElapsed":114,"timestamp":"2025-04-28T13:07:21.266Z"}
{"level":"info","message":"⌛ Validating example.wlk","timeElapsed":124,"timestamp":"2025-04-28T13:07:21.473Z"}
{"level":"info","message":"⌛ Validating example.wlk","timeElapsed":114,"timestamp":"2025-04-28T13:07:21.588Z"}
{"level":"info","message":"⌛ Validating example.wlk","timeElapsed":142,"timestamp":"2025-04-28T13:07:23.198Z"}
{"level":"info","message":"onRequest - completionItem/resolve","timestamp":"2025-04-28T13:07:23.199Z"}
{"level":"info","message":"⌛ Validating example.wlk","timeElapsed":137,"timestamp":"2025-04-28T13:07:23.584Z"}
{"level":"info","message":"⌛ Validating example.wlk","timeElapsed":131,"timestamp":"2025-04-28T13:07:23.719Z"}
{"level":"info","message":"⌛ Validating example.wlk","timeElapsed":114,"timestamp":"2025-04-28T13:07:24.090Z"}
{"level":"info","message":"⌛ Building environment","timeElapsed":122,"timestamp":"2025-04-28T13:07:24.984Z"}
{"level":"info","message":"⌛ Validating example.wlk","timeElapsed":148,"timestamp":"2025-04-28T13:07:25.187Z"}
{"level":"info","message":"⌛ Validating example.wlk","timeElapsed":112,"timestamp":"2025-04-28T13:07:25.405Z"}
{"level":"info","message":"⌛ Validating example.wlk","timeElapsed":131,"timestamp":"2025-04-28T13:07:26.465Z"}
{"level":"info","message":"⌛ Validating example.wlk","timeElapsed":129,"timestamp":"2025-04-28T13:07:26.795Z"}
{"level":"info","message":"⌛ Validating example.wlk","timeElapsed":115,"timestamp":"2025-04-28T13:07:27.019Z"}
{"level":"info","message":"⌛ Building environment","timeElapsed":171,"timestamp":"2025-04-28T13:07:27.192Z"}
{"level":"info","message":"⌛ Validating example.wlk","timeElapsed":114,"timestamp":"2025-04-28T13:07:27.307Z"}
{"level":"info","message":"⌛ Validating example.wlk","timeElapsed":119,"timestamp":"2025-04-28T13:07:27.432Z"}
{"level":"info","message":"⌛ Validating example.wlk","timeElapsed":111,"timestamp":"2025-04-28T13:07:27.684Z"}
{"level":"info","message":"⌛ Validating example.wlk","timeElapsed":112,"timestamp":"2025-04-28T13:07:28.232Z"}
{"level":"info","message":"⌛ Validating example.wlk","timeElapsed":120,"timestamp":"2025-04-28T13:07:29.108Z"}
{"level":"info","message":"⌛ Validating example.wlk","timeElapsed":169,"timestamp":"2025-04-28T13:07:29.369Z"}
{"level":"info","message":"⌛ Building environment","timeElapsed":102,"timestamp":"2025-04-28T13:07:29.471Z"}
{"level":"info","message":"⌛ Validating example.wlk","timeElapsed":118,"timestamp":"2025-04-28T13:07:29.590Z"}
{"level":"info","message":"⌛ Building environment","timeElapsed":116,"timestamp":"2025-04-28T13:07:37.390Z"}
{"level":"info","message":"⌛ Validating example.wlk","timeElapsed":142,"timestamp":"2025-04-28T13:07:37.534Z"}
{"level":"info","message":"⌛ Building environment","timeElapsed":109,"timestamp":"2025-04-28T13:07:37.866Z"}
{"level":"info","message":"⌛ Building environment","timeElapsed":113,"timestamp":"2025-04-28T13:07:38.014Z"}
{"level":"info","message":"⌛ Validating example.wlk","timeElapsed":157,"timestamp":"2025-04-28T13:07:38.172Z"}
{"level":"info","message":"onRequest - completionItem/resolve","timestamp":"2025-04-28T13:07:38.172Z"}
{"level":"info","message":"onRequest - completionItem/resolve","timestamp":"2025-04-28T13:07:38.265Z"}
{"level":"info","message":"⌛ Validating example.wlk","timeElapsed":143,"timestamp":"2025-04-28T13:07:38.407Z"}
{"level":"info","message":"⌛ Building environment","timeElapsed":105,"timestamp":"2025-04-28T13:07:38.514Z"}
{"level":"info","message":"onRequest - completionItem/resolve","timestamp":"2025-04-28T13:07:38.515Z"}
{"level":"info","message":"onRequest - completionItem/resolve","timestamp":"2025-04-28T13:07:38.588Z"}
{"level":"info","message":"⌛ Validating example.wlk","timeElapsed":116,"timestamp":"2025-04-28T13:07:38.705Z"}
{"level":"error","message":"✘ Failed to rebuild document Failed to parse example.wlk: \n-- PARSING FAILED --------------------------------------------------\n\n   9 |   }\n  10 |   method\n> 11 | }\n     | ^\n  12 | \n  13 | object roberto {\n\nExpected one of the following: \n\n'!=', '!==', '%', '&&', '*', '**', '+', '-', '->', '..', '..<', '/', '<', '<<', '<<<', '<=', '<=>', '<>', '==', '===', '>', '>..', '>=', '>>', '>>>', '?:', 'and', 'invert', 'negate', 'or', 'plus', '||', identifier, whitespace\n","stack":"Error: Failed to parse example.wlk: \n-- PARSING FAILED --------------------------------------------------\n\n   9 |   }\n  10 |   method\n> 11 | }\n     | ^\n  12 | \n  13 | object roberto {\n\nExpected one of the following: \n\n'!=', '!==', '%', '&&', '*', '**', '+', '-', '->', '..', '..<', '/', '<', '<<', '<<<', '<=', '<=>', '<>', '==', '===', '>', '>..', '>=', '>>', '>>>', '?:', 'and', 'invert', 'negate', 'or', 'plus', '||', identifier, whitespace\n\n    at c:\\Users\\Admin\\.vscode\\extensions\\uqbar.wollok-lsp-ide-0.5.0\\out\\server\\src\\server.js:2326:13026\n    at Array.map (<anonymous>)\n    at P1n (c:\\Users\\Admin\\.vscode\\extensions\\uqbar.wollok-lsp-ide-0.5.0\\out\\server\\src\\server.js:2326:12950)\n    at U2.buildEnvironmentFrom (c:\\Users\\Admin\\.vscode\\extensions\\uqbar.wollok-lsp-ide-0.5.0\\out\\server\\src\\server.js:2371:5255)\n    at U2.updateEnvironmentWith (c:\\Users\\Admin\\.vscode\\extensions\\uqbar.wollok-lsp-ide-0.5.0\\out\\server\\src\\server.js:2371:4990)\n    at UF (c:\\Users\\Admin\\.vscode\\extensions\\uqbar.wollok-lsp-ide-0.5.0\\out\\server\\src\\server.js:2371:7147)\n    at F3.invoke (c:\\Users\\Admin\\.vscode\\extensions\\uqbar.wollok-lsp-ide-0.5.0\\out\\server\\src\\server.js:3:157316)\n    at o.fire (c:\\Users\\Admin\\.vscode\\extensions\\uqbar.wollok-lsp-ide-0.5.0\\out\\server\\src\\server.js:3:158086)\n    at c:\\Users\\Admin\\.vscode\\extensions\\uqbar.wollok-lsp-ide-0.5.0\\out\\server\\src\\server.js:37:57871\n    at Qr (c:\\Users\\Admin\\.vscode\\extensions\\uqbar.wollok-lsp-ide-0.5.0\\out\\server\\src\\server.js:8:1561)","timestamp":"2025-04-28T13:07:38.711Z"}
{"level":"info","message":"onRequest - completionItem/resolve","timestamp":"2025-04-28T13:07:38.711Z"}
{"level":"error","message":"✘ Failed to rebuild document Failed to parse example.wlk: \n-- PARSING FAILED --------------------------------------------------\n\n   9 |   }\n  10 |   method \n> 11 | }\n     | ^\n  12 | \n  13 | object roberto {\n\nExpected one of the following: \n\n'!=', '!==', '%', '&&', '*', '**', '+', '-', '->', '..', '..<', '/', '<', '<<', '<<<', '<=', '<=>', '<>', '==', '===', '>', '>..', '>=', '>>', '>>>', '?:', 'and', 'invert', 'negate', 'or', 'plus', '||', identifier, whitespace\n","stack":"Error: Failed to parse example.wlk: \n-- PARSING FAILED --------------------------------------------------\n\n   9 |   }\n  10 |   method \n> 11 | }\n     | ^\n  12 | \n  13 | object roberto {\n\nExpected one of the following: \n\n'!=', '!==', '%', '&&', '*', '**', '+', '-', '->', '..', '..<', '/', '<', '<<', '<<<', '<=', '<=>', '<>', '==', '===', '>', '>..', '>=', '>>', '>>>', '?:', 'and', 'invert', 'negate', 'or', 'plus', '||', identifier, whitespace\n\n    at c:\\Users\\Admin\\.vscode\\extensions\\uqbar.wollok-lsp-ide-0.5.0\\out\\server\\src\\server.js:2326:13026\n    at Array.map (<anonymous>)\n    at P1n (c:\\Users\\Admin\\.vscode\\extensions\\uqbar.wollok-lsp-ide-0.5.0\\out\\server\\src\\server.js:2326:12950)\n    at U2.buildEnvironmentFrom (c:\\Users\\Admin\\.vscode\\extensions\\uqbar.wollok-lsp-ide-0.5.0\\out\\server\\src\\server.js:2371:5255)\n    at U2.updateEnvironmentWith (c:\\Users\\Admin\\.vscode\\extensions\\uqbar.wollok-lsp-ide-0.5.0\\out\\server\\src\\server.js:2371:4990)\n    at UF (c:\\Users\\Admin\\.vscode\\extensions\\uqbar.wollok-lsp-ide-0.5.0\\out\\server\\src\\server.js:2371:7147)\n    at F3.invoke (c:\\Users\\Admin\\.vscode\\extensions\\uqbar.wollok-lsp-ide-0.5.0\\out\\server\\src\\server.js:3:157316)\n    at o.fire (c:\\Users\\Admin\\.vscode\\extensions\\uqbar.wollok-lsp-ide-0.5.0\\out\\server\\src\\server.js:3:158086)\n    at c:\\Users\\Admin\\.vscode\\extensions\\uqbar.wollok-lsp-ide-0.5.0\\out\\server\\src\\server.js:37:57871\n    at Qr (c:\\Users\\Admin\\.vscode\\extensions\\uqbar.wollok-lsp-ide-0.5.0\\out\\server\\src\\server.js:8:1561)","timestamp":"2025-04-28T13:07:38.715Z"}
{"level":"info","message":"onRequest - completionItem/resolve","timestamp":"2025-04-28T13:07:38.716Z"}
{"level":"info","message":"⌛ Validating example.wlk","timeElapsed":129,"timestamp":"2025-04-28T13:07:38.844Z"}
{"level":"info","message":"⌛ Validating example.wlk","timeElapsed":117,"timestamp":"2025-04-28T13:07:38.962Z"}
{"level":"info","message":"⌛ Validating example.wlk","timeElapsed":110,"timestamp":"2025-04-28T13:07:39.798Z"}
{"level":"info","message":"⌛ Validating example.wlk","timeElapsed":115,"timestamp":"2025-04-28T13:07:39.951Z"}
{"level":"info","message":"⌛ Validating example.wlk","timeElapsed":115,"timestamp":"2025-04-28T13:07:40.150Z"}
{"level":"info","message":"⌛ Validating example.wlk","timeElapsed":148,"timestamp":"2025-04-28T13:07:40.486Z"}
{"level":"info","message":"⌛ Building environment","timeElapsed":189,"timestamp":"2025-04-28T13:07:40.676Z"}
{"level":"info","message":"⌛ Validating example.wlk","timeElapsed":114,"timestamp":"2025-04-28T13:07:40.976Z"}
{"level":"info","message":"⌛ Validating example.wlk","timeElapsed":140,"timestamp":"2025-04-28T13:07:41.195Z"}
{"level":"info","message":"⌛ Validating example.wlk","timeElapsed":139,"timestamp":"2025-04-28T13:07:41.335Z"}
{"level":"info","message":"⌛ Validating example.wlk","timeElapsed":134,"timestamp":"2025-04-28T13:07:41.475Z"}
{"level":"info","message":"⌛ Validating example.wlk","timeElapsed":148,"timestamp":"2025-04-28T13:07:41.952Z"}
{"level":"info","message":"⌛ Validating example.wlk","timeElapsed":123,"timestamp":"2025-04-28T13:07:42.080Z"}
{"level":"info","message":"⌛ Validating example.wlk","timeElapsed":118,"timestamp":"2025-04-28T13:07:42.201Z"}
{"level":"info","message":"⌛ Validating example.wlk","timeElapsed":118,"timestamp":"2025-04-28T13:07:42.407Z"}
{"level":"info","message":"⌛ Validating example.wlk","timeElapsed":114,"timestamp":"2025-04-28T13:07:43.021Z"}
{"level":"info","message":"⌛ Validating example.wlk","timeElapsed":129,"timestamp":"2025-04-28T13:07:43.377Z"}
{"level":"info","message":"⌛ Validating example.wlk","timeElapsed":189,"timestamp":"2025-04-28T13:07:43.649Z"}
{"level":"info","message":"⌛ Validating example.wlk","timeElapsed":113,"timestamp":"2025-04-28T13:07:43.980Z"}
{"level":"info","message":"⌛ Validating example.wlk","timeElapsed":112,"timestamp":"2025-04-28T13:07:45.118Z"}
{"level":"info","message":"⌛ Building environment","timeElapsed":110,"timestamp":"2025-04-28T13:07:45.470Z"}
{"level":"info","message":"⌛ Validating example.wlk","timeElapsed":113,"timestamp":"2025-04-28T13:07:45.584Z"}
{"level":"info","message":"⌛ Validating example.wlk","timeElapsed":147,"timestamp":"2025-04-28T13:07:46.721Z"}
{"level":"info","message":"onRequest - completionItem/resolve","timestamp":"2025-04-28T13:07:46.721Z"}
{"level":"info","message":"⌛ Validating example.wlk","timeElapsed":139,"timestamp":"2025-04-28T13:07:46.861Z"}
{"level":"info","message":"⌛ Building environment","timeElapsed":105,"timestamp":"2025-04-28T13:07:46.966Z"}
{"level":"info","message":"onRequest - completionItem/resolve","timestamp":"2025-04-28T13:07:46.966Z"}
{"level":"info","message":"⌛ Building environment","timeElapsed":178,"timestamp":"2025-04-28T13:07:47.145Z"}
{"level":"info","message":"⌛ Validating example.wlk","timeElapsed":113,"timestamp":"2025-04-28T13:07:47.445Z"}
{"level":"info","message":"⌛ Validating example.wlk","timeElapsed":116,"timestamp":"2025-04-28T13:07:47.638Z"}
{"level":"info","message":"⌛ Validating example.wlk","timeElapsed":157,"timestamp":"2025-04-28T13:07:47.797Z"}
{"level":"info","message":"⌛ Validating example.wlk","timeElapsed":116,"timestamp":"2025-04-28T13:07:47.918Z"}
{"level":"info","message":"⌛ Validating example.wlk","timeElapsed":118,"timestamp":"2025-04-28T13:07:48.036Z"}
{"level":"info","message":"⌛ Building environment","timeElapsed":112,"timestamp":"2025-04-28T13:07:52.462Z"}
{"level":"error","message":"✘ Completions for node Parameter ([10:20, 10:21] - example.wlk) failed: Error: [Parameter]{083335} at example.wlk:10 exhausted all cases without a match [Parameter]{083335} at example.wlk:10 exhausted all cases without a match","stack":"Error: [Parameter]{083335} at example.wlk:10 exhausted all cases without a match\n    at c:\\Users\\Admin\\.vscode\\extensions\\uqbar.wollok-lsp-ide-0.5.0\\out\\server\\src\\server.js:38:6142\n    at Gh (c:\\Users\\Admin\\.vscode\\extensions\\uqbar.wollok-lsp-ide-0.5.0\\out\\server\\src\\server.js:2362:42)\n    at c:\\Users\\Admin\\.vscode\\extensions\\uqbar.wollok-lsp-ide-0.5.0\\out\\server\\src\\server.js:2362:2949\n    at c:\\Users\\Admin\\.vscode\\extensions\\uqbar.wollok-lsp-ide-0.5.0\\out\\server\\src\\server.js:2371:8632\n    at c:\\Users\\Admin\\.vscode\\extensions\\uqbar.wollok-lsp-ide-0.5.0\\out\\server\\src\\server.js:37:74872\n    at Ye (c:\\Users\\Admin\\.vscode\\extensions\\uqbar.wollok-lsp-ide-0.5.0\\out\\server\\src\\server.js:7:8527)\n    at Dt (c:\\Users\\Admin\\.vscode\\extensions\\uqbar.wollok-lsp-ide-0.5.0\\out\\server\\src\\server.js:7:6189)\n    at Zi (c:\\Users\\Admin\\.vscode\\extensions\\uqbar.wollok-lsp-ide-0.5.0\\out\\server\\src\\server.js:7:6378)\n    at Immediate._onImmediate (c:\\Users\\Admin\\.vscode\\extensions\\uqbar.wollok-lsp-ide-0.5.0\\out\\server\\src\\server.js:7:6142)\n    at process.processImmediate (node:internal/timers:483:21)","timestamp":"2025-04-28T13:07:52.493Z"}
{"level":"info","message":"⌛ Validating example.wlk","timeElapsed":155,"timestamp":"2025-04-28T13:07:52.651Z"}
{"level":"info","message":"onRequest - completionItem/resolve","timestamp":"2025-04-28T13:07:52.651Z"}
{"level":"error","message":"✘ Completions for node Parameter ([10:20, 10:22] - example.wlk) failed: Error: [Parameter]{12bb6a} at example.wlk:10 exhausted all cases without a match [Parameter]{12bb6a} at example.wlk:10 exhausted all cases without a match","stack":"Error: [Parameter]{12bb6a} at example.wlk:10 exhausted all cases without a match\n    at c:\\Users\\Admin\\.vscode\\extensions\\uqbar.wollok-lsp-ide-0.5.0\\out\\server\\src\\server.js:38:6142\n    at Gh (c:\\Users\\Admin\\.vscode\\extensions\\uqbar.wollok-lsp-ide-0.5.0\\out\\server\\src\\server.js:2362:42)\n    at c:\\Users\\Admin\\.vscode\\extensions\\uqbar.wollok-lsp-ide-0.5.0\\out\\server\\src\\server.js:2362:2949\n    at c:\\Users\\Admin\\.vscode\\extensions\\uqbar.wollok-lsp-ide-0.5.0\\out\\server\\src\\server.js:2371:8632\n    at c:\\Users\\Admin\\.vscode\\extensions\\uqbar.wollok-lsp-ide-0.5.0\\out\\server\\src\\server.js:37:74872\n    at Ye (c:\\Users\\Admin\\.vscode\\extensions\\uqbar.wollok-lsp-ide-0.5.0\\out\\server\\src\\server.js:7:8527)\n    at Dt (c:\\Users\\Admin\\.vscode\\extensions\\uqbar.wollok-lsp-ide-0.5.0\\out\\server\\src\\server.js:7:6189)\n    at Zi (c:\\Users\\Admin\\.vscode\\extensions\\uqbar.wollok-lsp-ide-0.5.0\\out\\server\\src\\server.js:7:6378)\n    at Immediate._onImmediate (c:\\Users\\Admin\\.vscode\\extensions\\uqbar.wollok-lsp-ide-0.5.0\\out\\server\\src\\server.js:7:6142)\n    at process.processImmediate (node:internal/timers:483:21)","timestamp":"2025-04-28T13:07:52.818Z"}
{"level":"info","message":"⌛ Validating example.wlk","timeElapsed":162,"timestamp":"2025-04-28T13:07:53.081Z"}
{"level":"info","message":"⌛ Validating example.wlk","timeElapsed":139,"timestamp":"2025-04-28T13:07:53.219Z"}
{"level":"info","message":"⌛ Building environment","timeElapsed":107,"timestamp":"2025-04-28T13:07:53.327Z"}
{"level":"error","message":"✘ Completions for node Parameter ([10:20, 10:24] - example.wlk) failed: Error: [Parameter]{63207b} at example.wlk:10 exhausted all cases without a match [Parameter]{63207b} at example.wlk:10 exhausted all cases without a match","stack":"Error: [Parameter]{63207b} at example.wlk:10 exhausted all cases without a match\n    at c:\\Users\\Admin\\.vscode\\extensions\\uqbar.wollok-lsp-ide-0.5.0\\out\\server\\src\\server.js:38:6142\n    at Gh (c:\\Users\\Admin\\.vscode\\extensions\\uqbar.wollok-lsp-ide-0.5.0\\out\\server\\src\\server.js:2362:42)\n    at c:\\Users\\Admin\\.vscode\\extensions\\uqbar.wollok-lsp-ide-0.5.0\\out\\server\\src\\server.js:2362:2949\n    at c:\\Users\\Admin\\.vscode\\extensions\\uqbar.wollok-lsp-ide-0.5.0\\out\\server\\src\\server.js:2371:8632\n    at c:\\Users\\Admin\\.vscode\\extensions\\uqbar.wollok-lsp-ide-0.5.0\\out\\server\\src\\server.js:37:74872\n    at Ye (c:\\Users\\Admin\\.vscode\\extensions\\uqbar.wollok-lsp-ide-0.5.0\\out\\server\\src\\server.js:7:8527)\n    at Dt (c:\\Users\\Admin\\.vscode\\extensions\\uqbar.wollok-lsp-ide-0.5.0\\out\\server\\src\\server.js:7:6189)\n    at Zi (c:\\Users\\Admin\\.vscode\\extensions\\uqbar.wollok-lsp-ide-0.5.0\\out\\server\\src\\server.js:7:6378)\n    at Immediate._onImmediate (c:\\Users\\Admin\\.vscode\\extensions\\uqbar.wollok-lsp-ide-0.5.0\\out\\server\\src\\server.js:7:6142)\n    at process.processImmediate (node:internal/timers:483:21)","timestamp":"2025-04-28T13:07:53.353Z"}
{"level":"info","message":"⌛ Building environment","timeElapsed":166,"timestamp":"2025-04-28T13:07:53.619Z"}
{"level":"info","message":"⌛ Validating example.wlk","timeElapsed":118,"timestamp":"2025-04-28T13:07:53.899Z"}
{"level":"error","message":"✘ Completions for node Parameter ([10:20, 10:29] - example.wlk) failed: Error: [Parameter]{90b7ae} at example.wlk:10 exhausted all cases without a match [Parameter]{90b7ae} at example.wlk:10 exhausted all cases without a match","stack":"Error: [Parameter]{90b7ae} at example.wlk:10 exhausted all cases without a match\n    at c:\\Users\\Admin\\.vscode\\extensions\\uqbar.wollok-lsp-ide-0.5.0\\out\\server\\src\\server.js:38:6142\n    at Gh (c:\\Users\\Admin\\.vscode\\extensions\\uqbar.wollok-lsp-ide-0.5.0\\out\\server\\src\\server.js:2362:42)\n    at c:\\Users\\Admin\\.vscode\\extensions\\uqbar.wollok-lsp-ide-0.5.0\\out\\server\\src\\server.js:2362:2949\n    at c:\\Users\\Admin\\.vscode\\extensions\\uqbar.wollok-lsp-ide-0.5.0\\out\\server\\src\\server.js:2371:8632\n    at c:\\Users\\Admin\\.vscode\\extensions\\uqbar.wollok-lsp-ide-0.5.0\\out\\server\\src\\server.js:37:74872\n    at Ye (c:\\Users\\Admin\\.vscode\\extensions\\uqbar.wollok-lsp-ide-0.5.0\\out\\server\\src\\server.js:7:8527)\n    at Dt (c:\\Users\\Admin\\.vscode\\extensions\\uqbar.wollok-lsp-ide-0.5.0\\out\\server\\src\\server.js:7:6189)\n    at Zi (c:\\Users\\Admin\\.vscode\\extensions\\uqbar.wollok-lsp-ide-0.5.0\\out\\server\\src\\server.js:7:6378)\n    at Immediate._onImmediate (c:\\Users\\Admin\\.vscode\\extensions\\uqbar.wollok-lsp-ide-0.5.0\\out\\server\\src\\server.js:7:6142)\n    at process.processImmediate (node:internal/timers:483:21)","timestamp":"2025-04-28T13:07:54.001Z"}
{"level":"info","message":"⌛ Validating example.wlk","timeElapsed":131,"timestamp":"2025-04-28T13:07:54.134Z"}
{"level":"info","message":"⌛ Validating example.wlk","timeElapsed":118,"timestamp":"2025-04-28T13:07:54.252Z"}
{"level":"info","message":"⌛ Validating example.wlk","timeElapsed":114,"timestamp":"2025-04-28T13:07:54.368Z"}
{"level":"info","message":"⌛ Validating example.wlk","timeElapsed":127,"timestamp":"2025-04-28T13:07:54.496Z"}
{"level":"info","message":"⌛ Validating example.wlk","timeElapsed":123,"timestamp":"2025-04-28T13:07:54.620Z"}
{"level":"info","message":"onRequest - completionItem/resolve","timestamp":"2025-04-28T13:07:54.620Z"}
{"level":"error","message":"✘ Completions for node Parameter ([10:20, 10:30] - example.wlk) failed: Error: [Parameter]{0492cb} at example.wlk:10 exhausted all cases without a match [Parameter]{0492cb} at example.wlk:10 exhausted all cases without a match","stack":"Error: [Parameter]{0492cb} at example.wlk:10 exhausted all cases without a match\n    at c:\\Users\\Admin\\.vscode\\extensions\\uqbar.wollok-lsp-ide-0.5.0\\out\\server\\src\\server.js:38:6142\n    at Gh (c:\\Users\\Admin\\.vscode\\extensions\\uqbar.wollok-lsp-ide-0.5.0\\out\\server\\src\\server.js:2362:42)\n    at c:\\Users\\Admin\\.vscode\\extensions\\uqbar.wollok-lsp-ide-0.5.0\\out\\server\\src\\server.js:2362:2949\n    at c:\\Users\\Admin\\.vscode\\extensions\\uqbar.wollok-lsp-ide-0.5.0\\out\\server\\src\\server.js:2371:8632\n    at c:\\Users\\Admin\\.vscode\\extensions\\uqbar.wollok-lsp-ide-0.5.0\\out\\server\\src\\server.js:37:74872\n    at Ye (c:\\Users\\Admin\\.vscode\\extensions\\uqbar.wollok-lsp-ide-0.5.0\\out\\server\\src\\server.js:7:8527)\n    at Dt (c:\\Users\\Admin\\.vscode\\extensions\\uqbar.wollok-lsp-ide-0.5.0\\out\\server\\src\\server.js:7:6189)\n    at Zi (c:\\Users\\Admin\\.vscode\\extensions\\uqbar.wollok-lsp-ide-0.5.0\\out\\server\\src\\server.js:7:6378)\n    at Immediate._onImmediate (c:\\Users\\Admin\\.vscode\\extensions\\uqbar.wollok-lsp-ide-0.5.0\\out\\server\\src\\server.js:7:6142)\n    at process.processImmediate (node:internal/timers:483:21)","timestamp":"2025-04-28T13:07:55.489Z"}
{"level":"info","message":"⌛ Validating example.wlk","timeElapsed":133,"timestamp":"2025-04-28T13:07:55.624Z"}
{"level":"info","message":"onRequest - completionItem/resolve","timestamp":"2025-04-28T13:07:55.625Z"}
{"level":"error","message":"✘ Completions for node Parameter ([10:20, 10:31] - example.wlk) failed: Error: [Parameter]{b47fee} at example.wlk:10 exhausted all cases without a match [Parameter]{b47fee} at example.wlk:10 exhausted all cases without a match","stack":"Error: [Parameter]{b47fee} at example.wlk:10 exhausted all cases without a match\n    at c:\\Users\\Admin\\.vscode\\extensions\\uqbar.wollok-lsp-ide-0.5.0\\out\\server\\src\\server.js:38:6142\n    at Gh (c:\\Users\\Admin\\.vscode\\extensions\\uqbar.wollok-lsp-ide-0.5.0\\out\\server\\src\\server.js:2362:42)\n    at c:\\Users\\Admin\\.vscode\\extensions\\uqbar.wollok-lsp-ide-0.5.0\\out\\server\\src\\server.js:2362:2949\n    at c:\\Users\\Admin\\.vscode\\extensions\\uqbar.wollok-lsp-ide-0.5.0\\out\\server\\src\\server.js:2371:8632\n    at c:\\Users\\Admin\\.vscode\\extensions\\uqbar.wollok-lsp-ide-0.5.0\\out\\server\\src\\server.js:37:74872\n    at Ye (c:\\Users\\Admin\\.vscode\\extensions\\uqbar.wollok-lsp-ide-0.5.0\\out\\server\\src\\server.js:7:8527)\n    at Dt (c:\\Users\\Admin\\.vscode\\extensions\\uqbar.wollok-lsp-ide-0.5.0\\out\\server\\src\\server.js:7:6189)\n    at Zi (c:\\Users\\Admin\\.vscode\\extensions\\uqbar.wollok-lsp-ide-0.5.0\\out\\server\\src\\server.js:7:6378)\n    at Immediate._onImmediate (c:\\Users\\Admin\\.vscode\\extensions\\uqbar.wollok-lsp-ide-0.5.0\\out\\server\\src\\server.js:7:6142)\n    at process.processImmediate (node:internal/timers:483:21)","timestamp":"2025-04-28T13:07:55.736Z"}
{"level":"info","message":"⌛ Validating example.wlk","timeElapsed":122,"timestamp":"2025-04-28T13:07:55.861Z"}
{"level":"info","message":"onRequest - completionItem/resolve","timestamp":"2025-04-28T13:07:55.861Z"}
{"level":"info","message":"⌛ Building environment","timeElapsed":141,"timestamp":"2025-04-28T13:07:58.287Z"}
{"level":"error","message":"✘ Completions for node Return ([11:5, 11:13] - example.wlk) failed: Error: [Return]{a37077} at example.wlk:11 exhausted all cases without a match [Return]{a37077} at example.wlk:11 exhausted all cases without a match","stack":"Error: [Return]{a37077} at example.wlk:11 exhausted all cases without a match\n    at c:\\Users\\Admin\\.vscode\\extensions\\uqbar.wollok-lsp-ide-0.5.0\\out\\server\\src\\server.js:38:6142\n    at Gh (c:\\Users\\Admin\\.vscode\\extensions\\uqbar.wollok-lsp-ide-0.5.0\\out\\server\\src\\server.js:2362:42)\n    at Kh (c:\\Users\\Admin\\.vscode\\extensions\\uqbar.wollok-lsp-ide-0.5.0\\out\\server\\src\\server.js:2362:1053)\n    at d8n (c:\\Users\\Admin\\.vscode\\extensions\\uqbar.wollok-lsp-ide-0.5.0\\out\\server\\src\\server.js:2362:1209)\n    at c:\\Users\\Admin\\.vscode\\extensions\\uqbar.wollok-lsp-ide-0.5.0\\out\\server\\src\\server.js:38:6131\n    at Gh (c:\\Users\\Admin\\.vscode\\extensions\\uqbar.wollok-lsp-ide-0.5.0\\out\\server\\src\\server.js:2362:42)\n    at c:\\Users\\Admin\\.vscode\\extensions\\uqbar.wollok-lsp-ide-0.5.0\\out\\server\\src\\server.js:2362:2949\n    at c:\\Users\\Admin\\.vscode\\extensions\\uqbar.wollok-lsp-ide-0.5.0\\out\\server\\src\\server.js:2371:8632\n    at c:\\Users\\Admin\\.vscode\\extensions\\uqbar.wollok-lsp-ide-0.5.0\\out\\server\\src\\server.js:37:74872\n    at Ye (c:\\Users\\Admin\\.vscode\\extensions\\uqbar.wollok-lsp-ide-0.5.0\\out\\server\\src\\server.js:7:8527)","timestamp":"2025-04-28T13:07:58.327Z"}
{"level":"info","message":"⌛ Validating example.wlk","timeElapsed":215,"timestamp":"2025-04-28T13:07:58.545Z"}
{"level":"info","message":"onRequest - completionItem/resolve","timestamp":"2025-04-28T13:07:58.636Z"}
{"level":"info","message":"⌛ Validating example.wlk","timeElapsed":133,"timestamp":"2025-04-28T13:07:58.812Z"}
{"level":"info","message":"⌛ Building environment","timeElapsed":109,"timestamp":"2025-04-28T13:07:59.082Z"}
{"level":"info","message":"⌛ Validating example.wlk","timeElapsed":127,"timestamp":"2025-04-28T13:07:59.212Z"}
{"level":"info","message":"⌛ Validating example.wlk","timeElapsed":137,"timestamp":"2025-04-28T13:07:59.446Z"}
{"level":"info","message":"⌛ Building environment","timeElapsed":105,"timestamp":"2025-04-28T13:07:59.552Z"}
{"level":"info","message":"⌛ Validating example.wlk","timeElapsed":124,"timestamp":"2025-04-28T13:07:59.870Z"}
{"level":"info","message":"⌛ Validating example.wlk","timeElapsed":126,"timestamp":"2025-04-28T13:08:00.084Z"}
{"level":"info","message":"⌛ Validating example.wlk","timeElapsed":115,"timestamp":"2025-04-28T13:08:00.277Z"}
{"level":"info","message":"⌛ Validating example.wlk","timeElapsed":120,"timestamp":"2025-04-28T13:08:00.474Z"}
{"level":"info","message":"⌛ Validating example.wlk","timeElapsed":112,"timestamp":"2025-04-28T13:08:00.588Z"}
{"level":"info","message":"⌛ Validating example.wlk","timeElapsed":126,"timestamp":"2025-04-28T13:08:00.719Z"}
{"level":"info","message":"⌛ Validating example.wlk","timeElapsed":202,"timestamp":"2025-04-28T13:08:01.009Z"}
{"level":"info","message":"⌛ Building environment","timeElapsed":117,"timestamp":"2025-04-28T13:08:01.135Z"}
{"level":"error","message":"✘ Completions for node Return ([11:5, 11:22] - example.wlk) failed: Error: [Return]{459e64} at example.wlk:11 exhausted all cases without a match [Return]{459e64} at example.wlk:11 exhausted all cases without a match","stack":"Error: [Return]{459e64} at example.wlk:11 exhausted all cases without a match\n    at c:\\Users\\Admin\\.vscode\\extensions\\uqbar.wollok-lsp-ide-0.5.0\\out\\server\\src\\server.js:38:6142\n    at Gh (c:\\Users\\Admin\\.vscode\\extensions\\uqbar.wollok-lsp-ide-0.5.0\\out\\server\\src\\server.js:2362:42)\n    at Kh (c:\\Users\\Admin\\.vscode\\extensions\\uqbar.wollok-lsp-ide-0.5.0\\out\\server\\src\\server.js:2362:1053)\n    at d8n (c:\\Users\\Admin\\.vscode\\extensions\\uqbar.wollok-lsp-ide-0.5.0\\out\\server\\src\\server.js:2362:1209)\n    at c:\\Users\\Admin\\.vscode\\extensions\\uqbar.wollok-lsp-ide-0.5.0\\out\\server\\src\\server.js:38:6131\n    at Gh (c:\\Users\\Admin\\.vscode\\extensions\\uqbar.wollok-lsp-ide-0.5.0\\out\\server\\src\\server.js:2362:42)\n    at c:\\Users\\Admin\\.vscode\\extensions\\uqbar.wollok-lsp-ide-0.5.0\\out\\server\\src\\server.js:2362:2949\n    at c:\\Users\\Admin\\.vscode\\extensions\\uqbar.wollok-lsp-ide-0.5.0\\out\\server\\src\\server.js:2371:8632\n    at c:\\Users\\Admin\\.vscode\\extensions\\uqbar.wollok-lsp-ide-0.5.0\\out\\server\\src\\server.js:37:74872\n    at Ye (c:\\Users\\Admin\\.vscode\\extensions\\uqbar.wollok-lsp-ide-0.5.0\\out\\server\\src\\server.js:7:8527)","timestamp":"2025-04-28T13:08:01.166Z"}
{"level":"info","message":"⌛ Validating example.wlk","timeElapsed":119,"timestamp":"2025-04-28T13:08:01.370Z"}
{"level":"info","message":"onRequest - completionItem/resolve","timestamp":"2025-04-28T13:08:01.371Z"}
{"level":"info","message":"⌛ Validating example.wlk","timeElapsed":124,"timestamp":"2025-04-28T13:08:01.495Z"}
{"level":"info","message":"⌛ Building environment","timeElapsed":158,"timestamp":"2025-04-28T13:08:06.662Z"}
{"level":"info","message":"⌛ Validating example.wlk","timeElapsed":137,"timestamp":"2025-04-28T13:08:06.800Z"}
{"level":"info","message":"⌛ Building environment","timeElapsed":113,"timestamp":"2025-04-28T13:08:06.966Z"}
{"level":"info","message":"⌛ Building environment","timeElapsed":107,"timestamp":"2025-04-28T13:08:07.113Z"}
{"level":"info","message":"⌛ Validating example.wlk","timeElapsed":249,"timestamp":"2025-04-28T13:08:07.363Z"}
{"level":"info","message":"onRequest - completionItem/resolve","timestamp":"2025-04-28T13:08:07.363Z"}
{"level":"info","message":"onRequest - completionItem/resolve","timestamp":"2025-04-28T13:08:07.462Z"}
{"level":"info","message":"⌛ Validating example.wlk","timeElapsed":148,"timestamp":"2025-04-28T13:08:07.610Z"}
{"level":"info","message":"⌛ Building environment","timeElapsed":106,"timestamp":"2025-04-28T13:08:07.716Z"}
{"level":"info","message":"onRequest - completionItem/resolve","timestamp":"2025-04-28T13:08:07.717Z"}
{"level":"info","message":"onRequest - completionItem/resolve","timestamp":"2025-04-28T13:08:07.799Z"}
{"level":"info","message":"⌛ Validating example.wlk","timeElapsed":119,"timestamp":"2025-04-28T13:08:07.918Z"}
{"level":"error","message":"✘ Failed to rebuild document Failed to parse example.wlk: \n-- PARSING FAILED --------------------------------------------------\n\n  12 |   }\n  13 |   method\n> 14 | }\n     | ^\n  15 | \n  16 | object roberto {\n\nExpected one of the following: \n\n'!=', '!==', '%', '&&', '*', '**', '+', '-', '->', '..', '..<', '/', '<', '<<', '<<<', '<=', '<=>', '<>', '==', '===', '>', '>..', '>=', '>>', '>>>', '?:', 'and', 'invert', 'negate', 'or', 'plus', '||', identifier, whitespace\n","stack":"Error: Failed to parse example.wlk: \n-- PARSING FAILED --------------------------------------------------\n\n  12 |   }\n  13 |   method\n> 14 | }\n     | ^\n  15 | \n  16 | object roberto {\n\nExpected one of the following: \n\n'!=', '!==', '%', '&&', '*', '**', '+', '-', '->', '..', '..<', '/', '<', '<<', '<<<', '<=', '<=>', '<>', '==', '===', '>', '>..', '>=', '>>', '>>>', '?:', 'and', 'invert', 'negate', 'or', 'plus', '||', identifier, whitespace\n\n    at c:\\Users\\Admin\\.vscode\\extensions\\uqbar.wollok-lsp-ide-0.5.0\\out\\server\\src\\server.js:2326:13026\n    at Array.map (<anonymous>)\n    at P1n (c:\\Users\\Admin\\.vscode\\extensions\\uqbar.wollok-lsp-ide-0.5.0\\out\\server\\src\\server.js:2326:12950)\n    at U2.buildEnvironmentFrom (c:\\Users\\Admin\\.vscode\\extensions\\uqbar.wollok-lsp-ide-0.5.0\\out\\server\\src\\server.js:2371:5255)\n    at U2.updateEnvironmentWith (c:\\Users\\Admin\\.vscode\\extensions\\uqbar.wollok-lsp-ide-0.5.0\\out\\server\\src\\server.js:2371:4990)\n    at UF (c:\\Users\\Admin\\.vscode\\extensions\\uqbar.wollok-lsp-ide-0.5.0\\out\\server\\src\\server.js:2371:7147)\n    at F3.invoke (c:\\Users\\Admin\\.vscode\\extensions\\uqbar.wollok-lsp-ide-0.5.0\\out\\server\\src\\server.js:3:157316)\n    at o.fire (c:\\Users\\Admin\\.vscode\\extensions\\uqbar.wollok-lsp-ide-0.5.0\\out\\server\\src\\server.js:3:158086)\n    at c:\\Users\\Admin\\.vscode\\extensions\\uqbar.wollok-lsp-ide-0.5.0\\out\\server\\src\\server.js:37:57871\n    at Qr (c:\\Users\\Admin\\.vscode\\extensions\\uqbar.wollok-lsp-ide-0.5.0\\out\\server\\src\\server.js:8:1561)","timestamp":"2025-04-28T13:08:07.923Z"}
{"level":"info","message":"onRequest - completionItem/resolve","timestamp":"2025-04-28T13:08:07.923Z"}
{"level":"error","message":"✘ Failed to rebuild document Failed to parse example.wlk: \n-- PARSING FAILED --------------------------------------------------\n\n  12 |   }\n  13 |   method \n> 14 | }\n     | ^\n  15 | \n  16 | object roberto {\n\nExpected one of the following: \n\n'!=', '!==', '%', '&&', '*', '**', '+', '-', '->', '..', '..<', '/', '<', '<<', '<<<', '<=', '<=>', '<>', '==', '===', '>', '>..', '>=', '>>', '>>>', '?:', 'and', 'invert', 'negate', 'or', 'plus', '||', identifier, whitespace\n","stack":"Error: Failed to parse example.wlk: \n-- PARSING FAILED --------------------------------------------------\n\n  12 |   }\n  13 |   method \n> 14 | }\n     | ^\n  15 | \n  16 | object roberto {\n\nExpected one of the following: \n\n'!=', '!==', '%', '&&', '*', '**', '+', '-', '->', '..', '..<', '/', '<', '<<', '<<<', '<=', '<=>', '<>', '==', '===', '>', '>..', '>=', '>>', '>>>', '?:', 'and', 'invert', 'negate', 'or', 'plus', '||', identifier, whitespace\n\n    at c:\\Users\\Admin\\.vscode\\extensions\\uqbar.wollok-lsp-ide-0.5.0\\out\\server\\src\\server.js:2326:13026\n    at Array.map (<anonymous>)\n    at P1n (c:\\Users\\Admin\\.vscode\\extensions\\uqbar.wollok-lsp-ide-0.5.0\\out\\server\\src\\server.js:2326:12950)\n    at U2.buildEnvironmentFrom (c:\\Users\\Admin\\.vscode\\extensions\\uqbar.wollok-lsp-ide-0.5.0\\out\\server\\src\\server.js:2371:5255)\n    at U2.updateEnvironmentWith (c:\\Users\\Admin\\.vscode\\extensions\\uqbar.wollok-lsp-ide-0.5.0\\out\\server\\src\\server.js:2371:4990)\n    at UF (c:\\Users\\Admin\\.vscode\\extensions\\uqbar.wollok-lsp-ide-0.5.0\\out\\server\\src\\server.js:2371:7147)\n    at F3.invoke (c:\\Users\\Admin\\.vscode\\extensions\\uqbar.wollok-lsp-ide-0.5.0\\out\\server\\src\\server.js:3:157316)\n    at o.fire (c:\\Users\\Admin\\.vscode\\extensions\\uqbar.wollok-lsp-ide-0.5.0\\out\\server\\src\\server.js:3:158086)\n    at c:\\Users\\Admin\\.vscode\\extensions\\uqbar.wollok-lsp-ide-0.5.0\\out\\server\\src\\server.js:37:57871\n    at Qr (c:\\Users\\Admin\\.vscode\\extensions\\uqbar.wollok-lsp-ide-0.5.0\\out\\server\\src\\server.js:8:1561)","timestamp":"2025-04-28T13:08:07.930Z"}
{"level":"info","message":"onRequest - completionItem/resolve","timestamp":"2025-04-28T13:08:07.931Z"}
{"level":"info","message":"⌛ Validating example.wlk","timeElapsed":133,"timestamp":"2025-04-28T13:08:08.064Z"}
{"level":"info","message":"⌛ Validating example.wlk","timeElapsed":120,"timestamp":"2025-04-28T13:08:08.184Z"}
{"level":"info","message":"⌛ Validating example.wlk","timeElapsed":125,"timestamp":"2025-04-28T13:08:08.562Z"}
{"level":"info","message":"⌛ Validating example.wlk","timeElapsed":128,"timestamp":"2025-04-28T13:08:08.809Z"}
{"level":"info","message":"⌛ Validating example.wlk","timeElapsed":116,"timestamp":"2025-04-28T13:08:09.233Z"}
{"level":"info","message":"⌛ Validating example.wlk","timeElapsed":117,"timestamp":"2025-04-28T13:08:09.436Z"}
{"level":"info","message":"⌛ Validating example.wlk","timeElapsed":120,"timestamp":"2025-04-28T13:08:09.557Z"}
{"level":"info","message":"⌛ Validating example.wlk","timeElapsed":118,"timestamp":"2025-04-28T13:08:09.682Z"}
{"level":"info","message":"⌛ Validating example.wlk","timeElapsed":125,"timestamp":"2025-04-28T13:08:10.382Z"}
{"level":"info","message":"⌛ Validating example.wlk","timeElapsed":109,"timestamp":"2025-04-28T13:08:10.603Z"}
{"level":"info","message":"⌛ Validating example.wlk","timeElapsed":113,"timestamp":"2025-04-28T13:08:11.299Z"}
{"level":"info","message":"⌛ Building environment","timeElapsed":114,"timestamp":"2025-04-28T13:08:11.498Z"}
{"level":"info","message":"⌛ Validating example.wlk","timeElapsed":131,"timestamp":"2025-04-28T13:08:11.668Z"}
{"level":"info","message":"⌛ Validating example.wlk","timeElapsed":118,"timestamp":"2025-04-28T13:08:11.883Z"}
{"level":"info","message":"⌛ Validating example.wlk","timeElapsed":158,"timestamp":"2025-04-28T13:08:12.384Z"}
{"level":"info","message":"⌛ Validating example.wlk","timeElapsed":114,"timestamp":"2025-04-28T13:08:12.609Z"}
{"level":"info","message":"⌛ Validating example.wlk","timeElapsed":122,"timestamp":"2025-04-28T13:08:13.543Z"}
{"level":"info","message":"⌛ Validating example.wlk","timeElapsed":113,"timestamp":"2025-04-28T13:08:13.853Z"}
{"level":"info","message":"⌛ Validating example.wlk","timeElapsed":130,"timestamp":"2025-04-28T13:08:13.983Z"}
{"level":"info","message":"⌛ Validating example.wlk","timeElapsed":126,"timestamp":"2025-04-28T13:08:14.215Z"}
{"level":"info","message":"⌛ Building environment","timeElapsed":104,"timestamp":"2025-04-28T13:08:14.320Z"}
{"level":"info","message":"⌛ Building environment","timeElapsed":101,"timestamp":"2025-04-28T13:08:14.447Z"}
{"level":"info","message":"⌛ Validating example.wlk","timeElapsed":130,"timestamp":"2025-04-28T13:08:14.672Z"}
{"level":"info","message":"⌛ Validating example.wlk","timeElapsed":178,"timestamp":"2025-04-28T13:08:15.011Z"}
{"level":"info","message":"⌛ Validating example.wlk","timeElapsed":131,"timestamp":"2025-04-28T13:08:15.142Z"}
{"level":"info","message":"⌛ Validating example.wlk","timeElapsed":115,"timestamp":"2025-04-28T13:08:15.426Z"}
{"level":"info","message":"⌛ Validating example.wlk","timeElapsed":173,"timestamp":"2025-04-28T13:08:15.778Z"}
{"level":"info","message":"⌛ Validating example.wlk","timeElapsed":119,"timestamp":"2025-04-28T13:08:15.898Z"}
{"level":"info","message":"⌛ Validating example.wlk","timeElapsed":122,"timestamp":"2025-04-28T13:08:16.026Z"}
{"level":"info","message":"⌛ Validating example.wlk","timeElapsed":115,"timestamp":"2025-04-28T13:08:16.142Z"}
{"level":"info","message":"⌛ Building environment","timeElapsed":148,"timestamp":"2025-04-28T13:08:19.009Z"}
{"level":"info","message":"⌛ Validating example.wlk","timeElapsed":131,"timestamp":"2025-04-28T13:08:19.142Z"}
{"level":"info","message":"⌛ Building environment","timeElapsed":102,"timestamp":"2025-04-28T13:09:49.787Z"}
{"level":"info","message":"⌛ Validating example.wlk","timeElapsed":150,"timestamp":"2025-04-28T13:09:49.941Z"}
{"level":"info","message":"⌛ Building environment","timeElapsed":115,"timestamp":"2025-04-28T13:09:54.055Z"}
{"level":"info","message":"⌛ Validating example.wlk","timeElapsed":118,"timestamp":"2025-04-28T13:09:54.174Z"}
{"level":"info","message":"⌛ Building environment","timeElapsed":122,"timestamp":"2025-04-28T13:10:12.589Z"}
{"level":"info","message":"⌛ Validating example.wlk","timeElapsed":127,"timestamp":"2025-04-28T13:10:12.719Z"}
{"level":"info","message":"⌛ Building environment","timeElapsed":186,"timestamp":"2025-04-28T13:10:13.020Z"}
{"level":"info","message":"⌛ Validating example.wlk","timeElapsed":155,"timestamp":"2025-04-28T13:10:13.175Z"}
{"level":"info","message":"⌛ Validating example.wlk","timeElapsed":117,"timestamp":"2025-04-28T13:10:13.382Z"}
{"level":"info","message":"⌛ Validating example.wlk","timeElapsed":117,"timestamp":"2025-04-28T13:10:13.651Z"}
{"level":"info","message":"⌛ Validating example.wlk","timeElapsed":126,"timestamp":"2025-04-28T13:10:13.864Z"}
{"level":"info","message":"⌛ Validating example.wlk","timeElapsed":127,"timestamp":"2025-04-28T13:10:14.086Z"}
{"level":"info","message":"⌛ Validating example.wlk","timeElapsed":112,"timestamp":"2025-04-28T13:10:14.379Z"}
{"level":"info","message":"⌛ Validating example.wlk","timeElapsed":120,"timestamp":"2025-04-28T13:10:14.499Z"}
{"level":"info","message":"⌛ Building environment","timeElapsed":115,"timestamp":"2025-04-28T13:12:49.213Z"}
{"level":"info","message":"⌛ Validating example.wlk","timeElapsed":141,"timestamp":"2025-04-28T13:12:49.357Z"}
{"level":"info","message":"⌛ Building environment","timeElapsed":103,"timestamp":"2025-04-28T13:12:50.713Z"}
{"level":"info","message":"⌛ Validating example.wlk","timeElapsed":128,"timestamp":"2025-04-28T13:12:50.842Z"}
{"level":"info","message":"⌛ Building environment","timeElapsed":116,"timestamp":"2025-04-28T13:13:02.798Z"}
{"level":"error","message":"✘ Completions for node Return ([24:5, 24:13] - example.wlk) failed: Error: [Return]{d65a10} at example.wlk:24 exhausted all cases without a match [Return]{d65a10} at example.wlk:24 exhausted all cases without a match","stack":"Error: [Return]{d65a10} at example.wlk:24 exhausted all cases without a match\n    at c:\\Users\\Admin\\.vscode\\extensions\\uqbar.wollok-lsp-ide-0.5.0\\out\\server\\src\\server.js:38:6142\n    at Gh (c:\\Users\\Admin\\.vscode\\extensions\\uqbar.wollok-lsp-ide-0.5.0\\out\\server\\src\\server.js:2362:42)\n    at Kh (c:\\Users\\Admin\\.vscode\\extensions\\uqbar.wollok-lsp-ide-0.5.0\\out\\server\\src\\server.js:2362:1053)\n    at d8n (c:\\Users\\Admin\\.vscode\\extensions\\uqbar.wollok-lsp-ide-0.5.0\\out\\server\\src\\server.js:2362:1209)\n    at c:\\Users\\Admin\\.vscode\\extensions\\uqbar.wollok-lsp-ide-0.5.0\\out\\server\\src\\server.js:38:6131\n    at Gh (c:\\Users\\Admin\\.vscode\\extensions\\uqbar.wollok-lsp-ide-0.5.0\\out\\server\\src\\server.js:2362:42)\n    at c:\\Users\\Admin\\.vscode\\extensions\\uqbar.wollok-lsp-ide-0.5.0\\out\\server\\src\\server.js:2362:2949\n    at c:\\Users\\Admin\\.vscode\\extensions\\uqbar.wollok-lsp-ide-0.5.0\\out\\server\\src\\server.js:2371:8632\n    at c:\\Users\\Admin\\.vscode\\extensions\\uqbar.wollok-lsp-ide-0.5.0\\out\\server\\src\\server.js:37:74872\n    at Ye (c:\\Users\\Admin\\.vscode\\extensions\\uqbar.wollok-lsp-ide-0.5.0\\out\\server\\src\\server.js:7:8527)","timestamp":"2025-04-28T13:13:02.850Z"}
{"level":"info","message":"⌛ Building environment","timeElapsed":111,"timestamp":"2025-04-28T13:13:02.966Z"}
{"level":"info","message":"⌛ Validating example.wlk","timeElapsed":153,"timestamp":"2025-04-28T13:13:03.120Z"}
{"level":"info","message":"onRequest - completionItem/resolve","timestamp":"2025-04-28T13:13:03.120Z"}
{"level":"info","message":"onRequest - completionItem/resolve","timestamp":"2025-04-28T13:13:03.214Z"}
{"level":"info","message":"⌛ Validating example.wlk","timeElapsed":150,"timestamp":"2025-04-28T13:13:03.364Z"}
{"level":"info","message":"onRequest - completionItem/resolve","timestamp":"2025-04-28T13:13:03.448Z"}
{"level":"info","message":"onRequest - completionItem/resolve","timestamp":"2025-04-28T13:13:03.533Z"}
{"level":"info","message":"⌛ Validating example.wlk","timeElapsed":207,"timestamp":"2025-04-28T13:13:03.741Z"}
{"level":"info","message":"onRequest - completionItem/resolve","timestamp":"2025-04-28T13:13:03.837Z"}
{"level":"info","message":"⌛ Validating example.wlk","timeElapsed":144,"timestamp":"2025-04-28T13:13:03.981Z"}
{"level":"info","message":"⌛ Validating example.wlk","timeElapsed":128,"timestamp":"2025-04-28T13:13:04.114Z"}
{"level":"info","message":"onRequest - completionItem/resolve","timestamp":"2025-04-28T13:13:04.209Z"}
{"level":"info","message":"⌛ Validating example.wlk","timeElapsed":127,"timestamp":"2025-04-28T13:13:04.336Z"}
{"level":"info","message":"onRequest - completionItem/resolve","timestamp":"2025-04-28T13:13:04.424Z"}
{"level":"error","message":"✘ Completions for node Return ([24:5, 24:21] - example.wlk) failed: Error: [Return]{6e88f7} at example.wlk:24 exhausted all cases without a match [Return]{6e88f7} at example.wlk:24 exhausted all cases without a match","stack":"Error: [Return]{6e88f7} at example.wlk:24 exhausted all cases without a match\n    at c:\\Users\\Admin\\.vscode\\extensions\\uqbar.wollok-lsp-ide-0.5.0\\out\\server\\src\\server.js:38:6142\n    at Gh (c:\\Users\\Admin\\.vscode\\extensions\\uqbar.wollok-lsp-ide-0.5.0\\out\\server\\src\\server.js:2362:42)\n    at Kh (c:\\Users\\Admin\\.vscode\\extensions\\uqbar.wollok-lsp-ide-0.5.0\\out\\server\\src\\server.js:2362:1053)\n    at d8n (c:\\Users\\Admin\\.vscode\\extensions\\uqbar.wollok-lsp-ide-0.5.0\\out\\server\\src\\server.js:2362:1209)\n    at c:\\Users\\Admin\\.vscode\\extensions\\uqbar.wollok-lsp-ide-0.5.0\\out\\server\\src\\server.js:38:6131\n    at Gh (c:\\Users\\Admin\\.vscode\\extensions\\uqbar.wollok-lsp-ide-0.5.0\\out\\server\\src\\server.js:2362:42)\n    at c:\\Users\\Admin\\.vscode\\extensions\\uqbar.wollok-lsp-ide-0.5.0\\out\\server\\src\\server.js:2362:2949\n    at c:\\Users\\Admin\\.vscode\\extensions\\uqbar.wollok-lsp-ide-0.5.0\\out\\server\\src\\server.js:2371:8632\n    at c:\\Users\\Admin\\.vscode\\extensions\\uqbar.wollok-lsp-ide-0.5.0\\out\\server\\src\\server.js:37:74872\n    at Ye (c:\\Users\\Admin\\.vscode\\extensions\\uqbar.wollok-lsp-ide-0.5.0\\out\\server\\src\\server.js:7:8527)","timestamp":"2025-04-28T13:13:04.542Z"}
{"level":"info","message":"⌛ Validating example.wlk","timeElapsed":130,"timestamp":"2025-04-28T13:13:04.765Z"}
{"level":"info","message":"⌛ Building environment","timeElapsed":102,"timestamp":"2025-04-28T13:13:04.868Z"}
{"level":"info","message":"⌛ Validating example.wlk","timeElapsed":121,"timestamp":"2025-04-28T13:13:04.989Z"}
{"level":"info","message":"⌛ Validating example.wlk","timeElapsed":120,"timestamp":"2025-04-28T13:13:05.108Z"}
{"level":"info","message":"⌛ Building environment","timeElapsed":102,"timestamp":"2025-04-28T13:13:05.211Z"}
{"level":"error","message":"✘ Completions for node Return ([24:5, 24:24] - example.wlk) failed: Error: [Return]{42b498} at example.wlk:24 exhausted all cases without a match [Return]{42b498} at example.wlk:24 exhausted all cases without a match","stack":"Error: [Return]{42b498} at example.wlk:24 exhausted all cases without a match\n    at c:\\Users\\Admin\\.vscode\\extensions\\uqbar.wollok-lsp-ide-0.5.0\\out\\server\\src\\server.js:38:6142\n    at Gh (c:\\Users\\Admin\\.vscode\\extensions\\uqbar.wollok-lsp-ide-0.5.0\\out\\server\\src\\server.js:2362:42)\n    at Kh (c:\\Users\\Admin\\.vscode\\extensions\\uqbar.wollok-lsp-ide-0.5.0\\out\\server\\src\\server.js:2362:1053)\n    at d8n (c:\\Users\\Admin\\.vscode\\extensions\\uqbar.wollok-lsp-ide-0.5.0\\out\\server\\src\\server.js:2362:1209)\n    at c:\\Users\\Admin\\.vscode\\extensions\\uqbar.wollok-lsp-ide-0.5.0\\out\\server\\src\\server.js:38:6131\n    at Gh (c:\\Users\\Admin\\.vscode\\extensions\\uqbar.wollok-lsp-ide-0.5.0\\out\\server\\src\\server.js:2362:42)\n    at c:\\Users\\Admin\\.vscode\\extensions\\uqbar.wollok-lsp-ide-0.5.0\\out\\server\\src\\server.js:2362:2949\n    at c:\\Users\\Admin\\.vscode\\extensions\\uqbar.wollok-lsp-ide-0.5.0\\out\\server\\src\\server.js:2371:8632\n    at c:\\Users\\Admin\\.vscode\\extensions\\uqbar.wollok-lsp-ide-0.5.0\\out\\server\\src\\server.js:37:74872\n    at Ye (c:\\Users\\Admin\\.vscode\\extensions\\uqbar.wollok-lsp-ide-0.5.0\\out\\server\\src\\server.js:7:8527)","timestamp":"2025-04-28T13:13:05.236Z"}
{"level":"info","message":"⌛ Validating example.wlk","timeElapsed":123,"timestamp":"2025-04-28T13:13:05.363Z"}
{"level":"info","message":"⌛ Validating example.wlk","timeElapsed":123,"timestamp":"2025-04-28T13:13:05.733Z"}
{"level":"info","message":"⌛ Validating example.wlk","timeElapsed":129,"timestamp":"2025-04-28T13:13:05.867Z"}
{"level":"info","message":"⌛ Validating example.wlk","timeElapsed":175,"timestamp":"2025-04-28T13:13:06.050Z"}
{"level":"info","message":"⌛ Validating example.wlk","timeElapsed":129,"timestamp":"2025-04-28T13:13:06.179Z"}
{"level":"info","message":"⌛ Validating example.wlk","timeElapsed":115,"timestamp":"2025-04-28T13:13:06.294Z"}
{"level":"info","message":"⌛ Building environment","timeElapsed":149,"timestamp":"2025-04-28T13:13:07.764Z"}
{"level":"info","message":"⌛ Building environment","timeElapsed":155,"timestamp":"2025-04-28T13:13:07.965Z"}
{"level":"info","message":"⌛ Validating example.wlk","timeElapsed":134,"timestamp":"2025-04-28T13:13:08.135Z"}
{"level":"info","message":"⌛ Validating example.wlk","timeElapsed":119,"timestamp":"2025-04-28T13:13:08.431Z"}
{"level":"info","message":"onRequest - completionItem/resolve","timestamp":"2025-04-28T13:13:08.432Z"}
{"level":"info","message":"⌛ Validating example.wlk","timeElapsed":136,"timestamp":"2025-04-28T13:13:08.572Z"}
{"level":"info","message":"⌛ Validating example.wlk","timeElapsed":118,"timestamp":"2025-04-28T13:13:08.691Z"}
{"level":"info","message":"⌛ Building environment","timeElapsed":104,"timestamp":"2025-04-28T13:13:08.798Z"}
{"level":"info","message":"⌛ Building environment","timeElapsed":103,"timestamp":"2025-04-28T13:13:08.908Z"}
{"level":"info","message":"⌛ Validating example.wlk","timeElapsed":121,"timestamp":"2025-04-28T13:13:09.030Z"}
{"level":"error","message":"✘ Completions for node Field ([23:3, 23:9] - example.wlk) failed: Error: example.roberto.me [Field]{5ec2fa} at example.wlk:23 exhausted all cases without a match example.roberto.me [Field]{5ec2fa} at example.wlk:23 exhausted all cases without a match","stack":"Error: example.roberto.me [Field]{5ec2fa} at example.wlk:23 exhausted all cases without a match\n    at c:\\Users\\Admin\\.vscode\\extensions\\uqbar.wollok-lsp-ide-0.5.0\\out\\server\\src\\server.js:38:6142\n    at Gh (c:\\Users\\Admin\\.vscode\\extensions\\uqbar.wollok-lsp-ide-0.5.0\\out\\server\\src\\server.js:2362:42)\n    at c:\\Users\\Admin\\.vscode\\extensions\\uqbar.wollok-lsp-ide-0.5.0\\out\\server\\src\\server.js:2362:2949\n    at c:\\Users\\Admin\\.vscode\\extensions\\uqbar.wollok-lsp-ide-0.5.0\\out\\server\\src\\server.js:2371:8632\n    at c:\\Users\\Admin\\.vscode\\extensions\\uqbar.wollok-lsp-ide-0.5.0\\out\\server\\src\\server.js:37:74872\n    at Ye (c:\\Users\\Admin\\.vscode\\extensions\\uqbar.wollok-lsp-ide-0.5.0\\out\\server\\src\\server.js:7:8527)\n    at Dt (c:\\Users\\Admin\\.vscode\\extensions\\uqbar.wollok-lsp-ide-0.5.0\\out\\server\\src\\server.js:7:6189)\n    at Zi (c:\\Users\\Admin\\.vscode\\extensions\\uqbar.wollok-lsp-ide-0.5.0\\out\\server\\src\\server.js:7:6378)\n    at Immediate._onImmediate (c:\\Users\\Admin\\.vscode\\extensions\\uqbar.wollok-lsp-ide-0.5.0\\out\\server\\src\\server.js:7:6142)\n    at process.processImmediate (node:internal/timers:483:21)","timestamp":"2025-04-28T13:13:09.148Z"}
{"level":"info","message":"⌛ Validating example.wlk","timeElapsed":236,"timestamp":"2025-04-28T13:13:09.385Z"}
{"level":"info","message":"⌛ Validating example.wlk","timeElapsed":115,"timestamp":"2025-04-28T13:13:09.664Z"}
{"level":"info","message":"onRequest - completionItem/resolve","timestamp":"2025-04-28T13:13:09.666Z"}
{"level":"info","message":"onRequest - completionItem/resolve","timestamp":"2025-04-28T13:13:09.744Z"}
{"level":"error","message":"✘ Completions for node Field ([23:3, 23:13] - example.wlk) failed: Error: example.roberto.metodo [Field]{28a053} at example.wlk:23 exhausted all cases without a match example.roberto.metodo [Field]{28a053} at example.wlk:23 exhausted all cases without a match","stack":"Error: example.roberto.metodo [Field]{28a053} at example.wlk:23 exhausted all cases without a match\n    at c:\\Users\\Admin\\.vscode\\extensions\\uqbar.wollok-lsp-ide-0.5.0\\out\\server\\src\\server.js:38:6142\n    at Gh (c:\\Users\\Admin\\.vscode\\extensions\\uqbar.wollok-lsp-ide-0.5.0\\out\\server\\src\\server.js:2362:42)\n    at c:\\Users\\Admin\\.vscode\\extensions\\uqbar.wollok-lsp-ide-0.5.0\\out\\server\\src\\server.js:2362:2949\n    at c:\\Users\\Admin\\.vscode\\extensions\\uqbar.wollok-lsp-ide-0.5.0\\out\\server\\src\\server.js:2371:8632\n    at c:\\Users\\Admin\\.vscode\\extensions\\uqbar.wollok-lsp-ide-0.5.0\\out\\server\\src\\server.js:37:74872\n    at Ye (c:\\Users\\Admin\\.vscode\\extensions\\uqbar.wollok-lsp-ide-0.5.0\\out\\server\\src\\server.js:7:8527)\n    at Dt (c:\\Users\\Admin\\.vscode\\extensions\\uqbar.wollok-lsp-ide-0.5.0\\out\\server\\src\\server.js:7:6189)\n    at Zi (c:\\Users\\Admin\\.vscode\\extensions\\uqbar.wollok-lsp-ide-0.5.0\\out\\server\\src\\server.js:7:6378)\n    at Immediate._onImmediate (c:\\Users\\Admin\\.vscode\\extensions\\uqbar.wollok-lsp-ide-0.5.0\\out\\server\\src\\server.js:7:6142)\n    at process.processImmediate (node:internal/timers:483:21)","timestamp":"2025-04-28T13:13:09.844Z"}
{"level":"info","message":"⌛ Validating example.wlk","timeElapsed":129,"timestamp":"2025-04-28T13:13:09.973Z"}
{"level":"info","message":"⌛ Validating example.wlk","timeElapsed":117,"timestamp":"2025-04-28T13:13:10.091Z"}
{"level":"info","message":"⌛ Validating example.wlk","timeElapsed":118,"timestamp":"2025-04-28T13:13:10.212Z"}
{"level":"info","message":"⌛ Validating example.wlk","timeElapsed":117,"timestamp":"2025-04-28T13:13:10.329Z"}
{"level":"info","message":"⌛ Validating example.wlk","timeElapsed":124,"timestamp":"2025-04-28T13:13:10.543Z"}
{"level":"info","message":"⌛ Building environment","timeElapsed":114,"timestamp":"2025-04-28T13:13:19.135Z"}
{"level":"error","message":"✘ Completions for node Parameter ([24:24, 24:25] - example.wlk) failed: Error: [Parameter]{ce7041} at example.wlk:24 exhausted all cases without a match [Parameter]{ce7041} at example.wlk:24 exhausted all cases without a match","stack":"Error: [Parameter]{ce7041} at example.wlk:24 exhausted all cases without a match\n    at c:\\Users\\Admin\\.vscode\\extensions\\uqbar.wollok-lsp-ide-0.5.0\\out\\server\\src\\server.js:38:6142\n    at Gh (c:\\Users\\Admin\\.vscode\\extensions\\uqbar.wollok-lsp-ide-0.5.0\\out\\server\\src\\server.js:2362:42)\n    at c:\\Users\\Admin\\.vscode\\extensions\\uqbar.wollok-lsp-ide-0.5.0\\out\\server\\src\\server.js:2362:2949\n    at c:\\Users\\Admin\\.vscode\\extensions\\uqbar.wollok-lsp-ide-0.5.0\\out\\server\\src\\server.js:2371:8632\n    at c:\\Users\\Admin\\.vscode\\extensions\\uqbar.wollok-lsp-ide-0.5.0\\out\\server\\src\\server.js:37:74872\n    at Ye (c:\\Users\\Admin\\.vscode\\extensions\\uqbar.wollok-lsp-ide-0.5.0\\out\\server\\src\\server.js:7:8527)\n    at Dt (c:\\Users\\Admin\\.vscode\\extensions\\uqbar.wollok-lsp-ide-0.5.0\\out\\server\\src\\server.js:7:6189)\n    at Zi (c:\\Users\\Admin\\.vscode\\extensions\\uqbar.wollok-lsp-ide-0.5.0\\out\\server\\src\\server.js:7:6378)\n    at Immediate._onImmediate (c:\\Users\\Admin\\.vscode\\extensions\\uqbar.wollok-lsp-ide-0.5.0\\out\\server\\src\\server.js:7:6142)\n    at process.processImmediate (node:internal/timers:483:21)","timestamp":"2025-04-28T13:13:19.165Z"}
{"level":"info","message":"⌛ Validating example.wlk","timeElapsed":136,"timestamp":"2025-04-28T13:13:19.304Z"}
{"level":"info","message":"onRequest - completionItem/resolve","timestamp":"2025-04-28T13:13:19.304Z"}
{"level":"info","message":"⌛ Building environment","timeElapsed":106,"timestamp":"2025-04-28T13:13:19.536Z"}
{"level":"info","message":"⌛ Validating example.wlk","timeElapsed":149,"timestamp":"2025-04-28T13:13:19.694Z"}
{"level":"info","message":"⌛ Building environment","timeElapsed":104,"timestamp":"2025-04-28T13:13:22.563Z"}
{"level":"info","message":"⌛ Validating example.wlk","timeElapsed":117,"timestamp":"2025-04-28T13:13:22.683Z"}
{"level":"info","message":"⌛ Building environment","timeElapsed":124,"timestamp":"2025-04-28T13:13:23.244Z"}
{"level":"info","message":"⌛ Building environment","timeElapsed":131,"timestamp":"2025-04-28T13:13:23.410Z"}
{"level":"info","message":"⌛ Validating example.wlk","timeElapsed":229,"timestamp":"2025-04-28T13:13:23.641Z"}
{"level":"info","message":"onRequest - completionItem/resolve","timestamp":"2025-04-28T13:13:23.740Z"}
{"level":"info","message":"⌛ Validating example.wlk","timeElapsed":129,"timestamp":"2025-04-28T13:13:23.869Z"}
{"level":"info","message":"onRequest - completionItem/resolve","timestamp":"2025-04-28T13:13:23.952Z"}
{"level":"info","message":"onRequest - completionItem/resolve","timestamp":"2025-04-28T13:13:24.043Z"}
{"level":"info","message":"onRequest - completionItem/resolve","timestamp":"2025-04-28T13:13:24.120Z"}
{"level":"info","message":"⌛ Validating example.wlk","timeElapsed":122,"timestamp":"2025-04-28T13:13:24.243Z"}
{"level":"info","message":"⌛ Validating example.wlk","timeElapsed":128,"timestamp":"2025-04-28T13:13:24.377Z"}
{"level":"info","message":"⌛ Validating example.wlk","timeElapsed":126,"timestamp":"2025-04-28T13:13:24.504Z"}
{"level":"info","message":"⌛ Validating example.wlk","timeElapsed":124,"timestamp":"2025-04-28T13:13:24.629Z"}
{"level":"info","message":"⌛ Building environment","timeElapsed":108,"timestamp":"2025-04-28T13:13:24.739Z"}
{"level":"info","message":"onRequest - completionItem/resolve","timestamp":"2025-04-28T13:13:24.741Z"}
{"level":"info","message":"⌛ Validating example.wlk","timeElapsed":142,"timestamp":"2025-04-28T13:13:25.089Z"}
{"level":"info","message":"⌛ Validating example.wlk","timeElapsed":115,"timestamp":"2025-04-28T13:13:25.295Z"}
{"level":"info","message":"⌛ Building environment","timeElapsed":112,"timestamp":"2025-04-28T13:13:25.409Z"}
{"level":"info","message":"⌛ Validating example.wlk","timeElapsed":117,"timestamp":"2025-04-28T13:13:25.526Z"}
{"level":"info","message":"onRequest - completionItem/resolve","timestamp":"2025-04-28T13:13:25.527Z"}
{"level":"info","message":"onRequest - completionItem/resolve","timestamp":"2025-04-28T13:13:25.609Z"}
{"level":"info","message":"onRequest - completionItem/resolve","timestamp":"2025-04-28T13:13:25.690Z"}
{"level":"info","message":"⌛ Validating example.wlk","timeElapsed":116,"timestamp":"2025-04-28T13:13:25.805Z"}
{"level":"info","message":"⌛ Validating example.wlk","timeElapsed":171,"timestamp":"2025-04-28T13:13:25.980Z"}
{"level":"info","message":"⌛ Validating example.wlk","timeElapsed":161,"timestamp":"2025-04-28T13:13:26.144Z"}
{"level":"info","message":"⌛ Validating example.wlk","timeElapsed":125,"timestamp":"2025-04-28T13:13:26.269Z"}
{"level":"info","message":"onRequest - completionItem/resolve","timestamp":"2025-04-28T13:13:26.363Z"}
{"level":"info","message":"onRequest - completionItem/resolve","timestamp":"2025-04-28T13:13:26.457Z"}
{"level":"info","message":"⌛ Validating example.wlk","timeElapsed":166,"timestamp":"2025-04-28T13:13:26.624Z"}
{"level":"info","message":"⌛ Validating example.wlk","timeElapsed":126,"timestamp":"2025-04-28T13:13:26.750Z"}
{"level":"info","message":"⌛ Building environment","timeElapsed":109,"timestamp":"2025-04-28T13:13:26.895Z"}
{"level":"info","message":"⌛ Validating example.wlk","timeElapsed":116,"timestamp":"2025-04-28T13:13:27.038Z"}
{"level":"info","message":"⌛ Validating example.wlk","timeElapsed":136,"timestamp":"2025-04-28T13:13:27.330Z"}
{"level":"info","message":"⌛ Validating example.wlk","timeElapsed":115,"timestamp":"2025-04-28T13:13:27.657Z"}
{"level":"info","message":"⌛ Validating example.wlk","timeElapsed":111,"timestamp":"2025-04-28T13:13:27.877Z"}
{"level":"info","message":"⌛ Validating example.wlk","timeElapsed":114,"timestamp":"2025-04-28T13:13:27.992Z"}
{"level":"info","message":"⌛ Validating example.wlk","timeElapsed":189,"timestamp":"2025-04-28T13:13:28.611Z"}
{"level":"info","message":"⌛ Building environment","timeElapsed":147,"timestamp":"2025-04-28T13:13:30.300Z"}
{"level":"error","message":"✘ Completions for node Parameter ([27:24, 27:25] - example.wlk) failed: Error: [Parameter]{96763d} at example.wlk:27 exhausted all cases without a match [Parameter]{96763d} at example.wlk:27 exhausted all cases without a match","stack":"Error: [Parameter]{96763d} at example.wlk:27 exhausted all cases without a match\n    at c:\\Users\\Admin\\.vscode\\extensions\\uqbar.wollok-lsp-ide-0.5.0\\out\\server\\src\\server.js:38:6142\n    at Gh (c:\\Users\\Admin\\.vscode\\extensions\\uqbar.wollok-lsp-ide-0.5.0\\out\\server\\src\\server.js:2362:42)\n    at c:\\Users\\Admin\\.vscode\\extensions\\uqbar.wollok-lsp-ide-0.5.0\\out\\server\\src\\server.js:2362:2949\n    at c:\\Users\\Admin\\.vscode\\extensions\\uqbar.wollok-lsp-ide-0.5.0\\out\\server\\src\\server.js:2371:8632\n    at c:\\Users\\Admin\\.vscode\\extensions\\uqbar.wollok-lsp-ide-0.5.0\\out\\server\\src\\server.js:37:74872\n    at Ye (c:\\Users\\Admin\\.vscode\\extensions\\uqbar.wollok-lsp-ide-0.5.0\\out\\server\\src\\server.js:7:8527)\n    at Dt (c:\\Users\\Admin\\.vscode\\extensions\\uqbar.wollok-lsp-ide-0.5.0\\out\\server\\src\\server.js:7:6189)\n    at Zi (c:\\Users\\Admin\\.vscode\\extensions\\uqbar.wollok-lsp-ide-0.5.0\\out\\server\\src\\server.js:7:6378)\n    at Immediate._onImmediate (c:\\Users\\Admin\\.vscode\\extensions\\uqbar.wollok-lsp-ide-0.5.0\\out\\server\\src\\server.js:7:6142)\n    at process.processImmediate (node:internal/timers:483:21)","timestamp":"2025-04-28T13:13:30.335Z"}
{"level":"info","message":"⌛ Validating example.wlk","timeElapsed":136,"timestamp":"2025-04-28T13:13:30.476Z"}
{"level":"info","message":"⌛ Validating example.wlk","timeElapsed":182,"timestamp":"2025-04-28T13:13:30.745Z"}
{"level":"error","message":"✘ Completions for node Parameter ([27:24, 27:27] - example.wlk) failed: Error: [Parameter]{76986d} at example.wlk:27 exhausted all cases without a match [Parameter]{76986d} at example.wlk:27 exhausted all cases without a match","stack":"Error: [Parameter]{76986d} at example.wlk:27 exhausted all cases without a match\n    at c:\\Users\\Admin\\.vscode\\extensions\\uqbar.wollok-lsp-ide-0.5.0\\out\\server\\src\\server.js:38:6142\n    at Gh (c:\\Users\\Admin\\.vscode\\extensions\\uqbar.wollok-lsp-ide-0.5.0\\out\\server\\src\\server.js:2362:42)\n    at c:\\Users\\Admin\\.vscode\\extensions\\uqbar.wollok-lsp-ide-0.5.0\\out\\server\\src\\server.js:2362:2949\n    at c:\\Users\\Admin\\.vscode\\extensions\\uqbar.wollok-lsp-ide-0.5.0\\out\\server\\src\\server.js:2371:8632\n    at c:\\Users\\Admin\\.vscode\\extensions\\uqbar.wollok-lsp-ide-0.5.0\\out\\server\\src\\server.js:37:74872\n    at Ye (c:\\Users\\Admin\\.vscode\\extensions\\uqbar.wollok-lsp-ide-0.5.0\\out\\server\\src\\server.js:7:8527)\n    at Dt (c:\\Users\\Admin\\.vscode\\extensions\\uqbar.wollok-lsp-ide-0.5.0\\out\\server\\src\\server.js:7:6189)\n    at Zi (c:\\Users\\Admin\\.vscode\\extensions\\uqbar.wollok-lsp-ide-0.5.0\\out\\server\\src\\server.js:7:6378)\n    at Immediate._onImmediate (c:\\Users\\Admin\\.vscode\\extensions\\uqbar.wollok-lsp-ide-0.5.0\\out\\server\\src\\server.js:7:6142)\n    at process.processImmediate (node:internal/timers:483:21)","timestamp":"2025-04-28T13:13:30.870Z"}
{"level":"info","message":"⌛ Validating example.wlk","timeElapsed":154,"timestamp":"2025-04-28T13:13:31.027Z"}
{"level":"info","message":"onRequest - completionItem/resolve","timestamp":"2025-04-28T13:13:31.027Z"}
{"level":"info","message":"⌛ Building environment","timeElapsed":106,"timestamp":"2025-04-28T13:13:31.134Z"}
{"level":"error","message":"✘ Completions for node Parameter ([27:24, 27:28] - example.wlk) failed: Error: [Parameter]{b9bb88} at example.wlk:27 exhausted all cases without a match [Parameter]{b9bb88} at example.wlk:27 exhausted all cases without a match","stack":"Error: [Parameter]{b9bb88} at example.wlk:27 exhausted all cases without a match\n    at c:\\Users\\Admin\\.vscode\\extensions\\uqbar.wollok-lsp-ide-0.5.0\\out\\server\\src\\server.js:38:6142\n    at Gh (c:\\Users\\Admin\\.vscode\\extensions\\uqbar.wollok-lsp-ide-0.5.0\\out\\server\\src\\server.js:2362:42)\n    at c:\\Users\\Admin\\.vscode\\extensions\\uqbar.wollok-lsp-ide-0.5.0\\out\\server\\src\\server.js:2362:2949\n    at c:\\Users\\Admin\\.vscode\\extensions\\uqbar.wollok-lsp-ide-0.5.0\\out\\server\\src\\server.js:2371:8632\n    at c:\\Users\\Admin\\.vscode\\extensions\\uqbar.wollok-lsp-ide-0.5.0\\out\\server\\src\\server.js:37:74872\n    at Ye (c:\\Users\\Admin\\.vscode\\extensions\\uqbar.wollok-lsp-ide-0.5.0\\out\\server\\src\\server.js:7:8527)\n    at Dt (c:\\Users\\Admin\\.vscode\\extensions\\uqbar.wollok-lsp-ide-0.5.0\\out\\server\\src\\server.js:7:6189)\n    at Zi (c:\\Users\\Admin\\.vscode\\extensions\\uqbar.wollok-lsp-ide-0.5.0\\out\\server\\src\\server.js:7:6378)\n    at Immediate._onImmediate (c:\\Users\\Admin\\.vscode\\extensions\\uqbar.wollok-lsp-ide-0.5.0\\out\\server\\src\\server.js:7:6142)\n    at process.processImmediate (node:internal/timers:483:21)","timestamp":"2025-04-28T13:13:31.159Z"}
{"level":"info","message":"⌛ Validating example.wlk","timeElapsed":133,"timestamp":"2025-04-28T13:13:31.383Z"}
{"level":"error","message":"✘ Completions for node Parameter ([27:24, 27:30] - example.wlk) failed: Error: [Parameter]{ffe8e7} at example.wlk:27 exhausted all cases without a match [Parameter]{ffe8e7} at example.wlk:27 exhausted all cases without a match","stack":"Error: [Parameter]{ffe8e7} at example.wlk:27 exhausted all cases without a match\n    at c:\\Users\\Admin\\.vscode\\extensions\\uqbar.wollok-lsp-ide-0.5.0\\out\\server\\src\\server.js:38:6142\n    at Gh (c:\\Users\\Admin\\.vscode\\extensions\\uqbar.wollok-lsp-ide-0.5.0\\out\\server\\src\\server.js:2362:42)\n    at c:\\Users\\Admin\\.vscode\\extensions\\uqbar.wollok-lsp-ide-0.5.0\\out\\server\\src\\server.js:2362:2949\n    at c:\\Users\\Admin\\.vscode\\extensions\\uqbar.wollok-lsp-ide-0.5.0\\out\\server\\src\\server.js:2371:8632\n    at c:\\Users\\Admin\\.vscode\\extensions\\uqbar.wollok-lsp-ide-0.5.0\\out\\server\\src\\server.js:37:74872\n    at Ye (c:\\Users\\Admin\\.vscode\\extensions\\uqbar.wollok-lsp-ide-0.5.0\\out\\server\\src\\server.js:7:8527)\n    at Dt (c:\\Users\\Admin\\.vscode\\extensions\\uqbar.wollok-lsp-ide-0.5.0\\out\\server\\src\\server.js:7:6189)\n    at Zi (c:\\Users\\Admin\\.vscode\\extensions\\uqbar.wollok-lsp-ide-0.5.0\\out\\server\\src\\server.js:7:6378)\n    at Immediate._onImmediate (c:\\Users\\Admin\\.vscode\\extensions\\uqbar.wollok-lsp-ide-0.5.0\\out\\server\\src\\server.js:7:6142)\n    at process.processImmediate (node:internal/timers:483:21)","timestamp":"2025-04-28T13:13:31.487Z"}
{"level":"info","message":"⌛ Validating example.wlk","timeElapsed":128,"timestamp":"2025-04-28T13:13:31.617Z"}
{"level":"info","message":"⌛ Validating example.wlk","timeElapsed":116,"timestamp":"2025-04-28T13:13:31.827Z"}
{"level":"error","message":"✘ Completions for node Parameter ([27:24, 27:32] - example.wlk) failed: Error: [Parameter]{9de4fc} at example.wlk:27 exhausted all cases without a match [Parameter]{9de4fc} at example.wlk:27 exhausted all cases without a match","stack":"Error: [Parameter]{9de4fc} at example.wlk:27 exhausted all cases without a match\n    at c:\\Users\\Admin\\.vscode\\extensions\\uqbar.wollok-lsp-ide-0.5.0\\out\\server\\src\\server.js:38:6142\n    at Gh (c:\\Users\\Admin\\.vscode\\extensions\\uqbar.wollok-lsp-ide-0.5.0\\out\\server\\src\\server.js:2362:42)\n    at c:\\Users\\Admin\\.vscode\\extensions\\uqbar.wollok-lsp-ide-0.5.0\\out\\server\\src\\server.js:2362:2949\n    at c:\\Users\\Admin\\.vscode\\extensions\\uqbar.wollok-lsp-ide-0.5.0\\out\\server\\src\\server.js:2371:8632\n    at c:\\Users\\Admin\\.vscode\\extensions\\uqbar.wollok-lsp-ide-0.5.0\\out\\server\\src\\server.js:37:74872\n    at Ye (c:\\Users\\Admin\\.vscode\\extensions\\uqbar.wollok-lsp-ide-0.5.0\\out\\server\\src\\server.js:7:8527)\n    at Dt (c:\\Users\\Admin\\.vscode\\extensions\\uqbar.wollok-lsp-ide-0.5.0\\out\\server\\src\\server.js:7:6189)\n    at Zi (c:\\Users\\Admin\\.vscode\\extensions\\uqbar.wollok-lsp-ide-0.5.0\\out\\server\\src\\server.js:7:6378)\n    at Immediate._onImmediate (c:\\Users\\Admin\\.vscode\\extensions\\uqbar.wollok-lsp-ide-0.5.0\\out\\server\\src\\server.js:7:6142)\n    at process.processImmediate (node:internal/timers:483:21)","timestamp":"2025-04-28T13:13:31.933Z"}
{"level":"info","message":"⌛ Validating example.wlk","timeElapsed":120,"timestamp":"2025-04-28T13:13:32.055Z"}
{"level":"info","message":"⌛ Validating example.wlk","timeElapsed":207,"timestamp":"2025-04-28T13:13:32.262Z"}
{"level":"info","message":"onRequest - completionItem/resolve","timestamp":"2025-04-28T13:13:32.263Z"}
{"level":"error","message":"✘ Completions for node Parameter ([27:24, 27:31] - example.wlk) failed: Error: [Parameter]{8236cc} at example.wlk:27 exhausted all cases without a match [Parameter]{8236cc} at example.wlk:27 exhausted all cases without a match","stack":"Error: [Parameter]{8236cc} at example.wlk:27 exhausted all cases without a match\n    at c:\\Users\\Admin\\.vscode\\extensions\\uqbar.wollok-lsp-ide-0.5.0\\out\\server\\src\\server.js:38:6142\n    at Gh (c:\\Users\\Admin\\.vscode\\extensions\\uqbar.wollok-lsp-ide-0.5.0\\out\\server\\src\\server.js:2362:42)\n    at c:\\Users\\Admin\\.vscode\\extensions\\uqbar.wollok-lsp-ide-0.5.0\\out\\server\\src\\server.js:2362:2949\n    at c:\\Users\\Admin\\.vscode\\extensions\\uqbar.wollok-lsp-ide-0.5.0\\out\\server\\src\\server.js:2371:8632\n    at c:\\Users\\Admin\\.vscode\\extensions\\uqbar.wollok-lsp-ide-0.5.0\\out\\server\\src\\server.js:37:74872\n    at Ye (c:\\Users\\Admin\\.vscode\\extensions\\uqbar.wollok-lsp-ide-0.5.0\\out\\server\\src\\server.js:7:8527)\n    at Dt (c:\\Users\\Admin\\.vscode\\extensions\\uqbar.wollok-lsp-ide-0.5.0\\out\\server\\src\\server.js:7:6189)\n    at Zi (c:\\Users\\Admin\\.vscode\\extensions\\uqbar.wollok-lsp-ide-0.5.0\\out\\server\\src\\server.js:7:6378)\n    at Immediate._onImmediate (c:\\Users\\Admin\\.vscode\\extensions\\uqbar.wollok-lsp-ide-0.5.0\\out\\server\\src\\server.js:7:6142)\n    at process.processImmediate (node:internal/timers:483:21)","timestamp":"2025-04-28T13:13:32.382Z"}
{"level":"error","message":"✘ Completions for node Parameter ([27:24, 27:30] - example.wlk) failed: Error: [Parameter]{61b0b7} at example.wlk:27 exhausted all cases without a match [Parameter]{61b0b7} at example.wlk:27 exhausted all cases without a match","stack":"Error: [Parameter]{61b0b7} at example.wlk:27 exhausted all cases without a match\n    at c:\\Users\\Admin\\.vscode\\extensions\\uqbar.wollok-lsp-ide-0.5.0\\out\\server\\src\\server.js:38:6142\n    at Gh (c:\\Users\\Admin\\.vscode\\extensions\\uqbar.wollok-lsp-ide-0.5.0\\out\\server\\src\\server.js:2362:42)\n    at c:\\Users\\Admin\\.vscode\\extensions\\uqbar.wollok-lsp-ide-0.5.0\\out\\server\\src\\server.js:2362:2949\n    at c:\\Users\\Admin\\.vscode\\extensions\\uqbar.wollok-lsp-ide-0.5.0\\out\\server\\src\\server.js:2371:8632\n    at c:\\Users\\Admin\\.vscode\\extensions\\uqbar.wollok-lsp-ide-0.5.0\\out\\server\\src\\server.js:37:74872\n    at Ye (c:\\Users\\Admin\\.vscode\\extensions\\uqbar.wollok-lsp-ide-0.5.0\\out\\server\\src\\server.js:7:8527)\n    at Dt (c:\\Users\\Admin\\.vscode\\extensions\\uqbar.wollok-lsp-ide-0.5.0\\out\\server\\src\\server.js:7:6189)\n    at Zi (c:\\Users\\Admin\\.vscode\\extensions\\uqbar.wollok-lsp-ide-0.5.0\\out\\server\\src\\server.js:7:6378)\n    at Immediate._onImmediate (c:\\Users\\Admin\\.vscode\\extensions\\uqbar.wollok-lsp-ide-0.5.0\\out\\server\\src\\server.js:7:6142)\n    at process.processImmediate (node:internal/timers:483:21)","timestamp":"2025-04-28T13:13:32.491Z"}
{"level":"info","message":"⌛ Validating example.wlk","timeElapsed":116,"timestamp":"2025-04-28T13:13:32.610Z"}
{"level":"error","message":"✘ Completions for node Parameter ([27:24, 27:29] - example.wlk) failed: Error: [Parameter]{6bc345} at example.wlk:27 exhausted all cases without a match [Parameter]{6bc345} at example.wlk:27 exhausted all cases without a match","stack":"Error: [Parameter]{6bc345} at example.wlk:27 exhausted all cases without a match\n    at c:\\Users\\Admin\\.vscode\\extensions\\uqbar.wollok-lsp-ide-0.5.0\\out\\server\\src\\server.js:38:6142\n    at Gh (c:\\Users\\Admin\\.vscode\\extensions\\uqbar.wollok-lsp-ide-0.5.0\\out\\server\\src\\server.js:2362:42)\n    at c:\\Users\\Admin\\.vscode\\extensions\\uqbar.wollok-lsp-ide-0.5.0\\out\\server\\src\\server.js:2362:2949\n    at c:\\Users\\Admin\\.vscode\\extensions\\uqbar.wollok-lsp-ide-0.5.0\\out\\server\\src\\server.js:2371:8632\n    at c:\\Users\\Admin\\.vscode\\extensions\\uqbar.wollok-lsp-ide-0.5.0\\out\\server\\src\\server.js:37:74872\n    at Ye (c:\\Users\\Admin\\.vscode\\extensions\\uqbar.wollok-lsp-ide-0.5.0\\out\\server\\src\\server.js:7:8527)\n    at Dt (c:\\Users\\Admin\\.vscode\\extensions\\uqbar.wollok-lsp-ide-0.5.0\\out\\server\\src\\server.js:7:6189)\n    at Zi (c:\\Users\\Admin\\.vscode\\extensions\\uqbar.wollok-lsp-ide-0.5.0\\out\\server\\src\\server.js:7:6378)\n    at Immediate._onImmediate (c:\\Users\\Admin\\.vscode\\extensions\\uqbar.wollok-lsp-ide-0.5.0\\out\\server\\src\\server.js:7:6142)\n    at process.processImmediate (node:internal/timers:483:21)","timestamp":"2025-04-28T13:13:32.726Z"}
{"level":"info","message":"⌛ Validating example.wlk","timeElapsed":149,"timestamp":"2025-04-28T13:13:32.878Z"}
{"level":"info","message":"⌛ Validating example.wlk","timeElapsed":118,"timestamp":"2025-04-28T13:13:33.090Z"}
{"level":"info","message":"⌛ Building environment","timeElapsed":101,"timestamp":"2025-04-28T13:13:33.192Z"}
{"level":"error","message":"✘ Completions for node Parameter ([27:24, 27:31] - example.wlk) failed: Error: [Parameter]{2380b2} at example.wlk:27 exhausted all cases without a match [Parameter]{2380b2} at example.wlk:27 exhausted all cases without a match","stack":"Error: [Parameter]{2380b2} at example.wlk:27 exhausted all cases without a match\n    at c:\\Users\\Admin\\.vscode\\extensions\\uqbar.wollok-lsp-ide-0.5.0\\out\\server\\src\\server.js:38:6142\n    at Gh (c:\\Users\\Admin\\.vscode\\extensions\\uqbar.wollok-lsp-ide-0.5.0\\out\\server\\src\\server.js:2362:42)\n    at c:\\Users\\Admin\\.vscode\\extensions\\uqbar.wollok-lsp-ide-0.5.0\\out\\server\\src\\server.js:2362:2949\n    at c:\\Users\\Admin\\.vscode\\extensions\\uqbar.wollok-lsp-ide-0.5.0\\out\\server\\src\\server.js:2371:8632\n    at c:\\Users\\Admin\\.vscode\\extensions\\uqbar.wollok-lsp-ide-0.5.0\\out\\server\\src\\server.js:37:74872\n    at Ye (c:\\Users\\Admin\\.vscode\\extensions\\uqbar.wollok-lsp-ide-0.5.0\\out\\server\\src\\server.js:7:8527)\n    at Dt (c:\\Users\\Admin\\.vscode\\extensions\\uqbar.wollok-lsp-ide-0.5.0\\out\\server\\src\\server.js:7:6189)\n    at Zi (c:\\Users\\Admin\\.vscode\\extensions\\uqbar.wollok-lsp-ide-0.5.0\\out\\server\\src\\server.js:7:6378)\n    at Immediate._onImmediate (c:\\Users\\Admin\\.vscode\\extensions\\uqbar.wollok-lsp-ide-0.5.0\\out\\server\\src\\server.js:7:6142)\n    at process.processImmediate (node:internal/timers:483:21)","timestamp":"2025-04-28T13:13:33.215Z"}
{"level":"info","message":"⌛ Validating example.wlk","timeElapsed":116,"timestamp":"2025-04-28T13:13:33.412Z"}
{"level":"info","message":"⌛ Validating example.wlk","timeElapsed":116,"timestamp":"2025-04-28T13:13:33.535Z"}
{"level":"info","message":"⌛ Validating example.wlk","timeElapsed":121,"timestamp":"2025-04-28T13:13:33.655Z"}
{"level":"info","message":"⌛ Validating example.wlk","timeElapsed":117,"timestamp":"2025-04-28T13:13:33.916Z"}
{"level":"info","message":"⌛ Building environment","timeElapsed":115,"timestamp":"2025-04-28T13:13:37.345Z"}
{"level":"info","message":"⌛ Validating example.wlk","timeElapsed":136,"timestamp":"2025-04-28T13:13:37.483Z"}
{"level":"info","message":"⌛ Building environment","timeElapsed":138,"timestamp":"2025-04-28T13:13:38.045Z"}
{"level":"info","message":"⌛ Building environment","timeElapsed":147,"timestamp":"2025-04-28T13:13:38.274Z"}
{"level":"info","message":"⌛ Validating example.wlk","timeElapsed":162,"timestamp":"2025-04-28T13:13:38.436Z"}
{"level":"info","message":"onRequest - completionItem/resolve","timestamp":"2025-04-28T13:13:38.534Z"}
{"level":"info","message":"onRequest - completionItem/resolve","timestamp":"2025-04-28T13:13:38.624Z"}
{"level":"info","message":"⌛ Validating example.wlk","timeElapsed":122,"timestamp":"2025-04-28T13:13:38.746Z"}
{"level":"info","message":"onRequest - completionItem/resolve","timestamp":"2025-04-28T13:13:38.835Z"}
{"level":"info","message":"onRequest - completionItem/resolve","timestamp":"2025-04-28T13:13:38.925Z"}
{"level":"info","message":"⌛ Validating example.wlk","timeElapsed":129,"timestamp":"2025-04-28T13:13:39.055Z"}
{"level":"info","message":"⌛ Validating example.wlk","timeElapsed":119,"timestamp":"2025-04-28T13:13:39.174Z"}
{"level":"info","message":"⌛ Validating example.wlk","timeElapsed":124,"timestamp":"2025-04-28T13:13:39.303Z"}
{"level":"info","message":"⌛ Validating example.wlk","timeElapsed":134,"timestamp":"2025-04-28T13:13:39.438Z"}
{"level":"info","message":"onRequest - completionItem/resolve","timestamp":"2025-04-28T13:13:39.440Z"}
{"level":"info","message":"⌛ Validating example.wlk","timeElapsed":118,"timestamp":"2025-04-28T13:13:39.643Z"}
{"level":"info","message":"⌛ Building environment","timeElapsed":220,"timestamp":"2025-04-28T13:13:41.256Z"}
{"level":"info","message":"⌛ Validating example.wlk","timeElapsed":149,"timestamp":"2025-04-28T13:13:41.408Z"}
{"level":"info","message":"⌛ Validating example.wlk","timeElapsed":144,"timestamp":"2025-04-28T13:13:52.144Z"}
{"level":"info","message":"⌛ Building environment","timeElapsed":106,"timestamp":"2025-04-28T13:13:52.290Z"}
{"level":"info","message":"⌛ Building environment","timeElapsed":214,"timestamp":"2025-04-28T13:13:52.533Z"}
{"level":"info","message":"⌛ Validating example.wlk","timeElapsed":138,"timestamp":"2025-04-28T13:13:52.672Z"}
{"level":"info","message":"onRequest - completionItem/resolve","timestamp":"2025-04-28T13:13:52.672Z"}
{"level":"info","message":"onRequest - completionItem/resolve","timestamp":"2025-04-28T13:13:52.769Z"}
{"level":"info","message":"onRequest - completionItem/resolve","timestamp":"2025-04-28T13:13:52.856Z"}
{"level":"info","message":"⌛ Validating example.wlk","timeElapsed":118,"timestamp":"2025-04-28T13:13:52.974Z"}
{"level":"info","message":"⌛ Building environment","timeElapsed":102,"timestamp":"2025-04-28T13:13:53.077Z"}
{"level":"info","message":"onRequest - completionItem/resolve","timestamp":"2025-04-28T13:13:53.077Z"}
{"level":"info","message":"onRequest - completionItem/resolve","timestamp":"2025-04-28T13:13:53.156Z"}
{"level":"info","message":"⌛ Validating example.wlk","timeElapsed":117,"timestamp":"2025-04-28T13:13:53.273Z"}
{"level":"info","message":"⌛ Validating example.wlk","timeElapsed":118,"timestamp":"2025-04-28T13:13:53.391Z"}
{"level":"info","message":"onRequest - completionItem/resolve","timestamp":"2025-04-28T13:13:53.399Z"}
{"level":"info","message":"⌛ Validating example.wlk","timeElapsed":114,"timestamp":"2025-04-28T13:13:53.596Z"}
{"level":"info","message":"⌛ Validating example.wlk","timeElapsed":136,"timestamp":"2025-04-28T13:13:53.732Z"}
{"level":"info","message":"⌛ Validating example.wlk","timeElapsed":116,"timestamp":"2025-04-28T13:13:53.854Z"}
{"level":"info","message":"⌛ Validating example.wlk","timeElapsed":119,"timestamp":"2025-04-28T13:13:54.077Z"}
{"level":"info","message":"⌛ Building environment","timeElapsed":227,"timestamp":"2025-04-28T13:15:36.078Z"}
{"level":"info","message":"⌛ Validating example.wlk","timeElapsed":143,"timestamp":"2025-04-28T13:15:36.223Z"}
{"level":"info","message":"⌛ Building environment","timeElapsed":111,"timestamp":"2025-04-28T13:15:36.532Z"}
{"level":"info","message":"⌛ Validating example.wlk","timeElapsed":134,"timestamp":"2025-04-28T13:15:36.667Z"}
{"level":"info","message":"⌛ Validating example.wlk","timeElapsed":122,"timestamp":"2025-04-28T13:15:36.905Z"}
{"level":"info","message":"⌛ Building environment","timeElapsed":112,"timestamp":"2025-04-28T13:17:43.953Z"}
{"level":"info","message":"⌛ Validating example.wlk","timeElapsed":141,"timestamp":"2025-04-28T13:17:44.097Z"}
{"level":"info","message":"⌛ Building environment","timeElapsed":138,"timestamp":"2025-04-28T13:17:44.236Z"}
{"level":"info","message":"⌛ Validating example.wlk","timeElapsed":160,"timestamp":"2025-04-28T13:17:44.399Z"}
{"level":"info","message":"⌛ Validating example.wlk","timeElapsed":160,"timestamp":"2025-04-28T13:17:45.596Z"}
{"level":"info","message":"⌛ Building environment","timeElapsed":109,"timestamp":"2025-04-28T13:17:48.613Z"}
{"level":"info","message":"⌛ Validating example.wlk","timeElapsed":117,"timestamp":"2025-04-28T13:17:48.731Z"}
{"level":"info","message":"⌛ Building environment","timeElapsed":106,"timestamp":"2025-04-28T13:17:49.343Z"}
{"level":"info","message":"⌛ Validating example.wlk","timeElapsed":140,"timestamp":"2025-04-28T13:17:49.512Z"}
{"level":"info","message":"onRequest - completionItem/resolve","timestamp":"2025-04-28T13:17:49.513Z"}
{"level":"info","message":"⌛ Building environment","timeElapsed":102,"timestamp":"2025-04-28T13:17:49.758Z"}
{"level":"info","message":"⌛ Validating example.wlk","timeElapsed":172,"timestamp":"2025-04-28T13:17:49.931Z"}
{"level":"info","message":"⌛ Building environment","timeElapsed":105,"timestamp":"2025-04-28T13:17:50.038Z"}
{"level":"info","message":"⌛ Validating example.wlk","timeElapsed":138,"timestamp":"2025-04-28T13:17:50.177Z"}
{"level":"info","message":"⌛ Validating example.wlk","timeElapsed":145,"timestamp":"2025-04-28T13:17:50.415Z"}
{"level":"info","message":"⌛ Building environment","timeElapsed":172,"timestamp":"2025-04-28T13:17:51.579Z"}
{"level":"info","message":"⌛ Validating example.wlk","timeElapsed":131,"timestamp":"2025-04-28T13:17:51.711Z"}
{"level":"error","message":"✘ Failed to rebuild document Failed to parse example.wlk: \n-- PARSING FAILED --------------------------------------------------\n\n  48 |   }\n  49 |   method\n> 50 | }\n     | ^\n\nExpected one of the following: \n\n'!=', '!==', '%', '&&', '*', '**', '+', '-', '->', '..', '..<', '/', '<', '<<', '<<<', '<=', '<=>', '<>', '==', '===', '>', '>..', '>=', '>>', '>>>', '?:', '@', 'and', 'class', 'const', 'describe', 'invert', 'mixin', 'negate', 'object', 'only', 'or', 'package', 'plus', 'program', 'test', 'var', '{', '||', EOF, comment, identifier, not \"}\", whitespace\n","stack":"Error: Failed to parse example.wlk: \n-- PARSING FAILED --------------------------------------------------\n\n  48 |   }\n  49 |   method\n> 50 | }\n     | ^\n\nExpected one of the following: \n\n'!=', '!==', '%', '&&', '*', '**', '+', '-', '->', '..', '..<', '/', '<', '<<', '<<<', '<=', '<=>', '<>', '==', '===', '>', '>..', '>=', '>>', '>>>', '?:', '@', 'and', 'class', 'const', 'describe', 'invert', 'mixin', 'negate', 'object', 'only', 'or', 'package', 'plus', 'program', 'test', 'var', '{', '||', EOF, comment, identifier, not \"}\", whitespace\n\n    at c:\\Users\\Admin\\.vscode\\extensions\\uqbar.wollok-lsp-ide-0.5.0\\out\\server\\src\\server.js:2326:13026\n    at Array.map (<anonymous>)\n    at P1n (c:\\Users\\Admin\\.vscode\\extensions\\uqbar.wollok-lsp-ide-0.5.0\\out\\server\\src\\server.js:2326:12950)\n    at U2.buildEnvironmentFrom (c:\\Users\\Admin\\.vscode\\extensions\\uqbar.wollok-lsp-ide-0.5.0\\out\\server\\src\\server.js:2371:5255)\n    at U2.updateEnvironmentWith (c:\\Users\\Admin\\.vscode\\extensions\\uqbar.wollok-lsp-ide-0.5.0\\out\\server\\src\\server.js:2371:4990)\n    at UF (c:\\Users\\Admin\\.vscode\\extensions\\uqbar.wollok-lsp-ide-0.5.0\\out\\server\\src\\server.js:2371:7147)\n    at F3.invoke (c:\\Users\\Admin\\.vscode\\extensions\\uqbar.wollok-lsp-ide-0.5.0\\out\\server\\src\\server.js:3:157316)\n    at o.fire (c:\\Users\\Admin\\.vscode\\extensions\\uqbar.wollok-lsp-ide-0.5.0\\out\\server\\src\\server.js:3:158086)\n    at c:\\Users\\Admin\\.vscode\\extensions\\uqbar.wollok-lsp-ide-0.5.0\\out\\server\\src\\server.js:37:57871\n    at Qr (c:\\Users\\Admin\\.vscode\\extensions\\uqbar.wollok-lsp-ide-0.5.0\\out\\server\\src\\server.js:8:1561)","timestamp":"2025-04-28T13:17:52.139Z"}
{"level":"error","message":"✘ Failed to rebuild document Failed to parse example.wlk: \n-- PARSING FAILED --------------------------------------------------\n\n  48 |   }\n  49 |   method \n> 50 | }\n     | ^\n\nExpected one of the following: \n\n'!=', '!==', '%', '&&', '*', '**', '+', '-', '->', '..', '..<', '/', '<', '<<', '<<<', '<=', '<=>', '<>', '==', '===', '>', '>..', '>=', '>>', '>>>', '?:', '@', 'and', 'class', 'const', 'describe', 'invert', 'mixin', 'negate', 'object', 'only', 'or', 'package', 'plus', 'program', 'test', 'var', '{', '||', EOF, comment, identifier, not \"}\", whitespace\n","stack":"Error: Failed to parse example.wlk: \n-- PARSING FAILED --------------------------------------------------\n\n  48 |   }\n  49 |   method \n> 50 | }\n     | ^\n\nExpected one of the following: \n\n'!=', '!==', '%', '&&', '*', '**', '+', '-', '->', '..', '..<', '/', '<', '<<', '<<<', '<=', '<=>', '<>', '==', '===', '>', '>..', '>=', '>>', '>>>', '?:', '@', 'and', 'class', 'const', 'describe', 'invert', 'mixin', 'negate', 'object', 'only', 'or', 'package', 'plus', 'program', 'test', 'var', '{', '||', EOF, comment, identifier, not \"}\", whitespace\n\n    at c:\\Users\\Admin\\.vscode\\extensions\\uqbar.wollok-lsp-ide-0.5.0\\out\\server\\src\\server.js:2326:13026\n    at Array.map (<anonymous>)\n    at P1n (c:\\Users\\Admin\\.vscode\\extensions\\uqbar.wollok-lsp-ide-0.5.0\\out\\server\\src\\server.js:2326:12950)\n    at U2.buildEnvironmentFrom (c:\\Users\\Admin\\.vscode\\extensions\\uqbar.wollok-lsp-ide-0.5.0\\out\\server\\src\\server.js:2371:5255)\n    at U2.updateEnvironmentWith (c:\\Users\\Admin\\.vscode\\extensions\\uqbar.wollok-lsp-ide-0.5.0\\out\\server\\src\\server.js:2371:4990)\n    at UF (c:\\Users\\Admin\\.vscode\\extensions\\uqbar.wollok-lsp-ide-0.5.0\\out\\server\\src\\server.js:2371:7147)\n    at F3.invoke (c:\\Users\\Admin\\.vscode\\extensions\\uqbar.wollok-lsp-ide-0.5.0\\out\\server\\src\\server.js:3:157316)\n    at o.fire (c:\\Users\\Admin\\.vscode\\extensions\\uqbar.wollok-lsp-ide-0.5.0\\out\\server\\src\\server.js:3:158086)\n    at c:\\Users\\Admin\\.vscode\\extensions\\uqbar.wollok-lsp-ide-0.5.0\\out\\server\\src\\server.js:37:57871\n    at Qr (c:\\Users\\Admin\\.vscode\\extensions\\uqbar.wollok-lsp-ide-0.5.0\\out\\server\\src\\server.js:8:1561)","timestamp":"2025-04-28T13:17:52.338Z"}
{"level":"info","message":"⌛ Validating example.wlk","timeElapsed":145,"timestamp":"2025-04-28T13:17:53.438Z"}
{"level":"info","message":"⌛ Building environment","timeElapsed":106,"timestamp":"2025-04-28T13:17:53.694Z"}
{"level":"info","message":"⌛ Validating example.wlk","timeElapsed":132,"timestamp":"2025-04-28T13:17:53.853Z"}
{"level":"info","message":"onRequest - completionItem/resolve","timestamp":"2025-04-28T13:17:53.853Z"}
{"level":"info","message":"⌛ Validating example.wlk","timeElapsed":150,"timestamp":"2025-04-28T13:17:54.451Z"}
{"level":"info","message":"⌛ Building environment","timeElapsed":193,"timestamp":"2025-04-28T13:17:55.340Z"}
{"level":"info","message":"⌛ Validating example.wlk","timeElapsed":141,"timestamp":"2025-04-28T13:17:55.632Z"}
{"level":"info","message":"⌛ Validating example.wlk","timeElapsed":110,"timestamp":"2025-04-28T13:17:55.743Z"}
{"level":"info","message":"onRequest - completionItem/resolve","timestamp":"2025-04-28T13:17:55.743Z"}
{"level":"error","message":"✘ Failed to rebuild document Failed to parse example.wlk: \n-- PARSING FAILED --------------------------------------------------\n\n  48 |   }\n  49 |   method \n> 50 | }\n     | ^\n\nExpected one of the following: \n\n'!=', '!==', '%', '&&', '*', '**', '+', '-', '->', '..', '..<', '/', '<', '<<', '<<<', '<=', '<=>', '<>', '==', '===', '>', '>..', '>=', '>>', '>>>', '?:', '@', 'and', 'class', 'const', 'describe', 'invert', 'mixin', 'negate', 'object', 'only', 'or', 'package', 'plus', 'program', 'test', 'var', '{', '||', EOF, comment, identifier, not \"}\", whitespace\n","stack":"Error: Failed to parse example.wlk: \n-- PARSING FAILED --------------------------------------------------\n\n  48 |   }\n  49 |   method \n> 50 | }\n     | ^\n\nExpected one of the following: \n\n'!=', '!==', '%', '&&', '*', '**', '+', '-', '->', '..', '..<', '/', '<', '<<', '<<<', '<=', '<=>', '<>', '==', '===', '>', '>..', '>=', '>>', '>>>', '?:', '@', 'and', 'class', 'const', 'describe', 'invert', 'mixin', 'negate', 'object', 'only', 'or', 'package', 'plus', 'program', 'test', 'var', '{', '||', EOF, comment, identifier, not \"}\", whitespace\n\n    at c:\\Users\\Admin\\.vscode\\extensions\\uqbar.wollok-lsp-ide-0.5.0\\out\\server\\src\\server.js:2326:13026\n    at Array.map (<anonymous>)\n    at P1n (c:\\Users\\Admin\\.vscode\\extensions\\uqbar.wollok-lsp-ide-0.5.0\\out\\server\\src\\server.js:2326:12950)\n    at U2.buildEnvironmentFrom (c:\\Users\\Admin\\.vscode\\extensions\\uqbar.wollok-lsp-ide-0.5.0\\out\\server\\src\\server.js:2371:5255)\n    at U2.updateEnvironmentWith (c:\\Users\\Admin\\.vscode\\extensions\\uqbar.wollok-lsp-ide-0.5.0\\out\\server\\src\\server.js:2371:4990)\n    at UF (c:\\Users\\Admin\\.vscode\\extensions\\uqbar.wollok-lsp-ide-0.5.0\\out\\server\\src\\server.js:2371:7147)\n    at F3.invoke (c:\\Users\\Admin\\.vscode\\extensions\\uqbar.wollok-lsp-ide-0.5.0\\out\\server\\src\\server.js:3:157316)\n    at o.fire (c:\\Users\\Admin\\.vscode\\extensions\\uqbar.wollok-lsp-ide-0.5.0\\out\\server\\src\\server.js:3:158086)\n    at c:\\Users\\Admin\\.vscode\\extensions\\uqbar.wollok-lsp-ide-0.5.0\\out\\server\\src\\server.js:37:57871\n    at Qr (c:\\Users\\Admin\\.vscode\\extensions\\uqbar.wollok-lsp-ide-0.5.0\\out\\server\\src\\server.js:8:1561)","timestamp":"2025-04-28T13:17:55.756Z"}
{"level":"error","message":"✘ Failed to rebuild document Failed to parse example.wlk: \n-- PARSING FAILED --------------------------------------------------\n\n  48 |   }\n  49 |   method\n> 50 | }\n     | ^\n\nExpected one of the following: \n\n'!=', '!==', '%', '&&', '*', '**', '+', '-', '->', '..', '..<', '/', '<', '<<', '<<<', '<=', '<=>', '<>', '==', '===', '>', '>..', '>=', '>>', '>>>', '?:', '@', 'and', 'class', 'const', 'describe', 'invert', 'mixin', 'negate', 'object', 'only', 'or', 'package', 'plus', 'program', 'test', 'var', '{', '||', EOF, comment, identifier, not \"}\", whitespace\n","stack":"Error: Failed to parse example.wlk: \n-- PARSING FAILED --------------------------------------------------\n\n  48 |   }\n  49 |   method\n> 50 | }\n     | ^\n\nExpected one of the following: \n\n'!=', '!==', '%', '&&', '*', '**', '+', '-', '->', '..', '..<', '/', '<', '<<', '<<<', '<=', '<=>', '<>', '==', '===', '>', '>..', '>=', '>>', '>>>', '?:', '@', 'and', 'class', 'const', 'describe', 'invert', 'mixin', 'negate', 'object', 'only', 'or', 'package', 'plus', 'program', 'test', 'var', '{', '||', EOF, comment, identifier, not \"}\", whitespace\n\n    at c:\\Users\\Admin\\.vscode\\extensions\\uqbar.wollok-lsp-ide-0.5.0\\out\\server\\src\\server.js:2326:13026\n    at Array.map (<anonymous>)\n    at P1n (c:\\Users\\Admin\\.vscode\\extensions\\uqbar.wollok-lsp-ide-0.5.0\\out\\server\\src\\server.js:2326:12950)\n    at U2.buildEnvironmentFrom (c:\\Users\\Admin\\.vscode\\extensions\\uqbar.wollok-lsp-ide-0.5.0\\out\\server\\src\\server.js:2371:5255)\n    at U2.updateEnvironmentWith (c:\\Users\\Admin\\.vscode\\extensions\\uqbar.wollok-lsp-ide-0.5.0\\out\\server\\src\\server.js:2371:4990)\n    at UF (c:\\Users\\Admin\\.vscode\\extensions\\uqbar.wollok-lsp-ide-0.5.0\\out\\server\\src\\server.js:2371:7147)\n    at F3.invoke (c:\\Users\\Admin\\.vscode\\extensions\\uqbar.wollok-lsp-ide-0.5.0\\out\\server\\src\\server.js:3:157316)\n    at o.fire (c:\\Users\\Admin\\.vscode\\extensions\\uqbar.wollok-lsp-ide-0.5.0\\out\\server\\src\\server.js:3:158086)\n    at c:\\Users\\Admin\\.vscode\\extensions\\uqbar.wollok-lsp-ide-0.5.0\\out\\server\\src\\server.js:37:57871\n    at Qr (c:\\Users\\Admin\\.vscode\\extensions\\uqbar.wollok-lsp-ide-0.5.0\\out\\server\\src\\server.js:8:1561)","timestamp":"2025-04-28T13:17:55.769Z"}
{"level":"info","message":"⌛ Validating example.wlk","timeElapsed":125,"timestamp":"2025-04-28T13:17:56.119Z"}
{"level":"info","message":"⌛ Building environment","timeElapsed":147,"timestamp":"2025-04-28T13:17:56.268Z"}
{"level":"info","message":"⌛ Validating example.wlk","timeElapsed":144,"timestamp":"2025-04-28T13:17:56.412Z"}
{"level":"info","message":"⌛ Building environment","timeElapsed":102,"timestamp":"2025-04-28T13:17:56.515Z"}
{"level":"info","message":"⌛ Building environment","timeElapsed":130,"timestamp":"2025-04-28T13:17:56.647Z"}
{"level":"info","message":"⌛ Validating example.wlk","timeElapsed":223,"timestamp":"2025-04-28T13:17:56.873Z"}
{"level":"info","message":"⌛ Validating example.wlk","timeElapsed":140,"timestamp":"2025-04-28T13:17:57.014Z"}
{"level":"info","message":"⌛ Building environment","timeElapsed":122,"timestamp":"2025-04-28T13:17:57.143Z"}
{"level":"info","message":"⌛ Validating example.wlk","timeElapsed":132,"timestamp":"2025-04-28T13:17:57.369Z"}
{"level":"info","message":"⌛ Validating example.wlk","timeElapsed":154,"timestamp":"2025-04-28T13:17:57.524Z"}
{"level":"info","message":"⌛ Validating example.wlk","timeElapsed":143,"timestamp":"2025-04-28T13:19:23.620Z"}
{"level":"info","message":"⌛ Validating example.wlk","timeElapsed":113,"timestamp":"2025-04-28T13:19:24.344Z"}
{"level":"info","message":"⌛ Building environment","timeElapsed":152,"timestamp":"2025-04-28T13:19:50.157Z"}
{"level":"info","message":"⌛ Validating example.wlk","timeElapsed":139,"timestamp":"2025-04-28T13:19:50.297Z"}
{"level":"info","message":"⌛ Validating example.wlk","timeElapsed":132,"timestamp":"2025-04-28T13:19:50.691Z"}
{"level":"info","message":"⌛ Building environment","timeElapsed":208,"timestamp":"2025-04-28T13:19:50.899Z"}
{"level":"info","message":"onRequest - completionItem/resolve","timestamp":"2025-04-28T13:19:50.900Z"}
{"level":"info","message":"onRequest - completionItem/resolve","timestamp":"2025-04-28T13:19:50.999Z"}
{"level":"info","message":"⌛ Validating example.wlk","timeElapsed":178,"timestamp":"2025-04-28T13:19:51.218Z"}
{"level":"info","message":"⌛ Validating example.wlk","timeElapsed":144,"timestamp":"2025-04-28T13:19:51.363Z"}
{"level":"info","message":"⌛ Building environment","timeElapsed":101,"timestamp":"2025-04-28T13:19:51.465Z"}
{"level":"info","message":"⌛ Building environment","timeElapsed":109,"timestamp":"2025-04-28T13:19:51.750Z"}
{"level":"info","message":"⌛ Validating example.wlk","timeElapsed":136,"timestamp":"2025-04-28T13:19:51.970Z"}
{"level":"info","message":"⌛ Building environment","timeElapsed":141,"timestamp":"2025-04-28T13:19:52.114Z"}
{"level":"info","message":"⌛ Validating example.wlk","timeElapsed":154,"timestamp":"2025-04-28T13:19:52.270Z"}
{"level":"info","message":"onRequest - completionItem/resolve","timestamp":"2025-04-28T13:19:52.364Z"}
{"level":"error","message":"✘ Failed to rebuild document Failed to parse example.wlk: \n-- PARSING FAILED --------------------------------------------------\n\n  15 |   }\n  16 |   method\n> 17 | }\n     | ^\n  18 | \n  19 | object roberto {\n\nExpected one of the following: \n\n'!=', '!==', '%', '&&', '*', '**', '+', '-', '->', '..', '..<', '/', '<', '<<', '<<<', '<=', '<=>', '<>', '==', '===', '>', '>..', '>=', '>>', '>>>', '?:', 'and', 'invert', 'negate', 'or', 'plus', '||', identifier, whitespace\n","stack":"Error: Failed to parse example.wlk: \n-- PARSING FAILED --------------------------------------------------\n\n  15 |   }\n  16 |   method\n> 17 | }\n     | ^\n  18 | \n  19 | object roberto {\n\nExpected one of the following: \n\n'!=', '!==', '%', '&&', '*', '**', '+', '-', '->', '..', '..<', '/', '<', '<<', '<<<', '<=', '<=>', '<>', '==', '===', '>', '>..', '>=', '>>', '>>>', '?:', 'and', 'invert', 'negate', 'or', 'plus', '||', identifier, whitespace\n\n    at c:\\Users\\Admin\\.vscode\\extensions\\uqbar.wollok-lsp-ide-0.5.0\\out\\server\\src\\server.js:2326:13026\n    at Array.map (<anonymous>)\n    at P1n (c:\\Users\\Admin\\.vscode\\extensions\\uqbar.wollok-lsp-ide-0.5.0\\out\\server\\src\\server.js:2326:12950)\n    at U2.buildEnvironmentFrom (c:\\Users\\Admin\\.vscode\\extensions\\uqbar.wollok-lsp-ide-0.5.0\\out\\server\\src\\server.js:2371:5255)\n    at U2.updateEnvironmentWith (c:\\Users\\Admin\\.vscode\\extensions\\uqbar.wollok-lsp-ide-0.5.0\\out\\server\\src\\server.js:2371:4990)\n    at UF (c:\\Users\\Admin\\.vscode\\extensions\\uqbar.wollok-lsp-ide-0.5.0\\out\\server\\src\\server.js:2371:7147)\n    at F3.invoke (c:\\Users\\Admin\\.vscode\\extensions\\uqbar.wollok-lsp-ide-0.5.0\\out\\server\\src\\server.js:3:157316)\n    at o.fire (c:\\Users\\Admin\\.vscode\\extensions\\uqbar.wollok-lsp-ide-0.5.0\\out\\server\\src\\server.js:3:158086)\n    at c:\\Users\\Admin\\.vscode\\extensions\\uqbar.wollok-lsp-ide-0.5.0\\out\\server\\src\\server.js:37:57871\n    at Qr (c:\\Users\\Admin\\.vscode\\extensions\\uqbar.wollok-lsp-ide-0.5.0\\out\\server\\src\\server.js:8:1561)","timestamp":"2025-04-28T13:19:52.376Z"}
{"level":"info","message":"onRequest - completionItem/resolve","timestamp":"2025-04-28T13:19:52.377Z"}
{"level":"info","message":"⌛ Validating example.wlk","timeElapsed":271,"timestamp":"2025-04-28T13:19:52.649Z"}
{"level":"info","message":"⌛ Validating example.wlk","timeElapsed":193,"timestamp":"2025-04-28T13:19:52.844Z"}
{"level":"error","message":"✘ Failed to rebuild document Failed to parse example.wlk: \n-- PARSING FAILED --------------------------------------------------\n\n  15 |   }\n  16 |   method \n> 17 | }\n     | ^\n  18 | \n  19 | object roberto {\n\nExpected one of the following: \n\n'!=', '!==', '%', '&&', '*', '**', '+', '-', '->', '..', '..<', '/', '<', '<<', '<<<', '<=', '<=>', '<>', '==', '===', '>', '>..', '>=', '>>', '>>>', '?:', 'and', 'invert', 'negate', 'or', 'plus', '||', identifier, whitespace\n","stack":"Error: Failed to parse example.wlk: \n-- PARSING FAILED --------------------------------------------------\n\n  15 |   }\n  16 |   method \n> 17 | }\n     | ^\n  18 | \n  19 | object roberto {\n\nExpected one of the following: \n\n'!=', '!==', '%', '&&', '*', '**', '+', '-', '->', '..', '..<', '/', '<', '<<', '<<<', '<=', '<=>', '<>', '==', '===', '>', '>..', '>=', '>>', '>>>', '?:', 'and', 'invert', 'negate', 'or', 'plus', '||', identifier, whitespace\n\n    at c:\\Users\\Admin\\.vscode\\extensions\\uqbar.wollok-lsp-ide-0.5.0\\out\\server\\src\\server.js:2326:13026\n    at Array.map (<anonymous>)\n    at P1n (c:\\Users\\Admin\\.vscode\\extensions\\uqbar.wollok-lsp-ide-0.5.0\\out\\server\\src\\server.js:2326:12950)\n    at U2.buildEnvironmentFrom (c:\\Users\\Admin\\.vscode\\extensions\\uqbar.wollok-lsp-ide-0.5.0\\out\\server\\src\\server.js:2371:5255)\n    at U2.updateEnvironmentWith (c:\\Users\\Admin\\.vscode\\extensions\\uqbar.wollok-lsp-ide-0.5.0\\out\\server\\src\\server.js:2371:4990)\n    at UF (c:\\Users\\Admin\\.vscode\\extensions\\uqbar.wollok-lsp-ide-0.5.0\\out\\server\\src\\server.js:2371:7147)\n    at F3.invoke (c:\\Users\\Admin\\.vscode\\extensions\\uqbar.wollok-lsp-ide-0.5.0\\out\\server\\src\\server.js:3:157316)\n    at o.fire (c:\\Users\\Admin\\.vscode\\extensions\\uqbar.wollok-lsp-ide-0.5.0\\out\\server\\src\\server.js:3:158086)\n    at c:\\Users\\Admin\\.vscode\\extensions\\uqbar.wollok-lsp-ide-0.5.0\\out\\server\\src\\server.js:37:57871\n    at Qr (c:\\Users\\Admin\\.vscode\\extensions\\uqbar.wollok-lsp-ide-0.5.0\\out\\server\\src\\server.js:8:1561)","timestamp":"2025-04-28T13:19:52.850Z"}
{"level":"info","message":"onRequest - completionItem/resolve","timestamp":"2025-04-28T13:19:52.850Z"}
{"level":"info","message":"⌛ Validating example.wlk","timeElapsed":156,"timestamp":"2025-04-28T13:19:53.010Z"}
{"level":"info","message":"⌛ Validating example.wlk","timeElapsed":121,"timestamp":"2025-04-28T13:19:53.358Z"}
{"level":"info","message":"⌛ Building environment","timeElapsed":167,"timestamp":"2025-04-28T13:19:53.529Z"}
{"level":"info","message":"⌛ Validating example.wlk","timeElapsed":133,"timestamp":"2025-04-28T13:19:54.020Z"}
{"level":"info","message":"⌛ Validating example.wlk","timeElapsed":124,"timestamp":"2025-04-28T13:19:54.144Z"}
{"level":"info","message":"⌛ Validating example.wlk","timeElapsed":123,"timestamp":"2025-04-28T13:19:54.274Z"}
{"level":"info","message":"⌛ Validating example.wlk","timeElapsed":120,"timestamp":"2025-04-28T13:19:54.397Z"}
{"level":"info","message":"⌛ Validating example.wlk","timeElapsed":119,"timestamp":"2025-04-28T13:19:54.516Z"}
{"level":"info","message":"⌛ Validating example.wlk","timeElapsed":116,"timestamp":"2025-04-28T13:19:54.633Z"}
{"level":"info","message":"⌛ Validating example.wlk","timeElapsed":117,"timestamp":"2025-04-28T13:19:54.750Z"}
{"level":"info","message":"⌛ Building environment","timeElapsed":154,"timestamp":"2025-04-28T13:20:03.305Z"}
{"level":"info","message":"⌛ Validating example.wlk","timeElapsed":144,"timestamp":"2025-04-28T13:20:03.450Z"}
{"level":"info","message":"⌛ Building environment","timeElapsed":101,"timestamp":"2025-04-28T13:20:03.916Z"}
{"level":"info","message":"⌛ Validating example.wlk","timeElapsed":154,"timestamp":"2025-04-28T13:20:04.072Z"}
{"level":"error","message":"✘ Completions for node Parameter ([16:18, 16:19] - example.wlk) failed: Error: [Parameter]{e7e04a} at example.wlk:16 exhausted all cases without a match [Parameter]{e7e04a} at example.wlk:16 exhausted all cases without a match","stack":"Error: [Parameter]{e7e04a} at example.wlk:16 exhausted all cases without a match\n    at c:\\Users\\Admin\\.vscode\\extensions\\uqbar.wollok-lsp-ide-0.5.0\\out\\server\\src\\server.js:38:6142\n    at Gh (c:\\Users\\Admin\\.vscode\\extensions\\uqbar.wollok-lsp-ide-0.5.0\\out\\server\\src\\server.js:2362:42)\n    at c:\\Users\\Admin\\.vscode\\extensions\\uqbar.wollok-lsp-ide-0.5.0\\out\\server\\src\\server.js:2362:2949\n    at c:\\Users\\Admin\\.vscode\\extensions\\uqbar.wollok-lsp-ide-0.5.0\\out\\server\\src\\server.js:2371:8632\n    at c:\\Users\\Admin\\.vscode\\extensions\\uqbar.wollok-lsp-ide-0.5.0\\out\\server\\src\\server.js:37:74872\n    at Ye (c:\\Users\\Admin\\.vscode\\extensions\\uqbar.wollok-lsp-ide-0.5.0\\out\\server\\src\\server.js:7:8527)\n    at Dt (c:\\Users\\Admin\\.vscode\\extensions\\uqbar.wollok-lsp-ide-0.5.0\\out\\server\\src\\server.js:7:6189)\n    at Zi (c:\\Users\\Admin\\.vscode\\extensions\\uqbar.wollok-lsp-ide-0.5.0\\out\\server\\src\\server.js:7:6378)\n    at Immediate._onImmediate (c:\\Users\\Admin\\.vscode\\extensions\\uqbar.wollok-lsp-ide-0.5.0\\out\\server\\src\\server.js:7:6142)\n    at process.processImmediate (node:internal/timers:483:21)","timestamp":"2025-04-28T13:20:05.129Z"}
{"level":"info","message":"⌛ Validating example.wlk","timeElapsed":136,"timestamp":"2025-04-28T13:20:05.268Z"}
{"level":"info","message":"onRequest - completionItem/resolve","timestamp":"2025-04-28T13:20:05.269Z"}
{"level":"error","message":"✘ Completions for node Parameter ([16:18, 16:20] - example.wlk) failed: Error: [Parameter]{959d3a} at example.wlk:16 exhausted all cases without a match [Parameter]{959d3a} at example.wlk:16 exhausted all cases without a match","stack":"Error: [Parameter]{959d3a} at example.wlk:16 exhausted all cases without a match\n    at c:\\Users\\Admin\\.vscode\\extensions\\uqbar.wollok-lsp-ide-0.5.0\\out\\server\\src\\server.js:38:6142\n    at Gh (c:\\Users\\Admin\\.vscode\\extensions\\uqbar.wollok-lsp-ide-0.5.0\\out\\server\\src\\server.js:2362:42)\n    at c:\\Users\\Admin\\.vscode\\extensions\\uqbar.wollok-lsp-ide-0.5.0\\out\\server\\src\\server.js:2362:2949\n    at c:\\Users\\Admin\\.vscode\\extensions\\uqbar.wollok-lsp-ide-0.5.0\\out\\server\\src\\server.js:2371:8632\n    at c:\\Users\\Admin\\.vscode\\extensions\\uqbar.wollok-lsp-ide-0.5.0\\out\\server\\src\\server.js:37:74872\n    at Ye (c:\\Users\\Admin\\.vscode\\extensions\\uqbar.wollok-lsp-ide-0.5.0\\out\\server\\src\\server.js:7:8527)\n    at Dt (c:\\Users\\Admin\\.vscode\\extensions\\uqbar.wollok-lsp-ide-0.5.0\\out\\server\\src\\server.js:7:6189)\n    at Zi (c:\\Users\\Admin\\.vscode\\extensions\\uqbar.wollok-lsp-ide-0.5.0\\out\\server\\src\\server.js:7:6378)\n    at Immediate._onImmediate (c:\\Users\\Admin\\.vscode\\extensions\\uqbar.wollok-lsp-ide-0.5.0\\out\\server\\src\\server.js:7:6142)\n    at process.processImmediate (node:internal/timers:483:21)","timestamp":"2025-04-28T13:20:05.392Z"}
{"level":"info","message":"⌛ Validating example.wlk","timeElapsed":128,"timestamp":"2025-04-28T13:20:05.524Z"}
{"level":"info","message":"onRequest - completionItem/resolve","timestamp":"2025-04-28T13:20:05.524Z"}
{"level":"error","message":"✘ Completions for node Parameter ([16:18, 16:21] - example.wlk) failed: Error: [Parameter]{3b23c3} at example.wlk:16 exhausted all cases without a match [Parameter]{3b23c3} at example.wlk:16 exhausted all cases without a match","stack":"Error: [Parameter]{3b23c3} at example.wlk:16 exhausted all cases without a match\n    at c:\\Users\\Admin\\.vscode\\extensions\\uqbar.wollok-lsp-ide-0.5.0\\out\\server\\src\\server.js:38:6142\n    at Gh (c:\\Users\\Admin\\.vscode\\extensions\\uqbar.wollok-lsp-ide-0.5.0\\out\\server\\src\\server.js:2362:42)\n    at c:\\Users\\Admin\\.vscode\\extensions\\uqbar.wollok-lsp-ide-0.5.0\\out\\server\\src\\server.js:2362:2949\n    at c:\\Users\\Admin\\.vscode\\extensions\\uqbar.wollok-lsp-ide-0.5.0\\out\\server\\src\\server.js:2371:8632\n    at c:\\Users\\Admin\\.vscode\\extensions\\uqbar.wollok-lsp-ide-0.5.0\\out\\server\\src\\server.js:37:74872\n    at Ye (c:\\Users\\Admin\\.vscode\\extensions\\uqbar.wollok-lsp-ide-0.5.0\\out\\server\\src\\server.js:7:8527)\n    at Dt (c:\\Users\\Admin\\.vscode\\extensions\\uqbar.wollok-lsp-ide-0.5.0\\out\\server\\src\\server.js:7:6189)\n    at Zi (c:\\Users\\Admin\\.vscode\\extensions\\uqbar.wollok-lsp-ide-0.5.0\\out\\server\\src\\server.js:7:6378)\n    at Immediate._onImmediate (c:\\Users\\Admin\\.vscode\\extensions\\uqbar.wollok-lsp-ide-0.5.0\\out\\server\\src\\server.js:7:6142)\n    at process.processImmediate (node:internal/timers:483:21)","timestamp":"2025-04-28T13:20:05.796Z"}
{"level":"info","message":"⌛ Validating example.wlk","timeElapsed":131,"timestamp":"2025-04-28T13:20:05.930Z"}
{"level":"info","message":"onRequest - completionItem/resolve","timestamp":"2025-04-28T13:20:05.930Z"}
{"level":"info","message":"⌛ Building environment","timeElapsed":103,"timestamp":"2025-04-28T13:20:06.034Z"}
{"level":"error","message":"✘ Completions for node Parameter ([16:18, 16:22] - example.wlk) failed: Error: [Parameter]{52613f} at example.wlk:16 exhausted all cases without a match [Parameter]{52613f} at example.wlk:16 exhausted all cases without a match","stack":"Error: [Parameter]{52613f} at example.wlk:16 exhausted all cases without a match\n    at c:\\Users\\Admin\\.vscode\\extensions\\uqbar.wollok-lsp-ide-0.5.0\\out\\server\\src\\server.js:38:6142\n    at Gh (c:\\Users\\Admin\\.vscode\\extensions\\uqbar.wollok-lsp-ide-0.5.0\\out\\server\\src\\server.js:2362:42)\n    at c:\\Users\\Admin\\.vscode\\extensions\\uqbar.wollok-lsp-ide-0.5.0\\out\\server\\src\\server.js:2362:2949\n    at c:\\Users\\Admin\\.vscode\\extensions\\uqbar.wollok-lsp-ide-0.5.0\\out\\server\\src\\server.js:2371:8632\n    at c:\\Users\\Admin\\.vscode\\extensions\\uqbar.wollok-lsp-ide-0.5.0\\out\\server\\src\\server.js:37:74872\n    at Ye (c:\\Users\\Admin\\.vscode\\extensions\\uqbar.wollok-lsp-ide-0.5.0\\out\\server\\src\\server.js:7:8527)\n    at Dt (c:\\Users\\Admin\\.vscode\\extensions\\uqbar.wollok-lsp-ide-0.5.0\\out\\server\\src\\server.js:7:6189)\n    at Zi (c:\\Users\\Admin\\.vscode\\extensions\\uqbar.wollok-lsp-ide-0.5.0\\out\\server\\src\\server.js:7:6378)\n    at Immediate._onImmediate (c:\\Users\\Admin\\.vscode\\extensions\\uqbar.wollok-lsp-ide-0.5.0\\out\\server\\src\\server.js:7:6142)\n    at process.processImmediate (node:internal/timers:483:21)","timestamp":"2025-04-28T13:20:06.057Z"}
{"level":"info","message":"⌛ Validating example.wlk","timeElapsed":128,"timestamp":"2025-04-28T13:20:06.189Z"}
{"level":"info","message":"⌛ Building environment","timeElapsed":101,"timestamp":"2025-04-28T13:20:06.291Z"}
{"level":"error","message":"✘ Completions for node Parameter ([16:18, 16:24] - example.wlk) failed: Error: [Parameter]{ae0370} at example.wlk:16 exhausted all cases without a match [Parameter]{ae0370} at example.wlk:16 exhausted all cases without a match","stack":"Error: [Parameter]{ae0370} at example.wlk:16 exhausted all cases without a match\n    at c:\\Users\\Admin\\.vscode\\extensions\\uqbar.wollok-lsp-ide-0.5.0\\out\\server\\src\\server.js:38:6142\n    at Gh (c:\\Users\\Admin\\.vscode\\extensions\\uqbar.wollok-lsp-ide-0.5.0\\out\\server\\src\\server.js:2362:42)\n    at c:\\Users\\Admin\\.vscode\\extensions\\uqbar.wollok-lsp-ide-0.5.0\\out\\server\\src\\server.js:2362:2949\n    at c:\\Users\\Admin\\.vscode\\extensions\\uqbar.wollok-lsp-ide-0.5.0\\out\\server\\src\\server.js:2371:8632\n    at c:\\Users\\Admin\\.vscode\\extensions\\uqbar.wollok-lsp-ide-0.5.0\\out\\server\\src\\server.js:37:74872\n    at Ye (c:\\Users\\Admin\\.vscode\\extensions\\uqbar.wollok-lsp-ide-0.5.0\\out\\server\\src\\server.js:7:8527)\n    at Dt (c:\\Users\\Admin\\.vscode\\extensions\\uqbar.wollok-lsp-ide-0.5.0\\out\\server\\src\\server.js:7:6189)\n    at Zi (c:\\Users\\Admin\\.vscode\\extensions\\uqbar.wollok-lsp-ide-0.5.0\\out\\server\\src\\server.js:7:6378)\n    at Immediate._onImmediate (c:\\Users\\Admin\\.vscode\\extensions\\uqbar.wollok-lsp-ide-0.5.0\\out\\server\\src\\server.js:7:6142)\n    at process.processImmediate (node:internal/timers:483:21)","timestamp":"2025-04-28T13:20:06.405Z"}
{"level":"info","message":"⌛ Validating example.wlk","timeElapsed":194,"timestamp":"2025-04-28T13:20:06.605Z"}
{"level":"info","message":"⌛ Validating example.wlk","timeElapsed":123,"timestamp":"2025-04-28T13:20:06.822Z"}
{"level":"error","message":"✘ Completions for node Parameter ([16:18, 16:27] - example.wlk) failed: Error: [Parameter]{49d0cc} at example.wlk:16 exhausted all cases without a match [Parameter]{49d0cc} at example.wlk:16 exhausted all cases without a match","stack":"Error: [Parameter]{49d0cc} at example.wlk:16 exhausted all cases without a match\n    at c:\\Users\\Admin\\.vscode\\extensions\\uqbar.wollok-lsp-ide-0.5.0\\out\\server\\src\\server.js:38:6142\n    at Gh (c:\\Users\\Admin\\.vscode\\extensions\\uqbar.wollok-lsp-ide-0.5.0\\out\\server\\src\\server.js:2362:42)\n    at c:\\Users\\Admin\\.vscode\\extensions\\uqbar.wollok-lsp-ide-0.5.0\\out\\server\\src\\server.js:2362:2949\n    at c:\\Users\\Admin\\.vscode\\extensions\\uqbar.wollok-lsp-ide-0.5.0\\out\\server\\src\\server.js:2371:8632\n    at c:\\Users\\Admin\\.vscode\\extensions\\uqbar.wollok-lsp-ide-0.5.0\\out\\server\\src\\server.js:37:74872\n    at Ye (c:\\Users\\Admin\\.vscode\\extensions\\uqbar.wollok-lsp-ide-0.5.0\\out\\server\\src\\server.js:7:8527)\n    at Dt (c:\\Users\\Admin\\.vscode\\extensions\\uqbar.wollok-lsp-ide-0.5.0\\out\\server\\src\\server.js:7:6189)\n    at Zi (c:\\Users\\Admin\\.vscode\\extensions\\uqbar.wollok-lsp-ide-0.5.0\\out\\server\\src\\server.js:7:6378)\n    at Immediate._onImmediate (c:\\Users\\Admin\\.vscode\\extensions\\uqbar.wollok-lsp-ide-0.5.0\\out\\server\\src\\server.js:7:6142)\n    at process.processImmediate (node:internal/timers:483:21)","timestamp":"2025-04-28T13:20:07.008Z"}
{"level":"info","message":"⌛ Validating example.wlk","timeElapsed":121,"timestamp":"2025-04-28T13:20:07.138Z"}
{"level":"info","message":"⌛ Validating example.wlk","timeElapsed":114,"timestamp":"2025-04-28T13:20:07.252Z"}
{"level":"info","message":"⌛ Validating example.wlk","timeElapsed":116,"timestamp":"2025-04-28T13:20:07.368Z"}
{"level":"info","message":"onRequest - completionItem/resolve","timestamp":"2025-04-28T13:20:07.369Z"}
{"level":"info","message":"⌛ Building environment","timeElapsed":112,"timestamp":"2025-04-28T13:20:08.279Z"}
{"level":"info","message":"⌛ Validating example.wlk","timeElapsed":123,"timestamp":"2025-04-28T13:20:08.403Z"}
{"level":"info","message":"⌛ Validating example.wlk","timeElapsed":122,"timestamp":"2025-04-28T13:20:08.618Z"}
{"level":"info","message":"⌛ Building environment","timeElapsed":104,"timestamp":"2025-04-28T13:20:08.781Z"}
{"level":"info","message":"⌛ Validating example.wlk","timeElapsed":118,"timestamp":"2025-04-28T13:20:08.904Z"}
{"level":"info","message":"⌛ Building environment","timeElapsed":190,"timestamp":"2025-04-28T13:20:09.391Z"}
{"level":"info","message":"⌛ Building environment","timeElapsed":104,"timestamp":"2025-04-28T13:20:09.529Z"}
{"level":"info","message":"⌛ Validating example.wlk","timeElapsed":119,"timestamp":"2025-04-28T13:20:09.651Z"}
{"level":"info","message":"⌛ Building environment","timeElapsed":152,"timestamp":"2025-04-28T13:20:09.805Z"}
{"level":"info","message":"onRequest - completionItem/resolve","timestamp":"2025-04-28T13:20:09.805Z"}
{"level":"info","message":"⌛ Building environment","timeElapsed":107,"timestamp":"2025-04-28T13:20:09.913Z"}
{"level":"info","message":"⌛ Validating example.wlk","timeElapsed":148,"timestamp":"2025-04-28T13:20:10.091Z"}
{"level":"info","message":"⌛ Validating example.wlk","timeElapsed":121,"timestamp":"2025-04-28T13:20:10.302Z"}
{"level":"info","message":"⌛ Validating example.wlk","timeElapsed":115,"timestamp":"2025-04-28T13:20:10.500Z"}
{"level":"info","message":"⌛ Validating example.wlk","timeElapsed":110,"timestamp":"2025-04-28T13:20:10.692Z"}
{"level":"info","message":"⌛ Validating example.wlk","timeElapsed":124,"timestamp":"2025-04-28T13:20:10.824Z"}
{"level":"info","message":"⌛ Validating example.wlk","timeElapsed":109,"timestamp":"2025-04-28T13:20:10.933Z"}
{"level":"info","message":"⌛ Building environment","timeElapsed":187,"timestamp":"2025-04-28T13:20:16.132Z"}
{"level":"error","message":"✘ Completions for node Return ([17:5, 17:13] - example.wlk) failed: Error: [Return]{af2ad1} at example.wlk:17 exhausted all cases without a match [Return]{af2ad1} at example.wlk:17 exhausted all cases without a match","stack":"Error: [Return]{af2ad1} at example.wlk:17 exhausted all cases without a match\n    at c:\\Users\\Admin\\.vscode\\extensions\\uqbar.wollok-lsp-ide-0.5.0\\out\\server\\src\\server.js:38:6142\n    at Gh (c:\\Users\\Admin\\.vscode\\extensions\\uqbar.wollok-lsp-ide-0.5.0\\out\\server\\src\\server.js:2362:42)\n    at Kh (c:\\Users\\Admin\\.vscode\\extensions\\uqbar.wollok-lsp-ide-0.5.0\\out\\server\\src\\server.js:2362:1053)\n    at d8n (c:\\Users\\Admin\\.vscode\\extensions\\uqbar.wollok-lsp-ide-0.5.0\\out\\server\\src\\server.js:2362:1209)\n    at c:\\Users\\Admin\\.vscode\\extensions\\uqbar.wollok-lsp-ide-0.5.0\\out\\server\\src\\server.js:38:6131\n    at Gh (c:\\Users\\Admin\\.vscode\\extensions\\uqbar.wollok-lsp-ide-0.5.0\\out\\server\\src\\server.js:2362:42)\n    at c:\\Users\\Admin\\.vscode\\extensions\\uqbar.wollok-lsp-ide-0.5.0\\out\\server\\src\\server.js:2362:2949\n    at c:\\Users\\Admin\\.vscode\\extensions\\uqbar.wollok-lsp-ide-0.5.0\\out\\server\\src\\server.js:2371:8632\n    at c:\\Users\\Admin\\.vscode\\extensions\\uqbar.wollok-lsp-ide-0.5.0\\out\\server\\src\\server.js:37:74872\n    at Ye (c:\\Users\\Admin\\.vscode\\extensions\\uqbar.wollok-lsp-ide-0.5.0\\out\\server\\src\\server.js:7:8527)","timestamp":"2025-04-28T13:20:16.164Z"}
{"level":"info","message":"⌛ Validating example.wlk","timeElapsed":136,"timestamp":"2025-04-28T13:20:16.401Z"}
{"level":"info","message":"onRequest - completionItem/resolve","timestamp":"2025-04-28T13:20:16.401Z"}
{"level":"info","message":"⌛ Validating example.wlk","timeElapsed":225,"timestamp":"2025-04-28T13:20:16.626Z"}
{"level":"info","message":"⌛ Validating example.wlk","timeElapsed":155,"timestamp":"2025-04-28T13:20:16.988Z"}
{"level":"info","message":"⌛ Validating example.wlk","timeElapsed":133,"timestamp":"2025-04-28T13:20:17.219Z"}
{"level":"info","message":"⌛ Building environment","timeElapsed":106,"timestamp":"2025-04-28T13:20:17.416Z"}
{"level":"info","message":"⌛ Validating example.wlk","timeElapsed":121,"timestamp":"2025-04-28T13:20:17.622Z"}
{"level":"info","message":"⌛ Validating example.wlk","timeElapsed":111,"timestamp":"2025-04-28T13:20:17.818Z"}
{"level":"info","message":"⌛ Validating example.wlk","timeElapsed":110,"timestamp":"2025-04-28T13:20:17.928Z"}
{"level":"info","message":"⌛ Validating example.wlk","timeElapsed":110,"timestamp":"2025-04-28T13:20:18.045Z"}
{"level":"info","message":"⌛ Validating example.wlk","timeElapsed":114,"timestamp":"2025-04-28T13:20:18.160Z"}
{"level":"info","message":"⌛ Building environment","timeElapsed":166,"timestamp":"2025-04-28T13:20:23.575Z"}
{"level":"info","message":"⌛ Building environment","timeElapsed":104,"timestamp":"2025-04-28T13:20:23.680Z"}
{"level":"info","message":"⌛ Validating example.wlk","timeElapsed":254,"timestamp":"2025-04-28T13:20:23.936Z"}
{"level":"info","message":"⌛ Validating example.wlk","timeElapsed":118,"timestamp":"2025-04-28T13:20:24.055Z"}
{"level":"info","message":"⌛ Building environment","timeElapsed":108,"timestamp":"2025-04-28T13:20:26.656Z"}
{"level":"info","message":"⌛ Validating example.wlk","timeElapsed":148,"timestamp":"2025-04-28T13:20:26.863Z"}
{"level":"info","message":"onRequest - completionItem/resolve","timestamp":"2025-04-28T13:20:26.863Z"}
{"level":"info","message":"⌛ Building environment","timeElapsed":105,"timestamp":"2025-04-28T13:20:26.968Z"}
{"level":"info","message":"onRequest - completionItem/resolve","timestamp":"2025-04-28T13:20:26.968Z"}
{"level":"info","message":"⌛ Building environment","timeElapsed":111,"timestamp":"2025-04-28T13:20:27.080Z"}
{"level":"info","message":"onRequest - completionItem/resolve","timestamp":"2025-04-28T13:20:27.081Z"}
{"level":"info","message":"⌛ Validating example.wlk","timeElapsed":123,"timestamp":"2025-04-28T13:20:27.205Z"}
{"level":"info","message":"⌛ Building environment","timeElapsed":104,"timestamp":"2025-04-28T13:20:27.310Z"}
{"level":"info","message":"onRequest - completionItem/resolve","timestamp":"2025-04-28T13:20:27.311Z"}
{"level":"info","message":"⌛ Validating example.wlk","timeElapsed":120,"timestamp":"2025-04-28T13:20:27.432Z"}
{"level":"info","message":"onRequest - completionItem/resolve","timestamp":"2025-04-28T13:20:27.527Z"}
{"level":"info","message":"⌛ Validating example.wlk","timeElapsed":141,"timestamp":"2025-04-28T13:20:27.668Z"}
{"level":"info","message":"onRequest - completionItem/resolve","timestamp":"2025-04-28T13:20:27.758Z"}
{"level":"info","message":"⌛ Validating example.wlk","timeElapsed":114,"timestamp":"2025-04-28T13:20:27.872Z"}
{"level":"info","message":"⌛ Validating example.wlk","timeElapsed":120,"timestamp":"2025-04-28T13:20:28.076Z"}
{"level":"info","message":"⌛ Validating example.wlk","timeElapsed":115,"timestamp":"2025-04-28T13:20:28.195Z"}
{"level":"info","message":"⌛ Building environment","timeElapsed":208,"timestamp":"2025-04-28T13:20:28.568Z"}
{"level":"info","message":"⌛ Validating example.wlk","timeElapsed":142,"timestamp":"2025-04-28T13:20:28.710Z"}
{"level":"info","message":"⌛ Validating example.wlk","timeElapsed":135,"timestamp":"2025-04-28T13:20:28.967Z"}
{"level":"info","message":"⌛ Validating example.wlk","timeElapsed":116,"timestamp":"2025-04-28T13:20:29.254Z"}
{"level":"info","message":"⌛ Validating example.wlk","timeElapsed":112,"timestamp":"2025-04-28T13:20:29.551Z"}
{"level":"info","message":"⌛ Validating example.wlk","timeElapsed":113,"timestamp":"2025-04-28T13:20:29.665Z"}
{"level":"info","message":"⌛ Validating example.wlk","timeElapsed":114,"timestamp":"2025-04-28T13:20:29.782Z"}
{"level":"info","message":"⌛ Validating example.wlk","timeElapsed":108,"timestamp":"2025-04-28T13:20:29.891Z"}
{"level":"info","message":"⌛ Building environment","timeElapsed":155,"timestamp":"2025-04-28T13:20:31.306Z"}
{"level":"info","message":"⌛ Validating example.wlk","timeElapsed":137,"timestamp":"2025-04-28T13:20:31.443Z"}
{"level":"info","message":"⌛ Building environment","timeElapsed":103,"timestamp":"2025-04-28T13:20:32.402Z"}
{"level":"info","message":"⌛ Validating example.wlk","timeElapsed":157,"timestamp":"2025-04-28T13:20:32.561Z"}
{"level":"info","message":"⌛ Building environment","timeElapsed":189,"timestamp":"2025-04-28T13:20:32.797Z"}
{"level":"info","message":"⌛ Validating example.wlk","timeElapsed":130,"timestamp":"2025-04-28T13:20:32.929Z"}
{"level":"info","message":"⌛ Building environment","timeElapsed":129,"timestamp":"2025-04-28T13:21:17.279Z"}
{"level":"info","message":"⌛ Validating example.wlk","timeElapsed":144,"timestamp":"2025-04-28T13:21:17.424Z"}
{"level":"info","message":"⌛ Building environment","timeElapsed":146,"timestamp":"2025-04-28T13:21:17.572Z"}
{"level":"info","message":"⌛ Building environment","timeElapsed":105,"timestamp":"2025-04-28T13:21:17.680Z"}
{"level":"info","message":"⌛ Validating example.wlk","timeElapsed":239,"timestamp":"2025-04-28T13:21:17.919Z"}
{"level":"info","message":"⌛ Validating example.wlk","timeElapsed":127,"timestamp":"2025-04-28T13:21:18.046Z"}
{"level":"info","message":"⌛ Building environment","timeElapsed":107,"timestamp":"2025-04-28T13:21:18.153Z"}
{"level":"info","message":"⌛ Validating example.wlk","timeElapsed":115,"timestamp":"2025-04-28T13:21:18.444Z"}
{"level":"info","message":"⌛ Validating example.wlk","timeElapsed":120,"timestamp":"2025-04-28T13:21:18.565Z"}
{"level":"info","message":"⌛ Validating example.wlk","timeElapsed":114,"timestamp":"2025-04-28T13:21:18.779Z"}
{"level":"info","message":"⌛ Validating example.wlk","timeElapsed":129,"timestamp":"2025-04-28T13:21:18.913Z"}
{"level":"info","message":"⌛ Validating example.wlk","timeElapsed":133,"timestamp":"2025-04-28T13:21:22.649Z"}
{"level":"info","message":"onRequest - completionItem/resolve","timestamp":"2025-04-28T13:21:22.649Z"}
{"level":"info","message":"⌛ Validating example.wlk","timeElapsed":130,"timestamp":"2025-04-28T13:21:22.895Z"}
{"level":"info","message":"⌛ Validating example.wlk","timeElapsed":208,"timestamp":"2025-04-28T13:21:23.310Z"}
{"level":"info","message":"⌛ Validating example.wlk","timeElapsed":118,"timestamp":"2025-04-28T13:21:23.536Z"}
{"level":"info","message":"⌛ Validating example.wlk","timeElapsed":119,"timestamp":"2025-04-28T13:21:23.723Z"}
{"level":"info","message":"⌛ Validating example.wlk","timeElapsed":134,"timestamp":"2025-04-28T13:21:23.862Z"}
{"level":"info","message":"⌛ Building environment","timeElapsed":122,"timestamp":"2025-04-28T13:21:23.985Z"}
{"level":"info","message":"⌛ Validating example.wlk","timeElapsed":120,"timestamp":"2025-04-28T13:21:24.213Z"}
{"level":"info","message":"⌛ Validating example.wlk","timeElapsed":130,"timestamp":"2025-04-28T13:21:24.344Z"}
{"level":"info","message":"⌛ Building environment","timeElapsed":120,"timestamp":"2025-04-28T13:21:24.633Z"}
{"level":"info","message":"⌛ Validating example.wlk","timeElapsed":150,"timestamp":"2025-04-28T13:21:24.784Z"}
{"level":"info","message":"⌛ Validating example.wlk","timeElapsed":127,"timestamp":"2025-04-28T13:21:25.030Z"}
{"level":"info","message":"⌛ Validating example.wlk","timeElapsed":121,"timestamp":"2025-04-28T13:21:25.234Z"}
{"level":"info","message":"⌛ Validating example.wlk","timeElapsed":124,"timestamp":"2025-04-28T13:21:25.363Z"}
{"level":"info","message":"⌛ Validating example.wlk","timeElapsed":117,"timestamp":"2025-04-28T13:21:25.596Z"}
{"level":"info","message":"⌛ Validating example.wlk","timeElapsed":114,"timestamp":"2025-04-28T13:21:25.847Z"}
{"level":"info","message":"⌛ Validating example.wlk","timeElapsed":121,"timestamp":"2025-04-28T13:21:26.117Z"}
{"level":"info","message":"⌛ Building environment","timeElapsed":178,"timestamp":"2025-04-28T13:21:26.296Z"}
{"level":"info","message":"⌛ Validating example.wlk","timeElapsed":117,"timestamp":"2025-04-28T13:21:26.434Z"}
{"level":"info","message":"⌛ Validating example.wlk","timeElapsed":116,"timestamp":"2025-04-28T13:21:26.883Z"}
{"level":"info","message":"⌛ Validating example.wlk","timeElapsed":114,"timestamp":"2025-04-28T13:21:27.213Z"}
{"level":"info","message":"⌛ Building environment","timeElapsed":163,"timestamp":"2025-04-28T13:21:29.829Z"}
{"level":"info","message":"⌛ Validating example.wlk","timeElapsed":162,"timestamp":"2025-04-28T13:21:29.993Z"}
{"level":"info","message":"⌛ Validating example.wlk","timeElapsed":186,"timestamp":"2025-04-28T13:21:30.271Z"}
{"level":"info","message":"⌛ Validating example.wlk","timeElapsed":124,"timestamp":"2025-04-28T13:21:30.628Z"}
{"level":"info","message":"onRequest - completionItem/resolve","timestamp":"2025-04-28T13:21:30.711Z"}
{"level":"info","message":"onRequest - completionItem/resolve","timestamp":"2025-04-28T13:21:30.795Z"}
{"level":"info","message":"⌛ Validating example.wlk","timeElapsed":221,"timestamp":"2025-04-28T13:21:31.017Z"}
{"level":"info","message":"⌛ Validating example.wlk","timeElapsed":127,"timestamp":"2025-04-28T13:21:31.145Z"}
{"level":"info","message":"⌛ Validating example.wlk","timeElapsed":135,"timestamp":"2025-04-28T13:21:31.284Z"}
{"level":"info","message":"onRequest - completionItem/resolve","timestamp":"2025-04-28T13:21:31.378Z"}
{"level":"info","message":"onRequest - completionItem/resolve","timestamp":"2025-04-28T13:21:31.475Z"}
{"level":"info","message":"⌛ Validating example.wlk","timeElapsed":120,"timestamp":"2025-04-28T13:21:31.685Z"}
{"level":"info","message":"⌛ Validating example.wlk","timeElapsed":127,"timestamp":"2025-04-28T13:21:31.905Z"}
{"level":"info","message":"⌛ Validating example.wlk","timeElapsed":131,"timestamp":"2025-04-28T13:21:32.036Z"}
{"level":"info","message":"⌛ Validating example.wlk","timeElapsed":133,"timestamp":"2025-04-28T13:21:32.253Z"}
{"level":"info","message":"⌛ Building environment","timeElapsed":112,"timestamp":"2025-04-28T13:21:32.463Z"}
{"level":"info","message":"⌛ Validating example.wlk","timeElapsed":133,"timestamp":"2025-04-28T13:21:32.595Z"}
{"level":"info","message":"⌛ Validating example.wlk","timeElapsed":243,"timestamp":"2025-04-28T13:21:33.027Z"}
{"level":"info","message":"⌛ Validating example.wlk","timeElapsed":143,"timestamp":"2025-04-28T13:21:33.171Z"}
{"level":"info","message":"⌛ Validating example.wlk","timeElapsed":115,"timestamp":"2025-04-28T13:21:33.380Z"}
{"level":"info","message":"⌛ Validating example.wlk","timeElapsed":149,"timestamp":"2025-04-28T13:21:33.698Z"}
{"level":"info","message":"⌛ Building environment","timeElapsed":115,"timestamp":"2025-04-28T13:21:33.814Z"}
{"level":"error","message":"✘ Failed to rebuild document Failed to parse example.wlk: \n-- PARSING FAILED --------------------------------------------------\n\n  38 |     peso += 5\n  39 |     metodoDesignado = \"bicicleta\"\n> 40 |   }\n     |   ^\n  41 |   var cantidadDeAcoplados = 0\n  42 |   method aclopar() {\n\nExpected one of the following: \n\n'@', 'class', 'const', 'describe', 'mixin', 'object', 'only', 'package', 'program', 'test', 'var', '{', EOF, comment, not \"}\n  \", whitespace\n","stack":"Error: Failed to parse example.wlk: \n-- PARSING FAILED --------------------------------------------------\n\n  38 |     peso += 5\n  39 |     metodoDesignado = \"bicicleta\"\n> 40 |   }\n     |   ^\n  41 |   var cantidadDeAcoplados = 0\n  42 |   method aclopar() {\n\nExpected one of the following: \n\n'@', 'class', 'const', 'describe', 'mixin', 'object', 'only', 'package', 'program', 'test', 'var', '{', EOF, comment, not \"}\n  \", whitespace\n\n    at c:\\Users\\Admin\\.vscode\\extensions\\uqbar.wollok-lsp-ide-0.5.0\\out\\server\\src\\server.js:2326:13026\n    at Array.map (<anonymous>)\n    at P1n (c:\\Users\\Admin\\.vscode\\extensions\\uqbar.wollok-lsp-ide-0.5.0\\out\\server\\src\\server.js:2326:12950)\n    at U2.buildEnvironmentFrom (c:\\Users\\Admin\\.vscode\\extensions\\uqbar.wollok-lsp-ide-0.5.0\\out\\server\\src\\server.js:2371:5255)\n    at U2.updateEnvironmentWith (c:\\Users\\Admin\\.vscode\\extensions\\uqbar.wollok-lsp-ide-0.5.0\\out\\server\\src\\server.js:2371:4990)\n    at UF (c:\\Users\\Admin\\.vscode\\extensions\\uqbar.wollok-lsp-ide-0.5.0\\out\\server\\src\\server.js:2371:7147)\n    at F3.invoke (c:\\Users\\Admin\\.vscode\\extensions\\uqbar.wollok-lsp-ide-0.5.0\\out\\server\\src\\server.js:3:157316)\n    at o.fire (c:\\Users\\Admin\\.vscode\\extensions\\uqbar.wollok-lsp-ide-0.5.0\\out\\server\\src\\server.js:3:158086)\n    at c:\\Users\\Admin\\.vscode\\extensions\\uqbar.wollok-lsp-ide-0.5.0\\out\\server\\src\\server.js:37:57871\n    at Qr (c:\\Users\\Admin\\.vscode\\extensions\\uqbar.wollok-lsp-ide-0.5.0\\out\\server\\src\\server.js:8:1561)","timestamp":"2025-04-28T13:21:34.097Z"}
{"level":"info","message":"⌛ Validating example.wlk","timeElapsed":127,"timestamp":"2025-04-28T13:21:34.224Z"}
{"level":"error","message":"✘ Failed to rebuild document Failed to parse example.wlk: \n-- PARSING FAILED --------------------------------------------------\n\n  38 |     peso += 5\n  39 |     metodoDesignado = \"bicicleta\"\n> 40 |   }\n     |   ^\n  41 |   var cantidadDeAcoplados = 0\n  42 |   method aclopar() {\n\nExpected one of the following: \n\n'@', 'class', 'const', 'describe', 'mixin', 'object', 'only', 'package', 'program', 'test', 'var', '{', EOF, comment, not \"}\n  \", whitespace\n","stack":"Error: Failed to parse example.wlk: \n-- PARSING FAILED --------------------------------------------------\n\n  38 |     peso += 5\n  39 |     metodoDesignado = \"bicicleta\"\n> 40 |   }\n     |   ^\n  41 |   var cantidadDeAcoplados = 0\n  42 |   method aclopar() {\n\nExpected one of the following: \n\n'@', 'class', 'const', 'describe', 'mixin', 'object', 'only', 'package', 'program', 'test', 'var', '{', EOF, comment, not \"}\n  \", whitespace\n\n    at c:\\Users\\Admin\\.vscode\\extensions\\uqbar.wollok-lsp-ide-0.5.0\\out\\server\\src\\server.js:2326:13026\n    at Array.map (<anonymous>)\n    at P1n (c:\\Users\\Admin\\.vscode\\extensions\\uqbar.wollok-lsp-ide-0.5.0\\out\\server\\src\\server.js:2326:12950)\n    at U2.buildEnvironmentFrom (c:\\Users\\Admin\\.vscode\\extensions\\uqbar.wollok-lsp-ide-0.5.0\\out\\server\\src\\server.js:2371:5255)\n    at U2.updateEnvironmentWith (c:\\Users\\Admin\\.vscode\\extensions\\uqbar.wollok-lsp-ide-0.5.0\\out\\server\\src\\server.js:2371:4990)\n    at UF (c:\\Users\\Admin\\.vscode\\extensions\\uqbar.wollok-lsp-ide-0.5.0\\out\\server\\src\\server.js:2371:7147)\n    at F3.invoke (c:\\Users\\Admin\\.vscode\\extensions\\uqbar.wollok-lsp-ide-0.5.0\\out\\server\\src\\server.js:3:157316)\n    at o.fire (c:\\Users\\Admin\\.vscode\\extensions\\uqbar.wollok-lsp-ide-0.5.0\\out\\server\\src\\server.js:3:158086)\n    at c:\\Users\\Admin\\.vscode\\extensions\\uqbar.wollok-lsp-ide-0.5.0\\out\\server\\src\\server.js:37:57871\n    at Qr (c:\\Users\\Admin\\.vscode\\extensions\\uqbar.wollok-lsp-ide-0.5.0\\out\\server\\src\\server.js:8:1561)","timestamp":"2025-04-28T13:21:34.236Z"}
{"level":"info","message":"⌛ Validating example.wlk","timeElapsed":123,"timestamp":"2025-04-28T13:21:34.360Z"}
{"level":"info","message":"onRequest - completionItem/resolve","timestamp":"2025-04-28T13:21:34.360Z"}
{"level":"info","message":"⌛ Validating example.wlk","timeElapsed":123,"timestamp":"2025-04-28T13:21:34.488Z"}
{"level":"info","message":"⌛ Validating example.wlk","timeElapsed":118,"timestamp":"2025-04-28T13:21:34.608Z"}
{"level":"info","message":"⌛ Validating example.wlk","timeElapsed":123,"timestamp":"2025-04-28T13:21:34.731Z"}
{"level":"info","message":"⌛ Validating example.wlk","timeElapsed":114,"timestamp":"2025-04-28T13:21:34.844Z"}
{"level":"info","message":"⌛ Validating example.wlk","timeElapsed":123,"timestamp":"2025-04-28T13:21:35.676Z"}
{"level":"info","message":"⌛ Building environment","timeElapsed":102,"timestamp":"2025-04-28T13:21:35.905Z"}
{"level":"info","message":"⌛ Validating example.wlk","timeElapsed":122,"timestamp":"2025-04-28T13:21:36.030Z"}
{"level":"info","message":"onRequest - completionItem/resolve","timestamp":"2025-04-28T13:21:36.030Z"}
{"level":"info","message":"⌛ Building environment","timeElapsed":175,"timestamp":"2025-04-28T13:21:36.206Z"}
{"level":"info","message":"onRequest - completionItem/resolve","timestamp":"2025-04-28T13:21:36.207Z"}
{"level":"info","message":"⌛ Validating example.wlk","timeElapsed":115,"timestamp":"2025-04-28T13:21:36.323Z"}
{"level":"info","message":"onRequest - completionItem/resolve","timestamp":"2025-04-28T13:21:36.407Z"}
{"level":"info","message":"⌛ Validating example.wlk","timeElapsed":116,"timestamp":"2025-04-28T13:21:36.524Z"}
{"level":"info","message":"⌛ Validating example.wlk","timeElapsed":121,"timestamp":"2025-04-28T13:21:36.652Z"}
{"level":"info","message":"⌛ Validating example.wlk","timeElapsed":114,"timestamp":"2025-04-28T13:21:36.928Z"}
{"level":"info","message":"⌛ Building environment","timeElapsed":125,"timestamp":"2025-04-28T13:21:37.067Z"}
{"level":"info","message":"⌛ Validating example.wlk","timeElapsed":129,"timestamp":"2025-04-28T13:21:37.305Z"}
{"level":"info","message":"⌛ Validating example.wlk","timeElapsed":120,"timestamp":"2025-04-28T13:21:37.516Z"}
{"level":"info","message":"⌛ Validating example.wlk","timeElapsed":115,"timestamp":"2025-04-28T13:21:37.740Z"}
{"level":"info","message":"⌛ Validating example.wlk","timeElapsed":120,"timestamp":"2025-04-28T13:21:37.865Z"}
{"level":"info","message":"⌛ Building environment","timeElapsed":161,"timestamp":"2025-04-28T13:21:39.230Z"}
{"level":"info","message":"⌛ Validating example.wlk","timeElapsed":135,"timestamp":"2025-04-28T13:21:39.366Z"}
{"level":"info","message":"⌛ Building environment","timeElapsed":102,"timestamp":"2025-04-28T13:21:40.198Z"}
{"level":"error","message":"✘ Completions for node Parameter ([22:21, 22:22] - example.wlk) failed: Error: [Parameter]{91097d} at example.wlk:22 exhausted all cases without a match [Parameter]{91097d} at example.wlk:22 exhausted all cases without a match","stack":"Error: [Parameter]{91097d} at example.wlk:22 exhausted all cases without a match\n    at c:\\Users\\Admin\\.vscode\\extensions\\uqbar.wollok-lsp-ide-0.5.0\\out\\server\\src\\server.js:38:6142\n    at Gh (c:\\Users\\Admin\\.vscode\\extensions\\uqbar.wollok-lsp-ide-0.5.0\\out\\server\\src\\server.js:2362:42)\n    at c:\\Users\\Admin\\.vscode\\extensions\\uqbar.wollok-lsp-ide-0.5.0\\out\\server\\src\\server.js:2362:2949\n    at c:\\Users\\Admin\\.vscode\\extensions\\uqbar.wollok-lsp-ide-0.5.0\\out\\server\\src\\server.js:2371:8632\n    at c:\\Users\\Admin\\.vscode\\extensions\\uqbar.wollok-lsp-ide-0.5.0\\out\\server\\src\\server.js:37:74872\n    at Ye (c:\\Users\\Admin\\.vscode\\extensions\\uqbar.wollok-lsp-ide-0.5.0\\out\\server\\src\\server.js:7:8527)\n    at Dt (c:\\Users\\Admin\\.vscode\\extensions\\uqbar.wollok-lsp-ide-0.5.0\\out\\server\\src\\server.js:7:6189)\n    at Zi (c:\\Users\\Admin\\.vscode\\extensions\\uqbar.wollok-lsp-ide-0.5.0\\out\\server\\src\\server.js:7:6378)\n    at Immediate._onImmediate (c:\\Users\\Admin\\.vscode\\extensions\\uqbar.wollok-lsp-ide-0.5.0\\out\\server\\src\\server.js:7:6142)\n    at process.processImmediate (node:internal/timers:483:21)","timestamp":"2025-04-28T13:21:40.269Z"}
{"level":"info","message":"⌛ Validating example.wlk","timeElapsed":228,"timestamp":"2025-04-28T13:21:40.501Z"}
{"level":"info","message":"⌛ Building environment","timeElapsed":108,"timestamp":"2025-04-28T13:21:40.609Z"}
{"level":"info","message":"⌛ Validating example.wlk","timeElapsed":142,"timestamp":"2025-04-28T13:21:40.759Z"}
{"level":"error","message":"✘ Completions for node Parameter ([22:21, 22:24] - example.wlk) failed: Error: [Parameter]{198356} at example.wlk:22 exhausted all cases without a match [Parameter]{198356} at example.wlk:22 exhausted all cases without a match","stack":"Error: [Parameter]{198356} at example.wlk:22 exhausted all cases without a match\n    at c:\\Users\\Admin\\.vscode\\extensions\\uqbar.wollok-lsp-ide-0.5.0\\out\\server\\src\\server.js:38:6142\n    at Gh (c:\\Users\\Admin\\.vscode\\extensions\\uqbar.wollok-lsp-ide-0.5.0\\out\\server\\src\\server.js:2362:42)\n    at c:\\Users\\Admin\\.vscode\\extensions\\uqbar.wollok-lsp-ide-0.5.0\\out\\server\\src\\server.js:2362:2949\n    at c:\\Users\\Admin\\.vscode\\extensions\\uqbar.wollok-lsp-ide-0.5.0\\out\\server\\src\\server.js:2371:8632\n    at c:\\Users\\Admin\\.vscode\\extensions\\uqbar.wollok-lsp-ide-0.5.0\\out\\server\\src\\server.js:37:74872\n    at Ye (c:\\Users\\Admin\\.vscode\\extensions\\uqbar.wollok-lsp-ide-0.5.0\\out\\server\\src\\server.js:7:8527)\n    at Dt (c:\\Users\\Admin\\.vscode\\extensions\\uqbar.wollok-lsp-ide-0.5.0\\out\\server\\src\\server.js:7:6189)\n    at Zi (c:\\Users\\Admin\\.vscode\\extensions\\uqbar.wollok-lsp-ide-0.5.0\\out\\server\\src\\server.js:7:6378)\n    at Immediate._onImmediate (c:\\Users\\Admin\\.vscode\\extensions\\uqbar.wollok-lsp-ide-0.5.0\\out\\server\\src\\server.js:7:6142)\n    at process.processImmediate (node:internal/timers:483:21)","timestamp":"2025-04-28T13:21:40.868Z"}
{"level":"info","message":"⌛ Validating example.wlk","timeElapsed":158,"timestamp":"2025-04-28T13:21:41.029Z"}
{"level":"info","message":"onRequest - completionItem/resolve","timestamp":"2025-04-28T13:21:41.029Z"}
{"level":"error","message":"✘ Completions for node Parameter ([22:21, 22:25] - example.wlk) failed: Error: [Parameter]{b91e5b} at example.wlk:22 exhausted all cases without a match [Parameter]{b91e5b} at example.wlk:22 exhausted all cases without a match","stack":"Error: [Parameter]{b91e5b} at example.wlk:22 exhausted all cases without a match\n    at c:\\Users\\Admin\\.vscode\\extensions\\uqbar.wollok-lsp-ide-0.5.0\\out\\server\\src\\server.js:38:6142\n    at Gh (c:\\Users\\Admin\\.vscode\\extensions\\uqbar.wollok-lsp-ide-0.5.0\\out\\server\\src\\server.js:2362:42)\n    at c:\\Users\\Admin\\.vscode\\extensions\\uqbar.wollok-lsp-ide-0.5.0\\out\\server\\src\\server.js:2362:2949\n    at c:\\Users\\Admin\\.vscode\\extensions\\uqbar.wollok-lsp-ide-0.5.0\\out\\server\\src\\server.js:2371:8632\n    at c:\\Users\\Admin\\.vscode\\extensions\\uqbar.wollok-lsp-ide-0.5.0\\out\\server\\src\\server.js:37:74872\n    at Ye (c:\\Users\\Admin\\.vscode\\extensions\\uqbar.wollok-lsp-ide-0.5.0\\out\\server\\src\\server.js:7:8527)\n    at Dt (c:\\Users\\Admin\\.vscode\\extensions\\uqbar.wollok-lsp-ide-0.5.0\\out\\server\\src\\server.js:7:6189)\n    at Zi (c:\\Users\\Admin\\.vscode\\extensions\\uqbar.wollok-lsp-ide-0.5.0\\out\\server\\src\\server.js:7:6378)\n    at Immediate._onImmediate (c:\\Users\\Admin\\.vscode\\extensions\\uqbar.wollok-lsp-ide-0.5.0\\out\\server\\src\\server.js:7:6142)\n    at process.processImmediate (node:internal/timers:483:21)","timestamp":"2025-04-28T13:21:41.147Z"}
{"level":"info","message":"⌛ Building environment","timeElapsed":105,"timestamp":"2025-04-28T13:21:41.255Z"}
{"level":"info","message":"⌛ Validating example.wlk","timeElapsed":154,"timestamp":"2025-04-28T13:21:41.410Z"}
{"level":"error","message":"✘ Completions for node Parameter ([22:21, 22:28] - example.wlk) failed: Error: [Parameter]{3a7b24} at example.wlk:22 exhausted all cases without a match [Parameter]{3a7b24} at example.wlk:22 exhausted all cases without a match","stack":"Error: [Parameter]{3a7b24} at example.wlk:22 exhausted all cases without a match\n    at c:\\Users\\Admin\\.vscode\\extensions\\uqbar.wollok-lsp-ide-0.5.0\\out\\server\\src\\server.js:38:6142\n    at Gh (c:\\Users\\Admin\\.vscode\\extensions\\uqbar.wollok-lsp-ide-0.5.0\\out\\server\\src\\server.js:2362:42)\n    at c:\\Users\\Admin\\.vscode\\extensions\\uqbar.wollok-lsp-ide-0.5.0\\out\\server\\src\\server.js:2362:2949\n    at c:\\Users\\Admin\\.vscode\\extensions\\uqbar.wollok-lsp-ide-0.5.0\\out\\server\\src\\server.js:2371:8632\n    at c:\\Users\\Admin\\.vscode\\extensions\\uqbar.wollok-lsp-ide-0.5.0\\out\\server\\src\\server.js:37:74872\n    at Ye (c:\\Users\\Admin\\.vscode\\extensions\\uqbar.wollok-lsp-ide-0.5.0\\out\\server\\src\\server.js:7:8527)\n    at Dt (c:\\Users\\Admin\\.vscode\\extensions\\uqbar.wollok-lsp-ide-0.5.0\\out\\server\\src\\server.js:7:6189)\n    at Zi (c:\\Users\\Admin\\.vscode\\extensions\\uqbar.wollok-lsp-ide-0.5.0\\out\\server\\src\\server.js:7:6378)\n    at Immediate._onImmediate (c:\\Users\\Admin\\.vscode\\extensions\\uqbar.wollok-lsp-ide-0.5.0\\out\\server\\src\\server.js:7:6142)\n    at process.processImmediate (node:internal/timers:483:21)","timestamp":"2025-04-28T13:21:41.607Z"}
{"level":"info","message":"⌛ Validating example.wlk","timeElapsed":133,"timestamp":"2025-04-28T13:21:41.742Z"}
{"level":"info","message":"⌛ Validating example.wlk","timeElapsed":116,"timestamp":"2025-04-28T13:21:42.045Z"}
{"level":"info","message":"⌛ Validating example.wlk","timeElapsed":195,"timestamp":"2025-04-28T13:21:42.240Z"}
{"level":"error","message":"✘ Completions for node Parameter ([22:21, 22:31] - example.wlk) failed: Error: [Parameter]{4b3563} at example.wlk:22 exhausted all cases without a match [Parameter]{4b3563} at example.wlk:22 exhausted all cases without a match","stack":"Error: [Parameter]{4b3563} at example.wlk:22 exhausted all cases without a match\n    at c:\\Users\\Admin\\.vscode\\extensions\\uqbar.wollok-lsp-ide-0.5.0\\out\\server\\src\\server.js:38:6142\n    at Gh (c:\\Users\\Admin\\.vscode\\extensions\\uqbar.wollok-lsp-ide-0.5.0\\out\\server\\src\\server.js:2362:42)\n    at c:\\Users\\Admin\\.vscode\\extensions\\uqbar.wollok-lsp-ide-0.5.0\\out\\server\\src\\server.js:2362:2949\n    at c:\\Users\\Admin\\.vscode\\extensions\\uqbar.wollok-lsp-ide-0.5.0\\out\\server\\src\\server.js:2371:8632\n    at c:\\Users\\Admin\\.vscode\\extensions\\uqbar.wollok-lsp-ide-0.5.0\\out\\server\\src\\server.js:37:74872\n    at Ye (c:\\Users\\Admin\\.vscode\\extensions\\uqbar.wollok-lsp-ide-0.5.0\\out\\server\\src\\server.js:7:8527)\n    at Dt (c:\\Users\\Admin\\.vscode\\extensions\\uqbar.wollok-lsp-ide-0.5.0\\out\\server\\src\\server.js:7:6189)\n    at Zi (c:\\Users\\Admin\\.vscode\\extensions\\uqbar.wollok-lsp-ide-0.5.0\\out\\server\\src\\server.js:7:6378)\n    at Immediate._onImmediate (c:\\Users\\Admin\\.vscode\\extensions\\uqbar.wollok-lsp-ide-0.5.0\\out\\server\\src\\server.js:7:6142)\n    at process.processImmediate (node:internal/timers:483:21)","timestamp":"2025-04-28T13:21:42.363Z"}
{"level":"info","message":"⌛ Validating example.wlk","timeElapsed":122,"timestamp":"2025-04-28T13:21:42.576Z"}
{"level":"info","message":"⌛ Validating example.wlk","timeElapsed":124,"timestamp":"2025-04-28T13:21:42.699Z"}
{"level":"info","message":"⌛ Validating example.wlk","timeElapsed":117,"timestamp":"2025-04-28T13:21:42.821Z"}
{"level":"info","message":"⌛ Validating example.wlk","timeElapsed":124,"timestamp":"2025-04-28T13:21:42.947Z"}
{"level":"info","message":"⌛ Validating example.wlk","timeElapsed":112,"timestamp":"2025-04-28T13:21:43.158Z"}
{"level":"info","message":"⌛ Validating example.wlk","timeElapsed":115,"timestamp":"2025-04-28T13:21:44.668Z"}
{"level":"info","message":"⌛ Validating example.wlk","timeElapsed":151,"timestamp":"2025-04-28T13:21:45.664Z"}
{"level":"info","message":"⌛ Building environment","timeElapsed":120,"timestamp":"2025-04-28T13:21:46.347Z"}
{"level":"info","message":"⌛ Validating example.wlk","timeElapsed":115,"timestamp":"2025-04-28T13:21:46.462Z"}
{"level":"info","message":"⌛ Building environment","timeElapsed":103,"timestamp":"2025-04-28T13:21:55.395Z"}
{"level":"info","message":"⌛ Validating example.wlk","timeElapsed":141,"timestamp":"2025-04-28T13:21:55.662Z"}
{"level":"info","message":"onRequest - completionItem/resolve","timestamp":"2025-04-28T13:21:55.662Z"}
{"level":"info","message":"⌛ Building environment","timeElapsed":210,"timestamp":"2025-04-28T13:21:55.873Z"}
{"level":"info","message":"onRequest - completionItem/resolve","timestamp":"2025-04-28T13:21:55.874Z"}
{"level":"info","message":"⌛ Validating example.wlk","timeElapsed":122,"timestamp":"2025-04-28T13:21:55.996Z"}
{"level":"info","message":"⌛ Building environment","timeElapsed":101,"timestamp":"2025-04-28T13:21:56.096Z"}
{"level":"info","message":"⌛ Validating example.wlk","timeElapsed":117,"timestamp":"2025-04-28T13:21:56.403Z"}
{"level":"info","message":"⌛ Validating example.wlk","timeElapsed":112,"timestamp":"2025-04-28T13:21:56.601Z"}
{"level":"info","message":"⌛ Validating example.wlk","timeElapsed":113,"timestamp":"2025-04-28T13:21:56.714Z"}
{"level":"info","message":"⌛ Validating example.wlk","timeElapsed":113,"timestamp":"2025-04-28T13:21:56.831Z"}
{"level":"info","message":"⌛ Validating example.wlk","timeElapsed":125,"timestamp":"2025-04-28T13:21:56.957Z"}
{"level":"info","message":"⌛ Validating example.wlk","timeElapsed":120,"timestamp":"2025-04-28T13:21:57.168Z"}
{"level":"info","message":"⌛ Building environment","timeElapsed":113,"timestamp":"2025-04-28T13:21:57.281Z"}
{"level":"info","message":"⌛ Validating example.wlk","timeElapsed":123,"timestamp":"2025-04-28T13:21:57.405Z"}
{"level":"info","message":"⌛ Validating example.wlk","timeElapsed":137,"timestamp":"2025-04-28T13:21:57.634Z"}
{"level":"info","message":"⌛ Validating example.wlk","timeElapsed":113,"timestamp":"2025-04-28T13:21:57.832Z"}
{"level":"info","message":"⌛ Validating example.wlk","timeElapsed":119,"timestamp":"2025-04-28T13:21:58.452Z"}
{"level":"info","message":"⌛ Validating example.wlk","timeElapsed":164,"timestamp":"2025-04-28T13:21:58.708Z"}
{"level":"info","message":"⌛ Building environment","timeElapsed":107,"timestamp":"2025-04-28T13:21:58.816Z"}
{"level":"info","message":"⌛ Validating example.wlk","timeElapsed":119,"timestamp":"2025-04-28T13:21:58.936Z"}
{"level":"info","message":"⌛ Building environment","timeElapsed":108,"timestamp":"2025-04-28T13:21:59.564Z"}
{"level":"info","message":"⌛ Validating example.wlk","timeElapsed":134,"timestamp":"2025-04-28T13:21:59.725Z"}
{"level":"info","message":"onRequest - completionItem/resolve","timestamp":"2025-04-28T13:21:59.725Z"}
{"level":"info","message":"onRequest - completionItem/resolve","timestamp":"2025-04-28T13:21:59.817Z"}
{"level":"info","message":"⌛ Validating example.wlk","timeElapsed":129,"timestamp":"2025-04-28T13:21:59.947Z"}
{"level":"info","message":"⌛ Building environment","timeElapsed":103,"timestamp":"2025-04-28T13:22:00.119Z"}
{"level":"info","message":"onRequest - completionItem/resolve","timestamp":"2025-04-28T13:22:00.119Z"}
{"level":"info","message":"⌛ Validating example.wlk","timeElapsed":128,"timestamp":"2025-04-28T13:22:00.248Z"}
{"level":"info","message":"⌛ Validating example.wlk","timeElapsed":137,"timestamp":"2025-04-28T13:22:00.579Z"}
{"level":"info","message":"⌛ Validating example.wlk","timeElapsed":131,"timestamp":"2025-04-28T13:22:00.806Z"}
{"level":"info","message":"⌛ Building environment","timeElapsed":182,"timestamp":"2025-04-28T13:22:00.989Z"}
{"level":"info","message":"⌛ Validating example.wlk","timeElapsed":119,"timestamp":"2025-04-28T13:22:01.189Z"}
{"level":"info","message":"⌛ Building environment","timeElapsed":111,"timestamp":"2025-04-28T13:22:01.301Z"}
{"level":"info","message":"⌛ Validating example.wlk","timeElapsed":131,"timestamp":"2025-04-28T13:22:01.547Z"}
{"level":"info","message":"⌛ Validating example.wlk","timeElapsed":113,"timestamp":"2025-04-28T13:22:01.661Z"}
{"level":"info","message":"⌛ Validating example.wlk","timeElapsed":115,"timestamp":"2025-04-28T13:22:01.779Z"}
{"level":"info","message":"⌛ Validating example.wlk","timeElapsed":119,"timestamp":"2025-04-28T13:22:01.899Z"}
{"level":"info","message":"onRequest - completionItem/resolve","timestamp":"2025-04-28T13:22:01.899Z"}
{"level":"info","message":"⌛ Building environment","timeElapsed":177,"timestamp":"2025-04-28T13:22:04.831Z"}
{"level":"info","message":"onRequest - completionItem/resolve","timestamp":"2025-04-28T13:22:04.833Z"}
{"level":"info","message":"onRequest - completionItem/resolve","timestamp":"2025-04-28T13:22:04.934Z"}
{"level":"info","message":"⌛ Validating example.wlk","timeElapsed":227,"timestamp":"2025-04-28T13:22:05.165Z"}
{"level":"info","message":"⌛ Validating example.wlk","timeElapsed":131,"timestamp":"2025-04-28T13:22:05.296Z"}
{"level":"info","message":"⌛ Validating example.wlk","timeElapsed":117,"timestamp":"2025-04-28T13:22:05.603Z"}
{"level":"info","message":"⌛ Validating example.wlk","timeElapsed":118,"timestamp":"2025-04-28T13:22:05.723Z"}
{"level":"info","message":"⌛ Building environment","timeElapsed":176,"timestamp":"2025-04-28T13:22:06.547Z"}
{"level":"info","message":"⌛ Validating example.wlk","timeElapsed":119,"timestamp":"2025-04-28T13:22:06.671Z"}
{"level":"info","message":"⌛ Building environment","timeElapsed":144,"timestamp":"2025-04-28T13:22:08.447Z"}
{"level":"info","message":"⌛ Validating example.wlk","timeElapsed":140,"timestamp":"2025-04-28T13:22:08.588Z"}
{"level":"info","message":"⌛ Validating example.wlk","timeElapsed":150,"timestamp":"2025-04-28T13:22:09.725Z"}
{"level":"info","message":"⌛ Building environment","timeElapsed":104,"timestamp":"2025-04-28T13:22:10.833Z"}
{"level":"info","message":"⌛ Validating example.wlk","timeElapsed":119,"timestamp":"2025-04-28T13:22:10.952Z"}
{"level":"info","message":"⌛ Validating example.wlk","timeElapsed":117,"timestamp":"2025-04-28T13:22:12.021Z"}
{"level":"info","message":"⌛ Validating example.wlk","timeElapsed":113,"timestamp":"2025-04-28T13:22:12.631Z"}
{"level":"info","message":"⌛ Validating example.wlk","timeElapsed":116,"timestamp":"2025-04-28T13:22:12.877Z"}
{"level":"info","message":"⌛ Validating example.wlk","timeElapsed":113,"timestamp":"2025-04-28T13:22:13.302Z"}
{"level":"info","message":"⌛ Validating example.wlk","timeElapsed":114,"timestamp":"2025-04-28T13:22:13.723Z"}
{"level":"info","message":"⌛ Validating example.wlk","timeElapsed":115,"timestamp":"2025-04-28T13:22:13.965Z"}
{"level":"info","message":"⌛ Validating example.wlk","timeElapsed":114,"timestamp":"2025-04-28T13:22:15.212Z"}
{"level":"info","message":"⌛ Building environment","timeElapsed":163,"timestamp":"2025-04-28T13:22:22.444Z"}
{"level":"error","message":"✘ Completions for node Send ([23:5, 23:22] - example.wlk) failed: Error: [Send]{daadd3} at example.wlk:23 exhausted all cases without a match [Send]{daadd3} at example.wlk:23 exhausted all cases without a match","stack":"Error: [Send]{daadd3} at example.wlk:23 exhausted all cases without a match\n    at c:\\Users\\Admin\\.vscode\\extensions\\uqbar.wollok-lsp-ide-0.5.0\\out\\server\\src\\server.js:38:6142\n    at Gh (c:\\Users\\Admin\\.vscode\\extensions\\uqbar.wollok-lsp-ide-0.5.0\\out\\server\\src\\server.js:2362:42)\n    at Kh (c:\\Users\\Admin\\.vscode\\extensions\\uqbar.wollok-lsp-ide-0.5.0\\out\\server\\src\\server.js:2362:1053)\n    at d8n (c:\\Users\\Admin\\.vscode\\extensions\\uqbar.wollok-lsp-ide-0.5.0\\out\\server\\src\\server.js:2362:1209)\n    at c:\\Users\\Admin\\.vscode\\extensions\\uqbar.wollok-lsp-ide-0.5.0\\out\\server\\src\\server.js:38:6131\n    at Gh (c:\\Users\\Admin\\.vscode\\extensions\\uqbar.wollok-lsp-ide-0.5.0\\out\\server\\src\\server.js:2362:42)\n    at c:\\Users\\Admin\\.vscode\\extensions\\uqbar.wollok-lsp-ide-0.5.0\\out\\server\\src\\server.js:2362:2949\n    at c:\\Users\\Admin\\.vscode\\extensions\\uqbar.wollok-lsp-ide-0.5.0\\out\\server\\src\\server.js:2371:8632\n    at c:\\Users\\Admin\\.vscode\\extensions\\uqbar.wollok-lsp-ide-0.5.0\\out\\server\\src\\server.js:37:74872\n    at Ye (c:\\Users\\Admin\\.vscode\\extensions\\uqbar.wollok-lsp-ide-0.5.0\\out\\server\\src\\server.js:7:8527)","timestamp":"2025-04-28T13:22:22.476Z"}
{"level":"error","message":"✘ Completions for node Send ([23:5, 23:30] - example.wlk) failed: Error: [Send]{f074c1} at example.wlk:23 exhausted all cases without a match [Send]{f074c1} at example.wlk:23 exhausted all cases without a match","stack":"Error: [Send]{f074c1} at example.wlk:23 exhausted all cases without a match\n    at c:\\Users\\Admin\\.vscode\\extensions\\uqbar.wollok-lsp-ide-0.5.0\\out\\server\\src\\server.js:38:6142\n    at Gh (c:\\Users\\Admin\\.vscode\\extensions\\uqbar.wollok-lsp-ide-0.5.0\\out\\server\\src\\server.js:2362:42)\n    at Kh (c:\\Users\\Admin\\.vscode\\extensions\\uqbar.wollok-lsp-ide-0.5.0\\out\\server\\src\\server.js:2362:1053)\n    at Gh (c:\\Users\\Admin\\.vscode\\extensions\\uqbar.wollok-lsp-ide-0.5.0\\out\\server\\src\\server.js:2362:505)\n    at Kh (c:\\Users\\Admin\\.vscode\\extensions\\uqbar.wollok-lsp-ide-0.5.0\\out\\server\\src\\server.js:2362:1053)\n    at d8n (c:\\Users\\Admin\\.vscode\\extensions\\uqbar.wollok-lsp-ide-0.5.0\\out\\server\\src\\server.js:2362:1209)\n    at c:\\Users\\Admin\\.vscode\\extensions\\uqbar.wollok-lsp-ide-0.5.0\\out\\server\\src\\server.js:38:6131\n    at Gh (c:\\Users\\Admin\\.vscode\\extensions\\uqbar.wollok-lsp-ide-0.5.0\\out\\server\\src\\server.js:2362:42)\n    at c:\\Users\\Admin\\.vscode\\extensions\\uqbar.wollok-lsp-ide-0.5.0\\out\\server\\src\\server.js:2362:2949\n    at c:\\Users\\Admin\\.vscode\\extensions\\uqbar.wollok-lsp-ide-0.5.0\\out\\server\\src\\server.js:2371:8632","timestamp":"2025-04-28T13:22:22.476Z"}
{"level":"info","message":"⌛ Building environment","timeElapsed":184,"timestamp":"2025-04-28T13:22:22.663Z"}
{"level":"info","message":"⌛ Validating example.wlk","timeElapsed":156,"timestamp":"2025-04-28T13:22:22.821Z"}
{"level":"info","message":"⌛ Validating example.wlk","timeElapsed":118,"timestamp":"2025-04-28T13:22:23.033Z"}
{"level":"info","message":"⌛ Validating example.wlk","timeElapsed":113,"timestamp":"2025-04-28T13:22:23.156Z"}
{"level":"info","message":"⌛ Building environment","timeElapsed":116,"timestamp":"2025-04-28T13:22:27.622Z"}
{"level":"info","message":"⌛ Validating example.wlk","timeElapsed":136,"timestamp":"2025-04-28T13:22:27.759Z"}
{"level":"info","message":"⌛ Validating example.wlk","timeElapsed":133,"timestamp":"2025-04-28T13:22:28.108Z"}
{"level":"info","message":"⌛ Building environment","timeElapsed":118,"timestamp":"2025-04-28T13:22:28.366Z"}
{"level":"info","message":"⌛ Validating example.wlk","timeElapsed":131,"timestamp":"2025-04-28T13:22:28.500Z"}
{"level":"info","message":"⌛ Building environment","timeElapsed":113,"timestamp":"2025-04-28T13:22:29.320Z"}
{"level":"error","message":"✘ Completions for node Return (undefined - example.wlk) failed: Error: [Return]{551825} at example.wlk:-- exhausted all cases without a match [Return]{551825} at example.wlk:-- exhausted all cases without a match","stack":"Error: [Return]{551825} at example.wlk:-- exhausted all cases without a match\n    at c:\\Users\\Admin\\.vscode\\extensions\\uqbar.wollok-lsp-ide-0.5.0\\out\\server\\src\\server.js:38:6142\n    at Gh (c:\\Users\\Admin\\.vscode\\extensions\\uqbar.wollok-lsp-ide-0.5.0\\out\\server\\src\\server.js:2362:42)\n    at Kh (c:\\Users\\Admin\\.vscode\\extensions\\uqbar.wollok-lsp-ide-0.5.0\\out\\server\\src\\server.js:2362:1053)\n    at d8n (c:\\Users\\Admin\\.vscode\\extensions\\uqbar.wollok-lsp-ide-0.5.0\\out\\server\\src\\server.js:2362:1209)\n    at c:\\Users\\Admin\\.vscode\\extensions\\uqbar.wollok-lsp-ide-0.5.0\\out\\server\\src\\server.js:38:6131\n    at Gh (c:\\Users\\Admin\\.vscode\\extensions\\uqbar.wollok-lsp-ide-0.5.0\\out\\server\\src\\server.js:2362:42)\n    at c:\\Users\\Admin\\.vscode\\extensions\\uqbar.wollok-lsp-ide-0.5.0\\out\\server\\src\\server.js:2362:2949\n    at c:\\Users\\Admin\\.vscode\\extensions\\uqbar.wollok-lsp-ide-0.5.0\\out\\server\\src\\server.js:2371:8632\n    at c:\\Users\\Admin\\.vscode\\extensions\\uqbar.wollok-lsp-ide-0.5.0\\out\\server\\src\\server.js:37:74872\n    at Ye (c:\\Users\\Admin\\.vscode\\extensions\\uqbar.wollok-lsp-ide-0.5.0\\out\\server\\src\\server.js:7:8527)","timestamp":"2025-04-28T13:22:29.398Z"}
{"level":"info","message":"⌛ Building environment","timeElapsed":151,"timestamp":"2025-04-28T13:22:29.558Z"}
{"level":"info","message":"⌛ Validating example.wlk","timeElapsed":145,"timestamp":"2025-04-28T13:22:29.703Z"}
{"level":"info","message":"onRequest - completionItem/resolve","timestamp":"2025-04-28T13:22:29.703Z"}
{"level":"info","message":"onRequest - completionItem/resolve","timestamp":"2025-04-28T13:22:29.797Z"}
{"level":"info","message":"⌛ Validating example.wlk","timeElapsed":143,"timestamp":"2025-04-28T13:22:29.940Z"}
{"level":"info","message":"⌛ Building environment","timeElapsed":102,"timestamp":"2025-04-28T13:22:30.043Z"}
{"level":"error","message":"✘ Completions for node Return (undefined - example.wlk) failed: Error: [Return]{1df57d} at example.wlk:-- exhausted all cases without a match [Return]{1df57d} at example.wlk:-- exhausted all cases without a match","stack":"Error: [Return]{1df57d} at example.wlk:-- exhausted all cases without a match\n    at c:\\Users\\Admin\\.vscode\\extensions\\uqbar.wollok-lsp-ide-0.5.0\\out\\server\\src\\server.js:38:6142\n    at Gh (c:\\Users\\Admin\\.vscode\\extensions\\uqbar.wollok-lsp-ide-0.5.0\\out\\server\\src\\server.js:2362:42)\n    at Kh (c:\\Users\\Admin\\.vscode\\extensions\\uqbar.wollok-lsp-ide-0.5.0\\out\\server\\src\\server.js:2362:1053)\n    at d8n (c:\\Users\\Admin\\.vscode\\extensions\\uqbar.wollok-lsp-ide-0.5.0\\out\\server\\src\\server.js:2362:1209)\n    at c:\\Users\\Admin\\.vscode\\extensions\\uqbar.wollok-lsp-ide-0.5.0\\out\\server\\src\\server.js:38:6131\n    at Gh (c:\\Users\\Admin\\.vscode\\extensions\\uqbar.wollok-lsp-ide-0.5.0\\out\\server\\src\\server.js:2362:42)\n    at c:\\Users\\Admin\\.vscode\\extensions\\uqbar.wollok-lsp-ide-0.5.0\\out\\server\\src\\server.js:2362:2949\n    at c:\\Users\\Admin\\.vscode\\extensions\\uqbar.wollok-lsp-ide-0.5.0\\out\\server\\src\\server.js:2371:8632\n    at c:\\Users\\Admin\\.vscode\\extensions\\uqbar.wollok-lsp-ide-0.5.0\\out\\server\\src\\server.js:37:74872\n    at Ye (c:\\Users\\Admin\\.vscode\\extensions\\uqbar.wollok-lsp-ide-0.5.0\\out\\server\\src\\server.js:7:8527)","timestamp":"2025-04-28T13:22:30.074Z"}
{"level":"info","message":"⌛ Validating example.wlk","timeElapsed":133,"timestamp":"2025-04-28T13:22:30.297Z"}
{"level":"info","message":"⌛ Building environment","timeElapsed":106,"timestamp":"2025-04-28T13:22:30.404Z"}
{"level":"info","message":"⌛ Validating example.wlk","timeElapsed":147,"timestamp":"2025-04-28T13:22:30.640Z"}
{"level":"info","message":"⌛ Validating example.wlk","timeElapsed":130,"timestamp":"2025-04-28T13:22:30.771Z"}
{"level":"error","message":"✘ Completions for node Return ([24:7, 24:15] - example.wlk) failed: Error: [Return]{3ec3c1} at example.wlk:24 exhausted all cases without a match [Return]{3ec3c1} at example.wlk:24 exhausted all cases without a match","stack":"Error: [Return]{3ec3c1} at example.wlk:24 exhausted all cases without a match\n    at c:\\Users\\Admin\\.vscode\\extensions\\uqbar.wollok-lsp-ide-0.5.0\\out\\server\\src\\server.js:38:6142\n    at Gh (c:\\Users\\Admin\\.vscode\\extensions\\uqbar.wollok-lsp-ide-0.5.0\\out\\server\\src\\server.js:2362:42)\n    at Kh (c:\\Users\\Admin\\.vscode\\extensions\\uqbar.wollok-lsp-ide-0.5.0\\out\\server\\src\\server.js:2362:1053)\n    at d8n (c:\\Users\\Admin\\.vscode\\extensions\\uqbar.wollok-lsp-ide-0.5.0\\out\\server\\src\\server.js:2362:1209)\n    at c:\\Users\\Admin\\.vscode\\extensions\\uqbar.wollok-lsp-ide-0.5.0\\out\\server\\src\\server.js:38:6131\n    at Gh (c:\\Users\\Admin\\.vscode\\extensions\\uqbar.wollok-lsp-ide-0.5.0\\out\\server\\src\\server.js:2362:42)\n    at c:\\Users\\Admin\\.vscode\\extensions\\uqbar.wollok-lsp-ide-0.5.0\\out\\server\\src\\server.js:2362:2949\n    at c:\\Users\\Admin\\.vscode\\extensions\\uqbar.wollok-lsp-ide-0.5.0\\out\\server\\src\\server.js:2371:8632\n    at c:\\Users\\Admin\\.vscode\\extensions\\uqbar.wollok-lsp-ide-0.5.0\\out\\server\\src\\server.js:37:74872\n    at Ye (c:\\Users\\Admin\\.vscode\\extensions\\uqbar.wollok-lsp-ide-0.5.0\\out\\server\\src\\server.js:7:8527)","timestamp":"2025-04-28T13:22:30.881Z"}
{"level":"info","message":"⌛ Validating example.wlk","timeElapsed":118,"timestamp":"2025-04-28T13:22:31.083Z"}
{"level":"info","message":"⌛ Validating example.wlk","timeElapsed":128,"timestamp":"2025-04-28T13:22:31.212Z"}
{"level":"info","message":"⌛ Building environment","timeElapsed":160,"timestamp":"2025-04-28T13:22:31.373Z"}
{"level":"info","message":"⌛ Building environment","timeElapsed":107,"timestamp":"2025-04-28T13:22:31.481Z"}
{"level":"info","message":"⌛ Validating example.wlk","timeElapsed":110,"timestamp":"2025-04-28T13:22:31.596Z"}
{"level":"info","message":"⌛ Validating example.wlk","timeElapsed":123,"timestamp":"2025-04-28T13:22:31.719Z"}
{"level":"info","message":"⌛ Validating example.wlk","timeElapsed":114,"timestamp":"2025-04-28T13:22:31.837Z"}
{"level":"info","message":"⌛ Validating example.wlk","timeElapsed":118,"timestamp":"2025-04-28T13:22:31.958Z"}
{"level":"info","message":"⌛ Building environment","timeElapsed":118,"timestamp":"2025-04-28T13:22:36.736Z"}
{"level":"error","message":"✘ Completions for node Send ([23:8, 23:25] - example.wlk) failed: Error: [Send]{dd95ee} at example.wlk:23 exhausted all cases without a match [Send]{dd95ee} at example.wlk:23 exhausted all cases without a match","stack":"Error: [Send]{dd95ee} at example.wlk:23 exhausted all cases without a match\n    at c:\\Users\\Admin\\.vscode\\extensions\\uqbar.wollok-lsp-ide-0.5.0\\out\\server\\src\\server.js:38:6142\n    at Gh (c:\\Users\\Admin\\.vscode\\extensions\\uqbar.wollok-lsp-ide-0.5.0\\out\\server\\src\\server.js:2362:42)\n    at Kh (c:\\Users\\Admin\\.vscode\\extensions\\uqbar.wollok-lsp-ide-0.5.0\\out\\server\\src\\server.js:2362:1053)\n    at d8n (c:\\Users\\Admin\\.vscode\\extensions\\uqbar.wollok-lsp-ide-0.5.0\\out\\server\\src\\server.js:2362:1209)\n    at c:\\Users\\Admin\\.vscode\\extensions\\uqbar.wollok-lsp-ide-0.5.0\\out\\server\\src\\server.js:38:6131\n    at Gh (c:\\Users\\Admin\\.vscode\\extensions\\uqbar.wollok-lsp-ide-0.5.0\\out\\server\\src\\server.js:2362:42)\n    at c:\\Users\\Admin\\.vscode\\extensions\\uqbar.wollok-lsp-ide-0.5.0\\out\\server\\src\\server.js:2362:2949\n    at c:\\Users\\Admin\\.vscode\\extensions\\uqbar.wollok-lsp-ide-0.5.0\\out\\server\\src\\server.js:2371:8632\n    at c:\\Users\\Admin\\.vscode\\extensions\\uqbar.wollok-lsp-ide-0.5.0\\out\\server\\src\\server.js:37:74872\n    at Ye (c:\\Users\\Admin\\.vscode\\extensions\\uqbar.wollok-lsp-ide-0.5.0\\out\\server\\src\\server.js:7:8527)","timestamp":"2025-04-28T13:22:36.769Z"}
{"level":"error","message":"✘ Completions for node Send ([23:8, 23:33] - example.wlk) failed: Error: [Send]{86ae83} at example.wlk:23 exhausted all cases without a match [Send]{86ae83} at example.wlk:23 exhausted all cases without a match","stack":"Error: [Send]{86ae83} at example.wlk:23 exhausted all cases without a match\n    at c:\\Users\\Admin\\.vscode\\extensions\\uqbar.wollok-lsp-ide-0.5.0\\out\\server\\src\\server.js:38:6142\n    at Gh (c:\\Users\\Admin\\.vscode\\extensions\\uqbar.wollok-lsp-ide-0.5.0\\out\\server\\src\\server.js:2362:42)\n    at Kh (c:\\Users\\Admin\\.vscode\\extensions\\uqbar.wollok-lsp-ide-0.5.0\\out\\server\\src\\server.js:2362:1053)\n    at Gh (c:\\Users\\Admin\\.vscode\\extensions\\uqbar.wollok-lsp-ide-0.5.0\\out\\server\\src\\server.js:2362:505)\n    at Kh (c:\\Users\\Admin\\.vscode\\extensions\\uqbar.wollok-lsp-ide-0.5.0\\out\\server\\src\\server.js:2362:1053)\n    at d8n (c:\\Users\\Admin\\.vscode\\extensions\\uqbar.wollok-lsp-ide-0.5.0\\out\\server\\src\\server.js:2362:1209)\n    at c:\\Users\\Admin\\.vscode\\extensions\\uqbar.wollok-lsp-ide-0.5.0\\out\\server\\src\\server.js:38:6131\n    at Gh (c:\\Users\\Admin\\.vscode\\extensions\\uqbar.wollok-lsp-ide-0.5.0\\out\\server\\src\\server.js:2362:42)\n    at c:\\Users\\Admin\\.vscode\\extensions\\uqbar.wollok-lsp-ide-0.5.0\\out\\server\\src\\server.js:2362:2949\n    at c:\\Users\\Admin\\.vscode\\extensions\\uqbar.wollok-lsp-ide-0.5.0\\out\\server\\src\\server.js:2371:8632","timestamp":"2025-04-28T13:22:36.770Z"}
{"level":"info","message":"⌛ Validating example.wlk","timeElapsed":142,"timestamp":"2025-04-28T13:22:36.914Z"}
{"level":"info","message":"⌛ Building environment","timeElapsed":110,"timestamp":"2025-04-28T13:22:37.025Z"}
{"level":"info","message":"onRequest - completionItem/resolve","timestamp":"2025-04-28T13:22:37.026Z"}
{"level":"info","message":"⌛ Validating example.wlk","timeElapsed":135,"timestamp":"2025-04-28T13:22:37.197Z"}
{"level":"info","message":"⌛ Building environment","timeElapsed":104,"timestamp":"2025-04-28T13:23:37.189Z"}
{"level":"info","message":"⌛ Validating example.wlk","timeElapsed":153,"timestamp":"2025-04-28T13:23:37.343Z"}
{"level":"info","message":"⌛ Building environment","timeElapsed":178,"timestamp":"2025-04-28T13:23:39.533Z"}
{"level":"info","message":"⌛ Validating example.wlk","timeElapsed":137,"timestamp":"2025-04-28T13:23:39.672Z"}
{"level":"info","message":"⌛ Building environment","timeElapsed":155,"timestamp":"2025-04-28T13:24:13.510Z"}
{"level":"info","message":"⌛ Building environment","timeElapsed":143,"timestamp":"2025-04-28T13:24:13.657Z"}
{"level":"info","message":"⌛ Building environment","timeElapsed":284,"timestamp":"2025-04-28T13:24:13.941Z"}
{"level":"info","message":"⌛ Building environment","timeElapsed":106,"timestamp":"2025-04-28T13:24:14.052Z"}
{"level":"info","message":"⌛ Validating example.wlk","timeElapsed":131,"timestamp":"2025-04-28T13:24:14.275Z"}
{"level":"info","message":"⌛ Validating example.wlk","timeElapsed":130,"timestamp":"2025-04-28T13:24:14.838Z"}
{"level":"info","message":"⌛ Building environment","timeElapsed":104,"timestamp":"2025-04-28T13:24:14.942Z"}
{"level":"info","message":"⌛ Validating example.wlk","timeElapsed":124,"timestamp":"2025-04-28T13:24:15.240Z"}
{"level":"info","message":"⌛ Validating example.wlk","timeElapsed":119,"timestamp":"2025-04-28T13:24:15.367Z"}
{"level":"info","message":"⌛ Validating example.wlk","timeElapsed":126,"timestamp":"2025-04-28T13:24:15.495Z"}
{"level":"info","message":"⌛ Validating example.wlk","timeElapsed":120,"timestamp":"2025-04-28T13:24:15.614Z"}
{"level":"info","message":"⌛ Validating example.wlk","timeElapsed":122,"timestamp":"2025-04-28T13:24:15.738Z"}
{"level":"info","message":"⌛ Validating example.wlk","timeElapsed":120,"timestamp":"2025-04-28T13:24:15.859Z"}
{"level":"info","message":"⌛ Validating example.wlk","timeElapsed":115,"timestamp":"2025-04-28T13:24:15.975Z"}
{"level":"info","message":"⌛ Validating example.wlk","timeElapsed":123,"timestamp":"2025-04-28T13:24:16.097Z"}
{"level":"info","message":"⌛ Validating example.wlk","timeElapsed":120,"timestamp":"2025-04-28T13:24:16.218Z"}
{"level":"info","message":"⌛ Validating example.wlk","timeElapsed":125,"timestamp":"2025-04-28T13:24:16.343Z"}
{"level":"info","message":"⌛ Validating example.wlk","timeElapsed":115,"timestamp":"2025-04-28T13:24:16.461Z"}
{"level":"info","message":"⌛ Building environment","timeElapsed":125,"timestamp":"2025-04-28T13:25:03.149Z"}
{"level":"info","message":"⌛ Validating example.wlk","timeElapsed":147,"timestamp":"2025-04-28T13:25:03.298Z"}
{"level":"info","message":"⌛ Building environment","timeElapsed":119,"timestamp":"2025-04-28T13:25:05.011Z"}
{"level":"info","message":"⌛ Validating example.wlk","timeElapsed":147,"timestamp":"2025-04-28T13:25:05.163Z"}
{"level":"info","message":"⌛ Building environment","timeElapsed":104,"timestamp":"2025-04-28T13:25:11.799Z"}
{"level":"info","message":"⌛ Validating example.wlk","timeElapsed":166,"timestamp":"2025-04-28T13:25:11.968Z"}
{"level":"info","message":"⌛ Building environment","timeElapsed":101,"timestamp":"2025-04-28T13:25:12.070Z"}
{"level":"info","message":"⌛ Validating example.wlk","timeElapsed":122,"timestamp":"2025-04-28T13:25:12.193Z"}
{"level":"info","message":"⌛ Building environment","timeElapsed":101,"timestamp":"2025-04-28T13:25:12.489Z"}
{"level":"info","message":"⌛ Validating example.wlk","timeElapsed":118,"timestamp":"2025-04-28T13:25:12.608Z"}
{"level":"info","message":"⌛ Building environment","timeElapsed":102,"timestamp":"2025-04-28T13:25:12.941Z"}
{"level":"info","message":"⌛ Validating example.wlk","timeElapsed":122,"timestamp":"2025-04-28T13:25:13.064Z"}
{"level":"error","message":"✘ Failed to rebuild document Failed to parse example.wlk: \n-- PARSING FAILED --------------------------------------------------\n\n  23 |     return unMensajero.peso() < 100;\n  24 |   }\n> 25 | }\n     | ^\n  26 | \n  27 | object roberto {\n\nExpected one of the following: \n\n' ', '@', 'class', 'const', 'describe', 'mixin', 'object', 'only', 'package', 'program', 'test', 'var', '{', EOF, comment, not \"}\n\n\", whitespace\n","stack":"Error: Failed to parse example.wlk: \n-- PARSING FAILED --------------------------------------------------\n\n  23 |     return unMensajero.peso() < 100;\n  24 |   }\n> 25 | }\n     | ^\n  26 | \n  27 | object roberto {\n\nExpected one of the following: \n\n' ', '@', 'class', 'const', 'describe', 'mixin', 'object', 'only', 'package', 'program', 'test', 'var', '{', EOF, comment, not \"}\n\n\", whitespace\n\n    at c:\\Users\\Admin\\.vscode\\extensions\\uqbar.wollok-lsp-ide-0.5.0\\out\\server\\src\\server.js:2326:13026\n    at Array.map (<anonymous>)\n    at P1n (c:\\Users\\Admin\\.vscode\\extensions\\uqbar.wollok-lsp-ide-0.5.0\\out\\server\\src\\server.js:2326:12950)\n    at U2.buildEnvironmentFrom (c:\\Users\\Admin\\.vscode\\extensions\\uqbar.wollok-lsp-ide-0.5.0\\out\\server\\src\\server.js:2371:5255)\n    at U2.updateEnvironmentWith (c:\\Users\\Admin\\.vscode\\extensions\\uqbar.wollok-lsp-ide-0.5.0\\out\\server\\src\\server.js:2371:4990)\n    at UF (c:\\Users\\Admin\\.vscode\\extensions\\uqbar.wollok-lsp-ide-0.5.0\\out\\server\\src\\server.js:2371:7147)\n    at F3.invoke (c:\\Users\\Admin\\.vscode\\extensions\\uqbar.wollok-lsp-ide-0.5.0\\out\\server\\src\\server.js:3:157316)\n    at o.fire (c:\\Users\\Admin\\.vscode\\extensions\\uqbar.wollok-lsp-ide-0.5.0\\out\\server\\src\\server.js:3:158086)\n    at c:\\Users\\Admin\\.vscode\\extensions\\uqbar.wollok-lsp-ide-0.5.0\\out\\server\\src\\server.js:37:57871\n    at Qr (c:\\Users\\Admin\\.vscode\\extensions\\uqbar.wollok-lsp-ide-0.5.0\\out\\server\\src\\server.js:8:1561)","timestamp":"2025-04-28T13:25:13.540Z"}
{"level":"error","message":"✘ Failed to rebuild document Failed to parse example.wlk: \n-- PARSING FAILED --------------------------------------------------\n\n  23 |     return unMensajero.peso() < 100;\n  24 |   }\n> 25 | }\n     | ^\n  26 | \n  27 | object roberto {\n\nExpected one of the following: \n\n' ', '@', 'class', 'const', 'describe', 'mixin', 'object', 'only', 'package', 'program', 'test', 'var', '{', EOF, comment, not \"}\n\n\", whitespace\n","stack":"Error: Failed to parse example.wlk: \n-- PARSING FAILED --------------------------------------------------\n\n  23 |     return unMensajero.peso() < 100;\n  24 |   }\n> 25 | }\n     | ^\n  26 | \n  27 | object roberto {\n\nExpected one of the following: \n\n' ', '@', 'class', 'const', 'describe', 'mixin', 'object', 'only', 'package', 'program', 'test', 'var', '{', EOF, comment, not \"}\n\n\", whitespace\n\n    at c:\\Users\\Admin\\.vscode\\extensions\\uqbar.wollok-lsp-ide-0.5.0\\out\\server\\src\\server.js:2326:13026\n    at Array.map (<anonymous>)\n    at P1n (c:\\Users\\Admin\\.vscode\\extensions\\uqbar.wollok-lsp-ide-0.5.0\\out\\server\\src\\server.js:2326:12950)\n    at U2.buildEnvironmentFrom (c:\\Users\\Admin\\.vscode\\extensions\\uqbar.wollok-lsp-ide-0.5.0\\out\\server\\src\\server.js:2371:5255)\n    at U2.updateEnvironmentWith (c:\\Users\\Admin\\.vscode\\extensions\\uqbar.wollok-lsp-ide-0.5.0\\out\\server\\src\\server.js:2371:4990)\n    at UF (c:\\Users\\Admin\\.vscode\\extensions\\uqbar.wollok-lsp-ide-0.5.0\\out\\server\\src\\server.js:2371:7147)\n    at F3.invoke (c:\\Users\\Admin\\.vscode\\extensions\\uqbar.wollok-lsp-ide-0.5.0\\out\\server\\src\\server.js:3:157316)\n    at o.fire (c:\\Users\\Admin\\.vscode\\extensions\\uqbar.wollok-lsp-ide-0.5.0\\out\\server\\src\\server.js:3:158086)\n    at c:\\Users\\Admin\\.vscode\\extensions\\uqbar.wollok-lsp-ide-0.5.0\\out\\server\\src\\server.js:37:57871\n    at Qr (c:\\Users\\Admin\\.vscode\\extensions\\uqbar.wollok-lsp-ide-0.5.0\\out\\server\\src\\server.js:8:1561)","timestamp":"2025-04-28T13:25:15.081Z"}
{"level":"info","message":"⌛ Building environment","timeElapsed":120,"timestamp":"2025-04-28T13:25:19.383Z"}
{"level":"info","message":"⌛ Validating example.wlk","timeElapsed":133,"timestamp":"2025-04-28T13:25:19.519Z"}
{"level":"info","message":"⌛ Building environment","timeElapsed":104,"timestamp":"2025-04-28T13:25:19.697Z"}
{"level":"info","message":"⌛ Validating example.wlk","timeElapsed":130,"timestamp":"2025-04-28T13:25:19.867Z"}
{"level":"error","message":"✘ Failed to get type description: Error: Failed to print, found malformed node Failed to print, found malformed node","node":{"id":"4c71d8d9-8b29-4459-a291-655dd2e6f787","members":[{"body":{"id":"5ede6bcb-fef8-4b06-8fe8-103451897943","metadata":[],"problems":[],"scope":{"containerScope":{"containerScope":{"containerScope":{"containerScope":{"contributions":{},"includedScopes":[]},"contributions":{},"includedScopes":[]},"contributions":{},"includedScopes":[{"containerScope":{"containerScope":{"containerScope":{"contributions":{},"includedScopes":[]},"contributions":{},"includedScopes":[]},"contributions":{},"includedScopes":[]},"contributions":{},"includedScopes":[]}]},"contributions":{},"includedScopes":[]},"contributions":{},"includedScopes":[]},"sentences":[],"sourceMap":{"end":{"column":36,"line":22,"offset":473},"start":{"column":34,"line":22,"offset":471}}},"compiled":false,"id":"2c3bed73-9740-430b-846d-26183b275aac","isOverride":false,"metadata":[],"name":"puedePasar","parameters":[{"id":"ba06eb69-f90c-4428-a892-cb2b16d86221","isVarArg":false,"metadata":[],"name":"unMensajero","scope":{"containerScope":{"containerScope":{"containerScope":{"containerScope":{"contributions":{},"includedScopes":[]},"contributions":{},"includedScopes":[]},"contributions":{},"includedScopes":[{"containerScope":{"containerScope":{"containerScope":{"contributions":{},"includedScopes":[]},"contributions":{},"includedScopes":[]},"contributions":{},"includedScopes":[]},"contributions":{},"includedScopes":[]}]},"contributions":{},"includedScopes":[]},"contributions":{},"includedScopes":[]},"sourceMap":{"end":{"column":32,"line":22,"offset":469},"start":{"column":21,"line":22,"offset":458}}}],"problems":[],"scope":{"containerScope":{"containerScope":{"containerScope":{"contributions":{},"includedScopes":[]},"contributions":{},"includedScopes":[]},"contributions":{},"includedScopes":[{"containerScope":{"containerScope":{"containerScope":{"contributions":{},"includedScopes":[]},"contributions":{},"includedScopes":[]},"contributions":{},"includedScopes":[]},"contributions":{},"includedScopes":[]}]},"contributions":{},"includedScopes":[]},"sourceMap":{"end":{"column":36,"line":22,"offset":473},"start":{"column":3,"line":22,"offset":440}}}],"metadata":[],"name":"puenteDeBrooklyn","problems":[{"code":"malformedMember","sourceMap":{"end":{"column":0,"line":24,"offset":510},"start":{"column":5,"line":23,"offset":478}}}],"scope":{"containerScope":{"containerScope":{"contributions":{},"includedScopes":[]},"contributions":{},"includedScopes":[]},"contributions":{},"includedScopes":[{"containerScope":{"containerScope":{"containerScope":{"contributions":{},"includedScopes":[]},"contributions":{},"includedScopes":[]},"contributions":{},"includedScopes":[]},"contributions":{},"includedScopes":[]}]},"sourceMap":{"end":{"column":4,"line":24,"offset":514},"start":{"column":1,"line":21,"offset":412}},"supertypes":[]},"stack":"Error: Failed to print, found malformed node\n    at c:\\Users\\Admin\\.vscode\\extensions\\uqbar.wollok-lsp-ide-0.5.0\\out\\server\\src\\server.js:68:3585\n    at Dbn (c:\\Users\\Admin\\.vscode\\extensions\\uqbar.wollok-lsp-ide-0.5.0\\out\\server\\src\\server.js:68:3396)\n    at c:\\Users\\Admin\\.vscode\\extensions\\uqbar.wollok-lsp-ide-0.5.0\\out\\server\\src\\server.js:2371:847\n    at c:\\Users\\Admin\\.vscode\\extensions\\uqbar.wollok-lsp-ide-0.5.0\\out\\server\\src\\server.js:2371:8632\n    at c:\\Users\\Admin\\.vscode\\extensions\\uqbar.wollok-lsp-ide-0.5.0\\out\\server\\src\\server.js:37:74770\n    at Ye (c:\\Users\\Admin\\.vscode\\extensions\\uqbar.wollok-lsp-ide-0.5.0\\out\\server\\src\\server.js:7:8527)\n    at Dt (c:\\Users\\Admin\\.vscode\\extensions\\uqbar.wollok-lsp-ide-0.5.0\\out\\server\\src\\server.js:7:6189)\n    at Zi (c:\\Users\\Admin\\.vscode\\extensions\\uqbar.wollok-lsp-ide-0.5.0\\out\\server\\src\\server.js:7:6378)\n    at Immediate._onImmediate (c:\\Users\\Admin\\.vscode\\extensions\\uqbar.wollok-lsp-ide-0.5.0\\out\\server\\src\\server.js:7:6142)\n    at process.processImmediate (node:internal/timers:483:21)","timestamp":"2025-04-28T13:25:21.347Z"}
{"level":"error","message":"✘ Failed to get type description: Error: Failed to print, found malformed node Failed to print, found malformed node","node":{"id":"4c71d8d9-8b29-4459-a291-655dd2e6f787","members":[{"body":{"id":"5ede6bcb-fef8-4b06-8fe8-103451897943","metadata":[],"problems":[],"scope":{"containerScope":{"containerScope":{"containerScope":{"containerScope":{"contributions":{},"includedScopes":[]},"contributions":{},"includedScopes":[]},"contributions":{},"includedScopes":[{"containerScope":{"containerScope":{"containerScope":{"contributions":{},"includedScopes":[]},"contributions":{},"includedScopes":[]},"contributions":{},"includedScopes":[]},"contributions":{},"includedScopes":[]}]},"contributions":{},"includedScopes":[]},"contributions":{},"includedScopes":[]},"sentences":[],"sourceMap":{"end":{"column":36,"line":22,"offset":473},"start":{"column":34,"line":22,"offset":471}}},"compiled":false,"id":"2c3bed73-9740-430b-846d-26183b275aac","isOverride":false,"metadata":[],"name":"puedePasar","parameters":[{"id":"ba06eb69-f90c-4428-a892-cb2b16d86221","isVarArg":false,"metadata":[],"name":"unMensajero","scope":{"containerScope":{"containerScope":{"containerScope":{"containerScope":{"contributions":{},"includedScopes":[]},"contributions":{},"includedScopes":[]},"contributions":{},"includedScopes":[{"containerScope":{"containerScope":{"containerScope":{"contributions":{},"includedScopes":[]},"contributions":{},"includedScopes":[]},"contributions":{},"includedScopes":[]},"contributions":{},"includedScopes":[]}]},"contributions":{},"includedScopes":[]},"contributions":{},"includedScopes":[]},"sourceMap":{"end":{"column":32,"line":22,"offset":469},"start":{"column":21,"line":22,"offset":458}}}],"problems":[],"scope":{"containerScope":{"containerScope":{"containerScope":{"contributions":{},"includedScopes":[]},"contributions":{},"includedScopes":[]},"contributions":{},"includedScopes":[{"containerScope":{"containerScope":{"containerScope":{"contributions":{},"includedScopes":[]},"contributions":{},"includedScopes":[]},"contributions":{},"includedScopes":[]},"contributions":{},"includedScopes":[]}]},"contributions":{},"includedScopes":[]},"sourceMap":{"end":{"column":36,"line":22,"offset":473},"start":{"column":3,"line":22,"offset":440}}}],"metadata":[],"name":"puenteDeBrooklyn","problems":[{"code":"malformedMember","sourceMap":{"end":{"column":0,"line":24,"offset":510},"start":{"column":5,"line":23,"offset":478}}}],"scope":{"containerScope":{"containerScope":{"contributions":{},"includedScopes":[]},"contributions":{},"includedScopes":[]},"contributions":{},"includedScopes":[{"containerScope":{"containerScope":{"containerScope":{"contributions":{},"includedScopes":[]},"contributions":{},"includedScopes":[]},"contributions":{},"includedScopes":[]},"contributions":{},"includedScopes":[]}]},"sourceMap":{"end":{"column":4,"line":24,"offset":514},"start":{"column":1,"line":21,"offset":412}},"supertypes":[]},"stack":"Error: Failed to print, found malformed node\n    at c:\\Users\\Admin\\.vscode\\extensions\\uqbar.wollok-lsp-ide-0.5.0\\out\\server\\src\\server.js:68:3585\n    at Dbn (c:\\Users\\Admin\\.vscode\\extensions\\uqbar.wollok-lsp-ide-0.5.0\\out\\server\\src\\server.js:68:3396)\n    at c:\\Users\\Admin\\.vscode\\extensions\\uqbar.wollok-lsp-ide-0.5.0\\out\\server\\src\\server.js:2371:847\n    at c:\\Users\\Admin\\.vscode\\extensions\\uqbar.wollok-lsp-ide-0.5.0\\out\\server\\src\\server.js:2371:8632\n    at c:\\Users\\Admin\\.vscode\\extensions\\uqbar.wollok-lsp-ide-0.5.0\\out\\server\\src\\server.js:37:74770\n    at Ye (c:\\Users\\Admin\\.vscode\\extensions\\uqbar.wollok-lsp-ide-0.5.0\\out\\server\\src\\server.js:7:8527)\n    at Dt (c:\\Users\\Admin\\.vscode\\extensions\\uqbar.wollok-lsp-ide-0.5.0\\out\\server\\src\\server.js:7:6189)\n    at Zi (c:\\Users\\Admin\\.vscode\\extensions\\uqbar.wollok-lsp-ide-0.5.0\\out\\server\\src\\server.js:7:6378)\n    at Immediate._onImmediate (c:\\Users\\Admin\\.vscode\\extensions\\uqbar.wollok-lsp-ide-0.5.0\\out\\server\\src\\server.js:7:6142)\n    at process.processImmediate (node:internal/timers:483:21)","timestamp":"2025-04-28T13:25:21.594Z"}
{"level":"error","message":"✘ Failed to get type description: Error: Failed to print, found malformed node Failed to print, found malformed node","node":{"id":"4c71d8d9-8b29-4459-a291-655dd2e6f787","members":[{"body":{"id":"5ede6bcb-fef8-4b06-8fe8-103451897943","metadata":[],"problems":[],"scope":{"containerScope":{"containerScope":{"containerScope":{"containerScope":{"contributions":{},"includedScopes":[]},"contributions":{},"includedScopes":[]},"contributions":{},"includedScopes":[{"containerScope":{"containerScope":{"containerScope":{"contributions":{},"includedScopes":[]},"contributions":{},"includedScopes":[]},"contributions":{},"includedScopes":[]},"contributions":{},"includedScopes":[]}]},"contributions":{},"includedScopes":[]},"contributions":{},"includedScopes":[]},"sentences":[],"sourceMap":{"end":{"column":36,"line":22,"offset":473},"start":{"column":34,"line":22,"offset":471}}},"compiled":false,"id":"2c3bed73-9740-430b-846d-26183b275aac","isOverride":false,"metadata":[],"name":"puedePasar","parameters":[{"id":"ba06eb69-f90c-4428-a892-cb2b16d86221","isVarArg":false,"metadata":[],"name":"unMensajero","scope":{"containerScope":{"containerScope":{"containerScope":{"containerScope":{"contributions":{},"includedScopes":[]},"contributions":{},"includedScopes":[]},"contributions":{},"includedScopes":[{"containerScope":{"containerScope":{"containerScope":{"contributions":{},"includedScopes":[]},"contributions":{},"includedScopes":[]},"contributions":{},"includedScopes":[]},"contributions":{},"includedScopes":[]}]},"contributions":{},"includedScopes":[]},"contributions":{},"includedScopes":[]},"sourceMap":{"end":{"column":32,"line":22,"offset":469},"start":{"column":21,"line":22,"offset":458}}}],"problems":[],"scope":{"containerScope":{"containerScope":{"containerScope":{"contributions":{},"includedScopes":[]},"contributions":{},"includedScopes":[]},"contributions":{},"includedScopes":[{"containerScope":{"containerScope":{"containerScope":{"contributions":{},"includedScopes":[]},"contributions":{},"includedScopes":[]},"contributions":{},"includedScopes":[]},"contributions":{},"includedScopes":[]}]},"contributions":{},"includedScopes":[]},"sourceMap":{"end":{"column":36,"line":22,"offset":473},"start":{"column":3,"line":22,"offset":440}}}],"metadata":[],"name":"puenteDeBrooklyn","problems":[{"code":"malformedMember","sourceMap":{"end":{"column":0,"line":24,"offset":510},"start":{"column":5,"line":23,"offset":478}}}],"scope":{"containerScope":{"containerScope":{"contributions":{},"includedScopes":[]},"contributions":{},"includedScopes":[]},"contributions":{},"includedScopes":[{"containerScope":{"containerScope":{"containerScope":{"contributions":{},"includedScopes":[]},"contributions":{},"includedScopes":[]},"contributions":{},"includedScopes":[]},"contributions":{},"includedScopes":[]}]},"sourceMap":{"end":{"column":4,"line":24,"offset":514},"start":{"column":1,"line":21,"offset":412}},"supertypes":[]},"stack":"Error: Failed to print, found malformed node\n    at c:\\Users\\Admin\\.vscode\\extensions\\uqbar.wollok-lsp-ide-0.5.0\\out\\server\\src\\server.js:68:3585\n    at Dbn (c:\\Users\\Admin\\.vscode\\extensions\\uqbar.wollok-lsp-ide-0.5.0\\out\\server\\src\\server.js:68:3396)\n    at c:\\Users\\Admin\\.vscode\\extensions\\uqbar.wollok-lsp-ide-0.5.0\\out\\server\\src\\server.js:2371:847\n    at c:\\Users\\Admin\\.vscode\\extensions\\uqbar.wollok-lsp-ide-0.5.0\\out\\server\\src\\server.js:2371:8632\n    at c:\\Users\\Admin\\.vscode\\extensions\\uqbar.wollok-lsp-ide-0.5.0\\out\\server\\src\\server.js:37:74770\n    at Ye (c:\\Users\\Admin\\.vscode\\extensions\\uqbar.wollok-lsp-ide-0.5.0\\out\\server\\src\\server.js:7:8527)\n    at Dt (c:\\Users\\Admin\\.vscode\\extensions\\uqbar.wollok-lsp-ide-0.5.0\\out\\server\\src\\server.js:7:6189)\n    at Zi (c:\\Users\\Admin\\.vscode\\extensions\\uqbar.wollok-lsp-ide-0.5.0\\out\\server\\src\\server.js:7:6378)\n    at Immediate._onImmediate (c:\\Users\\Admin\\.vscode\\extensions\\uqbar.wollok-lsp-ide-0.5.0\\out\\server\\src\\server.js:7:6142)\n    at process.processImmediate (node:internal/timers:483:21)","timestamp":"2025-04-28T13:25:22.228Z"}
{"level":"error","message":"✘ Failed to get type description: Error: Failed to print, found malformed node Failed to print, found malformed node","node":{"id":"4c71d8d9-8b29-4459-a291-655dd2e6f787","members":[{"body":{"id":"5ede6bcb-fef8-4b06-8fe8-103451897943","metadata":[],"problems":[],"scope":{"containerScope":{"containerScope":{"containerScope":{"containerScope":{"contributions":{},"includedScopes":[]},"contributions":{},"includedScopes":[]},"contributions":{},"includedScopes":[{"containerScope":{"containerScope":{"containerScope":{"contributions":{},"includedScopes":[]},"contributions":{},"includedScopes":[]},"contributions":{},"includedScopes":[]},"contributions":{},"includedScopes":[]}]},"contributions":{},"includedScopes":[]},"contributions":{},"includedScopes":[]},"sentences":[],"sourceMap":{"end":{"column":36,"line":22,"offset":473},"start":{"column":34,"line":22,"offset":471}}},"compiled":false,"id":"2c3bed73-9740-430b-846d-26183b275aac","isOverride":false,"metadata":[],"name":"puedePasar","parameters":[{"id":"ba06eb69-f90c-4428-a892-cb2b16d86221","isVarArg":false,"metadata":[],"name":"unMensajero","scope":{"containerScope":{"containerScope":{"containerScope":{"containerScope":{"contributions":{},"includedScopes":[]},"contributions":{},"includedScopes":[]},"contributions":{},"includedScopes":[{"containerScope":{"containerScope":{"containerScope":{"contributions":{},"includedScopes":[]},"contributions":{},"includedScopes":[]},"contributions":{},"includedScopes":[]},"contributions":{},"includedScopes":[]}]},"contributions":{},"includedScopes":[]},"contributions":{},"includedScopes":[]},"sourceMap":{"end":{"column":32,"line":22,"offset":469},"start":{"column":21,"line":22,"offset":458}}}],"problems":[],"scope":{"containerScope":{"containerScope":{"containerScope":{"contributions":{},"includedScopes":[]},"contributions":{},"includedScopes":[]},"contributions":{},"includedScopes":[{"containerScope":{"containerScope":{"containerScope":{"contributions":{},"includedScopes":[]},"contributions":{},"includedScopes":[]},"contributions":{},"includedScopes":[]},"contributions":{},"includedScopes":[]}]},"contributions":{},"includedScopes":[]},"sourceMap":{"end":{"column":36,"line":22,"offset":473},"start":{"column":3,"line":22,"offset":440}}}],"metadata":[],"name":"puenteDeBrooklyn","problems":[{"code":"malformedMember","sourceMap":{"end":{"column":0,"line":24,"offset":510},"start":{"column":5,"line":23,"offset":478}}}],"scope":{"containerScope":{"containerScope":{"contributions":{},"includedScopes":[]},"contributions":{},"includedScopes":[]},"contributions":{},"includedScopes":[{"containerScope":{"containerScope":{"containerScope":{"contributions":{},"includedScopes":[]},"contributions":{},"includedScopes":[]},"contributions":{},"includedScopes":[]},"contributions":{},"includedScopes":[]}]},"sourceMap":{"end":{"column":4,"line":24,"offset":514},"start":{"column":1,"line":21,"offset":412}},"supertypes":[]},"stack":"Error: Failed to print, found malformed node\n    at c:\\Users\\Admin\\.vscode\\extensions\\uqbar.wollok-lsp-ide-0.5.0\\out\\server\\src\\server.js:68:3585\n    at Dbn (c:\\Users\\Admin\\.vscode\\extensions\\uqbar.wollok-lsp-ide-0.5.0\\out\\server\\src\\server.js:68:3396)\n    at c:\\Users\\Admin\\.vscode\\extensions\\uqbar.wollok-lsp-ide-0.5.0\\out\\server\\src\\server.js:2371:847\n    at c:\\Users\\Admin\\.vscode\\extensions\\uqbar.wollok-lsp-ide-0.5.0\\out\\server\\src\\server.js:2371:8632\n    at c:\\Users\\Admin\\.vscode\\extensions\\uqbar.wollok-lsp-ide-0.5.0\\out\\server\\src\\server.js:37:74770\n    at Ye (c:\\Users\\Admin\\.vscode\\extensions\\uqbar.wollok-lsp-ide-0.5.0\\out\\server\\src\\server.js:7:8527)\n    at Dt (c:\\Users\\Admin\\.vscode\\extensions\\uqbar.wollok-lsp-ide-0.5.0\\out\\server\\src\\server.js:7:6189)\n    at Zi (c:\\Users\\Admin\\.vscode\\extensions\\uqbar.wollok-lsp-ide-0.5.0\\out\\server\\src\\server.js:7:6378)\n    at Immediate._onImmediate (c:\\Users\\Admin\\.vscode\\extensions\\uqbar.wollok-lsp-ide-0.5.0\\out\\server\\src\\server.js:7:6142)\n    at process.processImmediate (node:internal/timers:483:21)","timestamp":"2025-04-28T13:25:22.555Z"}
{"level":"error","message":"✘ Failed to get type description: Error: Failed to print, found malformed node Failed to print, found malformed node","node":{"id":"4c71d8d9-8b29-4459-a291-655dd2e6f787","members":[{"body":{"id":"5ede6bcb-fef8-4b06-8fe8-103451897943","metadata":[],"problems":[],"scope":{"containerScope":{"containerScope":{"containerScope":{"containerScope":{"contributions":{},"includedScopes":[]},"contributions":{},"includedScopes":[]},"contributions":{},"includedScopes":[{"containerScope":{"containerScope":{"containerScope":{"contributions":{},"includedScopes":[]},"contributions":{},"includedScopes":[]},"contributions":{},"includedScopes":[]},"contributions":{},"includedScopes":[]}]},"contributions":{},"includedScopes":[]},"contributions":{},"includedScopes":[]},"sentences":[],"sourceMap":{"end":{"column":36,"line":22,"offset":473},"start":{"column":34,"line":22,"offset":471}}},"compiled":false,"id":"2c3bed73-9740-430b-846d-26183b275aac","isOverride":false,"metadata":[],"name":"puedePasar","parameters":[{"id":"ba06eb69-f90c-4428-a892-cb2b16d86221","isVarArg":false,"metadata":[],"name":"unMensajero","scope":{"containerScope":{"containerScope":{"containerScope":{"containerScope":{"contributions":{},"includedScopes":[]},"contributions":{},"includedScopes":[]},"contributions":{},"includedScopes":[{"containerScope":{"containerScope":{"containerScope":{"contributions":{},"includedScopes":[]},"contributions":{},"includedScopes":[]},"contributions":{},"includedScopes":[]},"contributions":{},"includedScopes":[]}]},"contributions":{},"includedScopes":[]},"contributions":{},"includedScopes":[]},"sourceMap":{"end":{"column":32,"line":22,"offset":469},"start":{"column":21,"line":22,"offset":458}}}],"problems":[],"scope":{"containerScope":{"containerScope":{"containerScope":{"contributions":{},"includedScopes":[]},"contributions":{},"includedScopes":[]},"contributions":{},"includedScopes":[{"containerScope":{"containerScope":{"containerScope":{"contributions":{},"includedScopes":[]},"contributions":{},"includedScopes":[]},"contributions":{},"includedScopes":[]},"contributions":{},"includedScopes":[]}]},"contributions":{},"includedScopes":[]},"sourceMap":{"end":{"column":36,"line":22,"offset":473},"start":{"column":3,"line":22,"offset":440}}}],"metadata":[],"name":"puenteDeBrooklyn","problems":[{"code":"malformedMember","sourceMap":{"end":{"column":0,"line":24,"offset":510},"start":{"column":5,"line":23,"offset":478}}}],"scope":{"containerScope":{"containerScope":{"contributions":{},"includedScopes":[]},"contributions":{},"includedScopes":[]},"contributions":{},"includedScopes":[{"containerScope":{"containerScope":{"containerScope":{"contributions":{},"includedScopes":[]},"contributions":{},"includedScopes":[]},"contributions":{},"includedScopes":[]},"contributions":{},"includedScopes":[]}]},"sourceMap":{"end":{"column":4,"line":24,"offset":514},"start":{"column":1,"line":21,"offset":412}},"supertypes":[]},"stack":"Error: Failed to print, found malformed node\n    at c:\\Users\\Admin\\.vscode\\extensions\\uqbar.wollok-lsp-ide-0.5.0\\out\\server\\src\\server.js:68:3585\n    at Dbn (c:\\Users\\Admin\\.vscode\\extensions\\uqbar.wollok-lsp-ide-0.5.0\\out\\server\\src\\server.js:68:3396)\n    at c:\\Users\\Admin\\.vscode\\extensions\\uqbar.wollok-lsp-ide-0.5.0\\out\\server\\src\\server.js:2371:847\n    at c:\\Users\\Admin\\.vscode\\extensions\\uqbar.wollok-lsp-ide-0.5.0\\out\\server\\src\\server.js:2371:8632\n    at c:\\Users\\Admin\\.vscode\\extensions\\uqbar.wollok-lsp-ide-0.5.0\\out\\server\\src\\server.js:37:74770\n    at Ye (c:\\Users\\Admin\\.vscode\\extensions\\uqbar.wollok-lsp-ide-0.5.0\\out\\server\\src\\server.js:7:8527)\n    at Dt (c:\\Users\\Admin\\.vscode\\extensions\\uqbar.wollok-lsp-ide-0.5.0\\out\\server\\src\\server.js:7:6189)\n    at Zi (c:\\Users\\Admin\\.vscode\\extensions\\uqbar.wollok-lsp-ide-0.5.0\\out\\server\\src\\server.js:7:6378)\n    at Immediate._onImmediate (c:\\Users\\Admin\\.vscode\\extensions\\uqbar.wollok-lsp-ide-0.5.0\\out\\server\\src\\server.js:7:6142)\n    at process.processImmediate (node:internal/timers:483:21)","timestamp":"2025-04-28T13:25:24.711Z"}
{"level":"error","message":"✘ Failed to get type description: Error: Failed to print, found malformed node Failed to print, found malformed node","node":{"id":"4c71d8d9-8b29-4459-a291-655dd2e6f787","members":[{"body":{"id":"5ede6bcb-fef8-4b06-8fe8-103451897943","metadata":[],"problems":[],"scope":{"containerScope":{"containerScope":{"containerScope":{"containerScope":{"contributions":{},"includedScopes":[]},"contributions":{},"includedScopes":[]},"contributions":{},"includedScopes":[{"containerScope":{"containerScope":{"containerScope":{"contributions":{},"includedScopes":[]},"contributions":{},"includedScopes":[]},"contributions":{},"includedScopes":[]},"contributions":{},"includedScopes":[]}]},"contributions":{},"includedScopes":[]},"contributions":{},"includedScopes":[]},"sentences":[],"sourceMap":{"end":{"column":36,"line":22,"offset":473},"start":{"column":34,"line":22,"offset":471}}},"compiled":false,"id":"2c3bed73-9740-430b-846d-26183b275aac","isOverride":false,"metadata":[],"name":"puedePasar","parameters":[{"id":"ba06eb69-f90c-4428-a892-cb2b16d86221","isVarArg":false,"metadata":[],"name":"unMensajero","scope":{"containerScope":{"containerScope":{"containerScope":{"containerScope":{"contributions":{},"includedScopes":[]},"contributions":{},"includedScopes":[]},"contributions":{},"includedScopes":[{"containerScope":{"containerScope":{"containerScope":{"contributions":{},"includedScopes":[]},"contributions":{},"includedScopes":[]},"contributions":{},"includedScopes":[]},"contributions":{},"includedScopes":[]}]},"contributions":{},"includedScopes":[]},"contributions":{},"includedScopes":[]},"sourceMap":{"end":{"column":32,"line":22,"offset":469},"start":{"column":21,"line":22,"offset":458}}}],"problems":[],"scope":{"containerScope":{"containerScope":{"containerScope":{"contributions":{},"includedScopes":[]},"contributions":{},"includedScopes":[]},"contributions":{},"includedScopes":[{"containerScope":{"containerScope":{"containerScope":{"contributions":{},"includedScopes":[]},"contributions":{},"includedScopes":[]},"contributions":{},"includedScopes":[]},"contributions":{},"includedScopes":[]}]},"contributions":{},"includedScopes":[]},"sourceMap":{"end":{"column":36,"line":22,"offset":473},"start":{"column":3,"line":22,"offset":440}}}],"metadata":[],"name":"puenteDeBrooklyn","problems":[{"code":"malformedMember","sourceMap":{"end":{"column":0,"line":24,"offset":510},"start":{"column":5,"line":23,"offset":478}}}],"scope":{"containerScope":{"containerScope":{"contributions":{},"includedScopes":[]},"contributions":{},"includedScopes":[]},"contributions":{},"includedScopes":[{"containerScope":{"containerScope":{"containerScope":{"contributions":{},"includedScopes":[]},"contributions":{},"includedScopes":[]},"contributions":{},"includedScopes":[]},"contributions":{},"includedScopes":[]}]},"sourceMap":{"end":{"column":4,"line":24,"offset":514},"start":{"column":1,"line":21,"offset":412}},"supertypes":[]},"stack":"Error: Failed to print, found malformed node\n    at c:\\Users\\Admin\\.vscode\\extensions\\uqbar.wollok-lsp-ide-0.5.0\\out\\server\\src\\server.js:68:3585\n    at Dbn (c:\\Users\\Admin\\.vscode\\extensions\\uqbar.wollok-lsp-ide-0.5.0\\out\\server\\src\\server.js:68:3396)\n    at c:\\Users\\Admin\\.vscode\\extensions\\uqbar.wollok-lsp-ide-0.5.0\\out\\server\\src\\server.js:2371:847\n    at c:\\Users\\Admin\\.vscode\\extensions\\uqbar.wollok-lsp-ide-0.5.0\\out\\server\\src\\server.js:2371:8632\n    at c:\\Users\\Admin\\.vscode\\extensions\\uqbar.wollok-lsp-ide-0.5.0\\out\\server\\src\\server.js:37:74770\n    at Ye (c:\\Users\\Admin\\.vscode\\extensions\\uqbar.wollok-lsp-ide-0.5.0\\out\\server\\src\\server.js:7:8527)\n    at Dt (c:\\Users\\Admin\\.vscode\\extensions\\uqbar.wollok-lsp-ide-0.5.0\\out\\server\\src\\server.js:7:6189)\n    at Zi (c:\\Users\\Admin\\.vscode\\extensions\\uqbar.wollok-lsp-ide-0.5.0\\out\\server\\src\\server.js:7:6378)\n    at Immediate._onImmediate (c:\\Users\\Admin\\.vscode\\extensions\\uqbar.wollok-lsp-ide-0.5.0\\out\\server\\src\\server.js:7:6142)\n    at process.processImmediate (node:internal/timers:483:21)","timestamp":"2025-04-28T13:25:25.040Z"}
{"level":"info","message":"⌛ Building environment","timeElapsed":122,"timestamp":"2025-04-28T13:25:28.011Z"}
{"level":"info","message":"⌛ Validating example.wlk","timeElapsed":159,"timestamp":"2025-04-28T13:25:28.171Z"}
{"level":"info","message":"⌛ Building environment","timeElapsed":107,"timestamp":"2025-04-28T13:25:33.555Z"}
{"level":"info","message":"⌛ Validating example.wlk","timeElapsed":123,"timestamp":"2025-04-28T13:25:33.679Z"}
{"level":"error","message":"✘ Failed to get type description: Error: Failed to print, found malformed node Failed to print, found malformed node","node":{"id":"62433e4b-c6b8-4a6b-ba66-574677e7b163","members":[{"body":{"id":"acc54af8-ef9c-4bea-b548-9f70cf4223b6","metadata":[],"problems":[],"scope":{"containerScope":{"containerScope":{"containerScope":{"containerScope":{"contributions":{},"includedScopes":[]},"contributions":{},"includedScopes":[]},"contributions":{},"includedScopes":[{"containerScope":{"containerScope":{"containerScope":{"contributions":{},"includedScopes":[]},"contributions":{},"includedScopes":[]},"contributions":{},"includedScopes":[]},"contributions":{},"includedScopes":[]}]},"contributions":{},"includedScopes":[]},"contributions":{},"includedScopes":[]},"sentences":[],"sourceMap":{"end":{"column":4,"line":24,"offset":481},"start":{"column":34,"line":22,"offset":471}}},"compiled":false,"id":"c402689a-b4fc-4b5c-9f87-2a1748a99d3d","isOverride":false,"metadata":[],"name":"puedePasar","parameters":[{"id":"0055fed7-417b-43ee-a6f0-64c7e870836d","isVarArg":false,"metadata":[],"name":"unMensajero","scope":{"containerScope":{"containerScope":{"containerScope":{"containerScope":{"contributions":{},"includedScopes":[]},"contributions":{},"includedScopes":[]},"contributions":{},"includedScopes":[{"containerScope":{"containerScope":{"containerScope":{"contributions":{},"includedScopes":[]},"contributions":{},"includedScopes":[]},"contributions":{},"includedScopes":[]},"contributions":{},"includedScopes":[]}]},"contributions":{},"includedScopes":[]},"contributions":{},"includedScopes":[]},"sourceMap":{"end":{"column":32,"line":22,"offset":469},"start":{"column":21,"line":22,"offset":458}}}],"problems":[],"scope":{"containerScope":{"containerScope":{"containerScope":{"contributions":{},"includedScopes":[]},"contributions":{},"includedScopes":[]},"contributions":{},"includedScopes":[{"containerScope":{"containerScope":{"containerScope":{"contributions":{},"includedScopes":[]},"contributions":{},"includedScopes":[]},"contributions":{},"includedScopes":[]},"contributions":{},"includedScopes":[]}]},"contributions":{},"includedScopes":[]},"sourceMap":{"end":{"column":4,"line":24,"offset":481},"start":{"column":3,"line":22,"offset":440}}}],"metadata":[],"name":"puenteDeBrooklyn","problems":[{"code":"malformedMember","sourceMap":{"end":{"column":0,"line":26,"offset":517},"start":{"column":5,"line":25,"offset":486}}}],"scope":{"containerScope":{"containerScope":{"contributions":{},"includedScopes":[]},"contributions":{},"includedScopes":[]},"contributions":{},"includedScopes":[{"containerScope":{"containerScope":{"containerScope":{"contributions":{},"includedScopes":[]},"contributions":{},"includedScopes":[]},"contributions":{},"includedScopes":[]},"contributions":{},"includedScopes":[]}]},"sourceMap":{"end":{"column":4,"line":26,"offset":521},"start":{"column":1,"line":21,"offset":412}},"supertypes":[]},"stack":"Error: Failed to print, found malformed node\n    at c:\\Users\\Admin\\.vscode\\extensions\\uqbar.wollok-lsp-ide-0.5.0\\out\\server\\src\\server.js:68:3585\n    at Dbn (c:\\Users\\Admin\\.vscode\\extensions\\uqbar.wollok-lsp-ide-0.5.0\\out\\server\\src\\server.js:68:3396)\n    at c:\\Users\\Admin\\.vscode\\extensions\\uqbar.wollok-lsp-ide-0.5.0\\out\\server\\src\\server.js:2371:847\n    at c:\\Users\\Admin\\.vscode\\extensions\\uqbar.wollok-lsp-ide-0.5.0\\out\\server\\src\\server.js:2371:8632\n    at c:\\Users\\Admin\\.vscode\\extensions\\uqbar.wollok-lsp-ide-0.5.0\\out\\server\\src\\server.js:37:74770\n    at Ye (c:\\Users\\Admin\\.vscode\\extensions\\uqbar.wollok-lsp-ide-0.5.0\\out\\server\\src\\server.js:7:8527)\n    at Dt (c:\\Users\\Admin\\.vscode\\extensions\\uqbar.wollok-lsp-ide-0.5.0\\out\\server\\src\\server.js:7:6189)\n    at Zi (c:\\Users\\Admin\\.vscode\\extensions\\uqbar.wollok-lsp-ide-0.5.0\\out\\server\\src\\server.js:7:6378)\n    at Immediate._onImmediate (c:\\Users\\Admin\\.vscode\\extensions\\uqbar.wollok-lsp-ide-0.5.0\\out\\server\\src\\server.js:7:6142)\n    at process.processImmediate (node:internal/timers:483:21)","timestamp":"2025-04-28T13:25:34.678Z"}
{"level":"error","message":"✘ Failed to get type description: Error: Failed to print, found malformed node Failed to print, found malformed node","node":{"id":"62433e4b-c6b8-4a6b-ba66-574677e7b163","members":[{"body":{"id":"acc54af8-ef9c-4bea-b548-9f70cf4223b6","metadata":[],"problems":[],"scope":{"containerScope":{"containerScope":{"containerScope":{"containerScope":{"contributions":{},"includedScopes":[]},"contributions":{},"includedScopes":[]},"contributions":{},"includedScopes":[{"containerScope":{"containerScope":{"containerScope":{"contributions":{},"includedScopes":[]},"contributions":{},"includedScopes":[]},"contributions":{},"includedScopes":[]},"contributions":{},"includedScopes":[]}]},"contributions":{},"includedScopes":[]},"contributions":{},"includedScopes":[]},"sentences":[],"sourceMap":{"end":{"column":4,"line":24,"offset":481},"start":{"column":34,"line":22,"offset":471}}},"compiled":false,"id":"c402689a-b4fc-4b5c-9f87-2a1748a99d3d","isOverride":false,"metadata":[],"name":"puedePasar","parameters":[{"id":"0055fed7-417b-43ee-a6f0-64c7e870836d","isVarArg":false,"metadata":[],"name":"unMensajero","scope":{"containerScope":{"containerScope":{"containerScope":{"containerScope":{"contributions":{},"includedScopes":[]},"contributions":{},"includedScopes":[]},"contributions":{},"includedScopes":[{"containerScope":{"containerScope":{"containerScope":{"contributions":{},"includedScopes":[]},"contributions":{},"includedScopes":[]},"contributions":{},"includedScopes":[]},"contributions":{},"includedScopes":[]}]},"contributions":{},"includedScopes":[]},"contributions":{},"includedScopes":[]},"sourceMap":{"end":{"column":32,"line":22,"offset":469},"start":{"column":21,"line":22,"offset":458}}}],"problems":[],"scope":{"containerScope":{"containerScope":{"containerScope":{"contributions":{},"includedScopes":[]},"contributions":{},"includedScopes":[]},"contributions":{},"includedScopes":[{"containerScope":{"containerScope":{"containerScope":{"contributions":{},"includedScopes":[]},"contributions":{},"includedScopes":[]},"contributions":{},"includedScopes":[]},"contributions":{},"includedScopes":[]}]},"contributions":{},"includedScopes":[]},"sourceMap":{"end":{"column":4,"line":24,"offset":481},"start":{"column":3,"line":22,"offset":440}}}],"metadata":[],"name":"puenteDeBrooklyn","problems":[{"code":"malformedMember","sourceMap":{"end":{"column":0,"line":26,"offset":517},"start":{"column":5,"line":25,"offset":486}}}],"scope":{"containerScope":{"containerScope":{"contributions":{},"includedScopes":[]},"contributions":{},"includedScopes":[]},"contributions":{},"includedScopes":[{"containerScope":{"containerScope":{"containerScope":{"contributions":{},"includedScopes":[]},"contributions":{},"includedScopes":[]},"contributions":{},"includedScopes":[]},"contributions":{},"includedScopes":[]}]},"sourceMap":{"end":{"column":4,"line":26,"offset":521},"start":{"column":1,"line":21,"offset":412}},"supertypes":[]},"stack":"Error: Failed to print, found malformed node\n    at c:\\Users\\Admin\\.vscode\\extensions\\uqbar.wollok-lsp-ide-0.5.0\\out\\server\\src\\server.js:68:3585\n    at Dbn (c:\\Users\\Admin\\.vscode\\extensions\\uqbar.wollok-lsp-ide-0.5.0\\out\\server\\src\\server.js:68:3396)\n    at c:\\Users\\Admin\\.vscode\\extensions\\uqbar.wollok-lsp-ide-0.5.0\\out\\server\\src\\server.js:2371:847\n    at c:\\Users\\Admin\\.vscode\\extensions\\uqbar.wollok-lsp-ide-0.5.0\\out\\server\\src\\server.js:2371:8632\n    at c:\\Users\\Admin\\.vscode\\extensions\\uqbar.wollok-lsp-ide-0.5.0\\out\\server\\src\\server.js:37:74770\n    at Ye (c:\\Users\\Admin\\.vscode\\extensions\\uqbar.wollok-lsp-ide-0.5.0\\out\\server\\src\\server.js:7:8527)\n    at Dt (c:\\Users\\Admin\\.vscode\\extensions\\uqbar.wollok-lsp-ide-0.5.0\\out\\server\\src\\server.js:7:6189)\n    at Zi (c:\\Users\\Admin\\.vscode\\extensions\\uqbar.wollok-lsp-ide-0.5.0\\out\\server\\src\\server.js:7:6378)\n    at Immediate._onImmediate (c:\\Users\\Admin\\.vscode\\extensions\\uqbar.wollok-lsp-ide-0.5.0\\out\\server\\src\\server.js:7:6142)\n    at process.processImmediate (node:internal/timers:483:21)","timestamp":"2025-04-28T13:25:36.326Z"}
{"level":"info","message":"⌛ Building environment","timeElapsed":152,"timestamp":"2025-04-28T13:25:38.384Z"}
{"level":"info","message":"⌛ Validating example.wlk","timeElapsed":215,"timestamp":"2025-04-28T13:25:38.603Z"}
{"level":"info","message":"⌛ Building environment","timeElapsed":103,"timestamp":"2025-04-28T13:25:40.363Z"}
{"level":"info","message":"⌛ Validating example.wlk","timeElapsed":152,"timestamp":"2025-04-28T13:25:40.516Z"}
{"level":"info","message":"⌛ Building environment","timeElapsed":103,"timestamp":"2025-04-28T13:25:42.953Z"}
{"level":"info","message":"⌛ Validating example.wlk","timeElapsed":120,"timestamp":"2025-04-28T13:25:43.074Z"}
{"level":"info","message":"⌛ Building environment","timeElapsed":113,"timestamp":"2025-04-28T13:25:46.382Z"}
{"level":"info","message":"⌛ Validating example.wlk","timeElapsed":134,"timestamp":"2025-04-28T13:25:46.517Z"}
{"level":"info","message":"⌛ Building environment","timeElapsed":117,"timestamp":"2025-04-28T13:28:39.577Z"}
{"level":"info","message":"⌛ Validating example.wlk","timeElapsed":131,"timestamp":"2025-04-28T13:28:39.709Z"}
{"level":"info","message":"⌛ Building environment","timeElapsed":113,"timestamp":"2025-04-28T13:28:40.612Z"}
{"level":"info","message":"⌛ Validating example.wlk","timeElapsed":131,"timestamp":"2025-04-28T13:28:40.746Z"}
{"level":"info","message":"⌛ Building environment","timeElapsed":103,"timestamp":"2025-04-28T13:28:43.886Z"}
{"level":"info","message":"⌛ Validating example.wlk","timeElapsed":174,"timestamp":"2025-04-28T13:28:44.062Z"}
{"level":"info","message":"⌛ Building environment","timeElapsed":110,"timestamp":"2025-04-28T13:28:44.173Z"}
{"level":"info","message":"⌛ Validating example.wlk","timeElapsed":122,"timestamp":"2025-04-28T13:28:44.296Z"}
{"level":"info","message":"⌛ Validating example.wlk","timeElapsed":150,"timestamp":"2025-04-28T13:28:59.651Z"}
{"level":"info","message":"⌛ Building environment","timeElapsed":103,"timestamp":"2025-04-28T13:28:59.755Z"}
{"level":"info","message":"⌛ Validating example.wlk","timeElapsed":128,"timestamp":"2025-04-28T13:28:59.884Z"}
{"level":"info","message":"⌛ Validating example.wlk","timeElapsed":117,"timestamp":"2025-04-28T13:29:00.093Z"}
{"level":"error","message":"✘ Failed to get type description: Error: Failed to print, found malformed node Failed to print, found malformed node","node":{"id":"4d77526a-fa80-4706-9a7d-90449ae98c83","metadata":[],"problems":[{"code":"malformedSentence","sourceMap":{"end":{"column":0,"line":49,"offset":980},"start":{"column":10,"line":48,"offset":955}}}],"scope":{"containerScope":{"containerScope":{"containerScope":{"containerScope":{"contributions":{},"includedScopes":[]},"contributions":{},"includedScopes":[]},"contributions":{},"includedScopes":[{"containerScope":{"containerScope":{"containerScope":{"contributions":{},"includedScopes":[]},"contributions":{},"includedScopes":[]},"contributions":{},"includedScopes":[]},"contributions":{},"includedScopes":[]}]},"contributions":{},"includedScopes":[]},"contributions":{},"includedScopes":[]},"sentences":[{"id":"84156143-bb8c-4bc1-8aa8-8a73268876c0","metadata":[],"name":"peso","scope":{"containerScope":{"containerScope":{"containerScope":{"containerScope":{"containerScope":{"contributions":{},"includedScopes":[]},"contributions":{},"includedScopes":[]},"contributions":{},"includedScopes":[{"containerScope":{"containerScope":{"containerScope":{"contributions":{},"includedScopes":[]},"contributions":{},"includedScopes":[]},"contributions":{},"includedScopes":[]},"contributions":{},"includedScopes":[]}]},"contributions":{},"includedScopes":[]},"contributions":{},"includedScopes":[]},"contributions":{},"includedScopes":[]},"sourceMap":{"end":{"column":9,"line":48,"offset":954},"start":{"column":5,"line":48,"offset":950}}},{"id":"dae4fde6-cdcc-4615-a83e-049569e78ef7","metadata":[],"scope":{"containerScope":{"containerScope":{"containerScope":{"containerScope":{"containerScope":{"contributions":{},"includedScopes":[]},"contributions":{},"includedScopes":[]},"contributions":{},"includedScopes":[{"containerScope":{"containerScope":{"containerScope":{"contributions":{},"includedScopes":[]},"contributions":{},"includedScopes":[]},"contributions":{},"includedScopes":[]},"contributions":{},"includedScopes":[]}]},"contributions":{},"includedScopes":[]},"contributions":{},"includedScopes":[]},"contributions":{},"includedScopes":[]},"sourceMap":{"end":{"column":31,"line":49,"offset":1011},"start":{"column":5,"line":49,"offset":985}},"value":{"id":"5c2c36f5-fa0f-46d7-b495-aa86af70495c","metadata":[],"scope":{"containerScope":{"containerScope":{"containerScope":{"containerScope":{"containerScope":{"containerScope":{"contributions":{},"includedScopes":[]},"contributions":{},"includedScopes":[]},"contributions":{},"includedScopes":[{"containerScope":{"containerScope":{"containerScope":{"contributions":{},"includedScopes":[]},"contributions":{},"includedScopes":[]},"contributions":{},"includedScopes":[]},"contributions":{},"includedScopes":[]}]},"contributions":{},"includedScopes":[]},"contributions":{},"includedScopes":[]},"contributions":{},"includedScopes":[]},"contributions":{},"includedScopes":[]},"sourceMap":{"end":{"column":31,"line":49,"offset":1011},"start":{"column":23,"line":49,"offset":1003}},"value":"camion"},"variable":{"id":"876cd0ba-b503-4a46-bee7-006bca1123ac","metadata":[],"name":"metodoDesignado","scope":{"containerScope":{"containerScope":{"containerScope":{"containerScope":{"containerScope":{"containerScope":{"contributions":{},"includedScopes":[]},"contributions":{},"includedScopes":[]},"contributions":{},"includedScopes":[{"containerScope":{"containerScope":{"containerScope":{"contributions":{},"includedScopes":[]},"contributions":{},"includedScopes":[]},"contributions":{},"includedScopes":[]},"contributions":{},"includedScopes":[]}]},"contributions":{},"includedScopes":[]},"contributions":{},"includedScopes":[]},"contributions":{},"includedScopes":[]},"contributions":{},"includedScopes":[]},"sourceMap":{"end":{"column":20,"line":49,"offset":1000},"start":{"column":5,"line":49,"offset":985}}}}],"sourceMap":{"end":{"column":4,"line":50,"offset":1015},"start":{"column":26,"line":47,"offset":944}}},"stack":"Error: Failed to print, found malformed node\n    at c:\\Users\\Admin\\.vscode\\extensions\\uqbar.wollok-lsp-ide-0.5.0\\out\\server\\src\\server.js:68:3585\n    at c:\\Users\\Admin\\.vscode\\extensions\\uqbar.wollok-lsp-ide-0.5.0\\out\\server\\src\\server.js:68:5370\n    at c:\\Users\\Admin\\.vscode\\extensions\\uqbar.wollok-lsp-ide-0.5.0\\out\\server\\src\\server.js:38:6131\n    at c:\\Users\\Admin\\.vscode\\extensions\\uqbar.wollok-lsp-ide-0.5.0\\out\\server\\src\\server.js:68:3664\n    at Dbn (c:\\Users\\Admin\\.vscode\\extensions\\uqbar.wollok-lsp-ide-0.5.0\\out\\server\\src\\server.js:68:3396)\n    at c:\\Users\\Admin\\.vscode\\extensions\\uqbar.wollok-lsp-ide-0.5.0\\out\\server\\src\\server.js:2371:847\n    at c:\\Users\\Admin\\.vscode\\extensions\\uqbar.wollok-lsp-ide-0.5.0\\out\\server\\src\\server.js:2371:8632\n    at c:\\Users\\Admin\\.vscode\\extensions\\uqbar.wollok-lsp-ide-0.5.0\\out\\server\\src\\server.js:37:74770\n    at Ye (c:\\Users\\Admin\\.vscode\\extensions\\uqbar.wollok-lsp-ide-0.5.0\\out\\server\\src\\server.js:7:8527)\n    at Dt (c:\\Users\\Admin\\.vscode\\extensions\\uqbar.wollok-lsp-ide-0.5.0\\out\\server\\src\\server.js:7:6189)","timestamp":"2025-04-28T13:29:04.382Z"}
{"level":"error","message":"✘ Failed to get type description: Error: Failed to print, found malformed node Failed to print, found malformed node","node":{"id":"4d77526a-fa80-4706-9a7d-90449ae98c83","metadata":[],"problems":[{"code":"malformedSentence","sourceMap":{"end":{"column":0,"line":49,"offset":980},"start":{"column":10,"line":48,"offset":955}}}],"scope":{"containerScope":{"containerScope":{"containerScope":{"containerScope":{"contributions":{},"includedScopes":[]},"contributions":{},"includedScopes":[]},"contributions":{},"includedScopes":[{"containerScope":{"containerScope":{"containerScope":{"contributions":{},"includedScopes":[]},"contributions":{},"includedScopes":[]},"contributions":{},"includedScopes":[]},"contributions":{},"includedScopes":[]}]},"contributions":{},"includedScopes":[]},"contributions":{},"includedScopes":[]},"sentences":[{"id":"84156143-bb8c-4bc1-8aa8-8a73268876c0","metadata":[],"name":"peso","scope":{"containerScope":{"containerScope":{"containerScope":{"containerScope":{"containerScope":{"contributions":{},"includedScopes":[]},"contributions":{},"includedScopes":[]},"contributions":{},"includedScopes":[{"containerScope":{"containerScope":{"containerScope":{"contributions":{},"includedScopes":[]},"contributions":{},"includedScopes":[]},"contributions":{},"includedScopes":[]},"contributions":{},"includedScopes":[]}]},"contributions":{},"includedScopes":[]},"contributions":{},"includedScopes":[]},"contributions":{},"includedScopes":[]},"sourceMap":{"end":{"column":9,"line":48,"offset":954},"start":{"column":5,"line":48,"offset":950}}},{"id":"dae4fde6-cdcc-4615-a83e-049569e78ef7","metadata":[],"scope":{"containerScope":{"containerScope":{"containerScope":{"containerScope":{"containerScope":{"contributions":{},"includedScopes":[]},"contributions":{},"includedScopes":[]},"contributions":{},"includedScopes":[{"containerScope":{"containerScope":{"containerScope":{"contributions":{},"includedScopes":[]},"contributions":{},"includedScopes":[]},"contributions":{},"includedScopes":[]},"contributions":{},"includedScopes":[]}]},"contributions":{},"includedScopes":[]},"contributions":{},"includedScopes":[]},"contributions":{},"includedScopes":[]},"sourceMap":{"end":{"column":31,"line":49,"offset":1011},"start":{"column":5,"line":49,"offset":985}},"value":{"id":"5c2c36f5-fa0f-46d7-b495-aa86af70495c","metadata":[],"scope":{"containerScope":{"containerScope":{"containerScope":{"containerScope":{"containerScope":{"containerScope":{"contributions":{},"includedScopes":[]},"contributions":{},"includedScopes":[]},"contributions":{},"includedScopes":[{"containerScope":{"containerScope":{"containerScope":{"contributions":{},"includedScopes":[]},"contributions":{},"includedScopes":[]},"contributions":{},"includedScopes":[]},"contributions":{},"includedScopes":[]}]},"contributions":{},"includedScopes":[]},"contributions":{},"includedScopes":[]},"contributions":{},"includedScopes":[]},"contributions":{},"includedScopes":[]},"sourceMap":{"end":{"column":31,"line":49,"offset":1011},"start":{"column":23,"line":49,"offset":1003}},"value":"camion"},"variable":{"id":"876cd0ba-b503-4a46-bee7-006bca1123ac","metadata":[],"name":"metodoDesignado","scope":{"containerScope":{"containerScope":{"containerScope":{"containerScope":{"containerScope":{"containerScope":{"contributions":{},"includedScopes":[]},"contributions":{},"includedScopes":[]},"contributions":{},"includedScopes":[{"containerScope":{"containerScope":{"containerScope":{"contributions":{},"includedScopes":[]},"contributions":{},"includedScopes":[]},"contributions":{},"includedScopes":[]},"contributions":{},"includedScopes":[]}]},"contributions":{},"includedScopes":[]},"contributions":{},"includedScopes":[]},"contributions":{},"includedScopes":[]},"contributions":{},"includedScopes":[]},"sourceMap":{"end":{"column":20,"line":49,"offset":1000},"start":{"column":5,"line":49,"offset":985}}}}],"sourceMap":{"end":{"column":4,"line":50,"offset":1015},"start":{"column":26,"line":47,"offset":944}}},"stack":"Error: Failed to print, found malformed node\n    at c:\\Users\\Admin\\.vscode\\extensions\\uqbar.wollok-lsp-ide-0.5.0\\out\\server\\src\\server.js:68:3585\n    at c:\\Users\\Admin\\.vscode\\extensions\\uqbar.wollok-lsp-ide-0.5.0\\out\\server\\src\\server.js:68:5370\n    at c:\\Users\\Admin\\.vscode\\extensions\\uqbar.wollok-lsp-ide-0.5.0\\out\\server\\src\\server.js:38:6131\n    at c:\\Users\\Admin\\.vscode\\extensions\\uqbar.wollok-lsp-ide-0.5.0\\out\\server\\src\\server.js:68:3664\n    at Dbn (c:\\Users\\Admin\\.vscode\\extensions\\uqbar.wollok-lsp-ide-0.5.0\\out\\server\\src\\server.js:68:3396)\n    at c:\\Users\\Admin\\.vscode\\extensions\\uqbar.wollok-lsp-ide-0.5.0\\out\\server\\src\\server.js:2371:847\n    at c:\\Users\\Admin\\.vscode\\extensions\\uqbar.wollok-lsp-ide-0.5.0\\out\\server\\src\\server.js:2371:8632\n    at c:\\Users\\Admin\\.vscode\\extensions\\uqbar.wollok-lsp-ide-0.5.0\\out\\server\\src\\server.js:37:74770\n    at Ye (c:\\Users\\Admin\\.vscode\\extensions\\uqbar.wollok-lsp-ide-0.5.0\\out\\server\\src\\server.js:7:8527)\n    at Dt (c:\\Users\\Admin\\.vscode\\extensions\\uqbar.wollok-lsp-ide-0.5.0\\out\\server\\src\\server.js:7:6189)","timestamp":"2025-04-28T13:29:04.647Z"}
{"level":"error","message":"✘ Failed to get type description: Error: Failed to print, found malformed node Failed to print, found malformed node","node":{"id":"4d77526a-fa80-4706-9a7d-90449ae98c83","metadata":[],"problems":[{"code":"malformedSentence","sourceMap":{"end":{"column":0,"line":49,"offset":980},"start":{"column":10,"line":48,"offset":955}}}],"scope":{"containerScope":{"containerScope":{"containerScope":{"containerScope":{"contributions":{},"includedScopes":[]},"contributions":{},"includedScopes":[]},"contributions":{},"includedScopes":[{"containerScope":{"containerScope":{"containerScope":{"contributions":{},"includedScopes":[]},"contributions":{},"includedScopes":[]},"contributions":{},"includedScopes":[]},"contributions":{},"includedScopes":[]}]},"contributions":{},"includedScopes":[]},"contributions":{},"includedScopes":[]},"sentences":[{"id":"84156143-bb8c-4bc1-8aa8-8a73268876c0","metadata":[],"name":"peso","scope":{"containerScope":{"containerScope":{"containerScope":{"containerScope":{"containerScope":{"contributions":{},"includedScopes":[]},"contributions":{},"includedScopes":[]},"contributions":{},"includedScopes":[{"containerScope":{"containerScope":{"containerScope":{"contributions":{},"includedScopes":[]},"contributions":{},"includedScopes":[]},"contributions":{},"includedScopes":[]},"contributions":{},"includedScopes":[]}]},"contributions":{},"includedScopes":[]},"contributions":{},"includedScopes":[]},"contributions":{},"includedScopes":[]},"sourceMap":{"end":{"column":9,"line":48,"offset":954},"start":{"column":5,"line":48,"offset":950}}},{"id":"dae4fde6-cdcc-4615-a83e-049569e78ef7","metadata":[],"scope":{"containerScope":{"containerScope":{"containerScope":{"containerScope":{"containerScope":{"contributions":{},"includedScopes":[]},"contributions":{},"includedScopes":[]},"contributions":{},"includedScopes":[{"containerScope":{"containerScope":{"containerScope":{"contributions":{},"includedScopes":[]},"contributions":{},"includedScopes":[]},"contributions":{},"includedScopes":[]},"contributions":{},"includedScopes":[]}]},"contributions":{},"includedScopes":[]},"contributions":{},"includedScopes":[]},"contributions":{},"includedScopes":[]},"sourceMap":{"end":{"column":31,"line":49,"offset":1011},"start":{"column":5,"line":49,"offset":985}},"value":{"id":"5c2c36f5-fa0f-46d7-b495-aa86af70495c","metadata":[],"scope":{"containerScope":{"containerScope":{"containerScope":{"containerScope":{"containerScope":{"containerScope":{"contributions":{},"includedScopes":[]},"contributions":{},"includedScopes":[]},"contributions":{},"includedScopes":[{"containerScope":{"containerScope":{"containerScope":{"contributions":{},"includedScopes":[]},"contributions":{},"includedScopes":[]},"contributions":{},"includedScopes":[]},"contributions":{},"includedScopes":[]}]},"contributions":{},"includedScopes":[]},"contributions":{},"includedScopes":[]},"contributions":{},"includedScopes":[]},"contributions":{},"includedScopes":[]},"sourceMap":{"end":{"column":31,"line":49,"offset":1011},"start":{"column":23,"line":49,"offset":1003}},"value":"camion"},"variable":{"id":"876cd0ba-b503-4a46-bee7-006bca1123ac","metadata":[],"name":"metodoDesignado","scope":{"containerScope":{"containerScope":{"containerScope":{"containerScope":{"containerScope":{"containerScope":{"contributions":{},"includedScopes":[]},"contributions":{},"includedScopes":[]},"contributions":{},"includedScopes":[{"containerScope":{"containerScope":{"containerScope":{"contributions":{},"includedScopes":[]},"contributions":{},"includedScopes":[]},"contributions":{},"includedScopes":[]},"contributions":{},"includedScopes":[]}]},"contributions":{},"includedScopes":[]},"contributions":{},"includedScopes":[]},"contributions":{},"includedScopes":[]},"contributions":{},"includedScopes":[]},"sourceMap":{"end":{"column":20,"line":49,"offset":1000},"start":{"column":5,"line":49,"offset":985}}}}],"sourceMap":{"end":{"column":4,"line":50,"offset":1015},"start":{"column":26,"line":47,"offset":944}}},"stack":"Error: Failed to print, found malformed node\n    at c:\\Users\\Admin\\.vscode\\extensions\\uqbar.wollok-lsp-ide-0.5.0\\out\\server\\src\\server.js:68:3585\n    at c:\\Users\\Admin\\.vscode\\extensions\\uqbar.wollok-lsp-ide-0.5.0\\out\\server\\src\\server.js:68:5370\n    at c:\\Users\\Admin\\.vscode\\extensions\\uqbar.wollok-lsp-ide-0.5.0\\out\\server\\src\\server.js:38:6131\n    at c:\\Users\\Admin\\.vscode\\extensions\\uqbar.wollok-lsp-ide-0.5.0\\out\\server\\src\\server.js:68:3664\n    at Dbn (c:\\Users\\Admin\\.vscode\\extensions\\uqbar.wollok-lsp-ide-0.5.0\\out\\server\\src\\server.js:68:3396)\n    at c:\\Users\\Admin\\.vscode\\extensions\\uqbar.wollok-lsp-ide-0.5.0\\out\\server\\src\\server.js:2371:847\n    at c:\\Users\\Admin\\.vscode\\extensions\\uqbar.wollok-lsp-ide-0.5.0\\out\\server\\src\\server.js:2371:8632\n    at c:\\Users\\Admin\\.vscode\\extensions\\uqbar.wollok-lsp-ide-0.5.0\\out\\server\\src\\server.js:37:74770\n    at Ye (c:\\Users\\Admin\\.vscode\\extensions\\uqbar.wollok-lsp-ide-0.5.0\\out\\server\\src\\server.js:7:8527)\n    at Dt (c:\\Users\\Admin\\.vscode\\extensions\\uqbar.wollok-lsp-ide-0.5.0\\out\\server\\src\\server.js:7:6189)","timestamp":"2025-04-28T13:29:13.031Z"}
{"level":"info","message":"⌛ Building environment","timeElapsed":112,"timestamp":"2025-04-28T13:29:15.475Z"}
{"level":"info","message":"⌛ Validating example.wlk","timeElapsed":126,"timestamp":"2025-04-28T13:29:15.602Z"}
{"level":"info","message":"⌛ Building environment","timeElapsed":178,"timestamp":"2025-04-28T13:29:16.840Z"}
{"level":"info","message":"⌛ Validating example.wlk","timeElapsed":154,"timestamp":"2025-04-28T13:29:16.995Z"}
{"level":"info","message":"⌛ Building environment","timeElapsed":103,"timestamp":"2025-04-28T13:29:17.153Z"}
{"level":"info","message":"⌛ Validating example.wlk","timeElapsed":125,"timestamp":"2025-04-28T13:29:17.278Z"}
{"level":"info","message":"⌛ Validating example.wlk","timeElapsed":129,"timestamp":"2025-04-28T13:29:17.500Z"}
{"level":"info","message":"⌛ Validating example.wlk","timeElapsed":118,"timestamp":"2025-04-28T13:29:17.705Z"}
{"level":"info","message":"⌛ Validating example.wlk","timeElapsed":109,"timestamp":"2025-04-28T13:29:18.328Z"}
{"level":"info","message":"⌛ Building environment","timeElapsed":130,"timestamp":"2025-04-28T13:31:06.573Z"}
{"level":"info","message":"⌛ Validating example.wlk","timeElapsed":163,"timestamp":"2025-04-28T13:31:06.740Z"}
{"level":"info","message":"⌛ Building environment","timeElapsed":150,"timestamp":"2025-04-28T13:31:06.902Z"}
{"level":"info","message":"⌛ Validating example.wlk","timeElapsed":139,"timestamp":"2025-04-28T13:31:07.048Z"}
{"level":"info","message":"⌛ Validating example.wlk","timeElapsed":146,"timestamp":"2025-04-28T13:31:09.070Z"}
{"level":"info","message":"onRequest - completionItem/resolve","timestamp":"2025-04-28T13:31:09.070Z"}
{"level":"info","message":"⌛ Building environment","timeElapsed":119,"timestamp":"2025-04-28T13:31:09.257Z"}
{"level":"info","message":"⌛ Validating example.wlk","timeElapsed":127,"timestamp":"2025-04-28T13:31:09.385Z"}
{"level":"info","message":"⌛ Validating example.wlk","timeElapsed":122,"timestamp":"2025-04-28T13:31:09.686Z"}
{"level":"info","message":"⌛ Validating example.wlk","timeElapsed":129,"timestamp":"2025-04-28T13:31:10.041Z"}
{"level":"info","message":"⌛ Building environment","timeElapsed":225,"timestamp":"2025-04-28T13:31:10.266Z"}
{"level":"info","message":"⌛ Validating example.wlk","timeElapsed":145,"timestamp":"2025-04-28T13:31:10.586Z"}
{"level":"info","message":"⌛ Validating example.wlk","timeElapsed":139,"timestamp":"2025-04-28T13:31:10.726Z"}
{"level":"info","message":"⌛ Validating example.wlk","timeElapsed":121,"timestamp":"2025-04-28T13:31:10.933Z"}
{"level":"info","message":"⌛ Validating example.wlk","timeElapsed":119,"timestamp":"2025-04-28T13:31:11.138Z"}
{"level":"info","message":"⌛ Validating example.wlk","timeElapsed":120,"timestamp":"2025-04-28T13:31:11.262Z"}
{"level":"info","message":"⌛ Building environment","timeElapsed":118,"timestamp":"2025-04-28T13:31:12.272Z"}
{"level":"info","message":"⌛ Validating example.wlk","timeElapsed":124,"timestamp":"2025-04-28T13:31:12.512Z"}
{"level":"info","message":"⌛ Validating example.wlk","timeElapsed":128,"timestamp":"2025-04-28T13:31:12.640Z"}
{"level":"info","message":"⌛ Validating example.wlk","timeElapsed":136,"timestamp":"2025-04-28T13:31:12.897Z"}
{"level":"info","message":"⌛ Validating example.wlk","timeElapsed":117,"timestamp":"2025-04-28T13:31:13.131Z"}
{"level":"info","message":"⌛ Building environment","timeElapsed":106,"timestamp":"2025-04-28T13:31:13.238Z"}
{"level":"info","message":"⌛ Building environment","timeElapsed":156,"timestamp":"2025-04-28T13:31:13.396Z"}
{"level":"info","message":"⌛ Validating example.wlk","timeElapsed":217,"timestamp":"2025-04-28T13:31:13.666Z"}
{"level":"info","message":"⌛ Validating example.wlk","timeElapsed":125,"timestamp":"2025-04-28T13:31:13.886Z"}
{"level":"info","message":"⌛ Validating example.wlk","timeElapsed":127,"timestamp":"2025-04-28T13:31:14.108Z"}
{"level":"info","message":"⌛ Validating example.wlk","timeElapsed":130,"timestamp":"2025-04-28T13:31:14.240Z"}
{"level":"info","message":"⌛ Validating example.wlk","timeElapsed":123,"timestamp":"2025-04-28T13:31:14.813Z"}
{"level":"info","message":"⌛ Validating example.wlk","timeElapsed":117,"timestamp":"2025-04-28T13:31:15.099Z"}
{"level":"info","message":"⌛ Building environment","timeElapsed":116,"timestamp":"2025-04-28T13:31:15.453Z"}
{"level":"info","message":"⌛ Validating example.wlk","timeElapsed":117,"timestamp":"2025-04-28T13:31:15.571Z"}
{"level":"info","message":"⌛ Validating example.wlk","timeElapsed":276,"timestamp":"2025-04-28T13:31:16.905Z"}
{"level":"info","message":"onRequest - completionItem/resolve","timestamp":"2025-04-28T13:31:16.906Z"}
{"level":"info","message":"onRequest - completionItem/resolve","timestamp":"2025-04-28T13:31:17.000Z"}
{"level":"info","message":"⌛ Validating example.wlk","timeElapsed":125,"timestamp":"2025-04-28T13:31:17.125Z"}
{"level":"info","message":"onRequest - completionItem/resolve","timestamp":"2025-04-28T13:31:17.216Z"}
{"level":"info","message":"onRequest - completionItem/resolve","timestamp":"2025-04-28T13:31:17.308Z"}
{"level":"error","message":"✘ Failed to rebuild document Failed to parse example.wlk: \n-- PARSING FAILED --------------------------------------------------\n\n  44 |     peso += 5\n  45 |     metodoDesignado = \"bicicleta\"\n> 46 |   }\n     |   ^\n  47 |   var cantidadDeAcoplados = 0\n  48 |   method aclopar() {\n\nExpected one of the following: \n\n'@', 'class', 'const', 'describe', 'mixin', 'object', 'only', 'package', 'program', 'test', 'var', '{', EOF, comment, not \"}\n  \", whitespace\n","stack":"Error: Failed to parse example.wlk: \n-- PARSING FAILED --------------------------------------------------\n\n  44 |     peso += 5\n  45 |     metodoDesignado = \"bicicleta\"\n> 46 |   }\n     |   ^\n  47 |   var cantidadDeAcoplados = 0\n  48 |   method aclopar() {\n\nExpected one of the following: \n\n'@', 'class', 'const', 'describe', 'mixin', 'object', 'only', 'package', 'program', 'test', 'var', '{', EOF, comment, not \"}\n  \", whitespace\n\n    at c:\\Users\\Admin\\.vscode\\extensions\\uqbar.wollok-lsp-ide-0.5.0\\out\\server\\src\\server.js:2326:13026\n    at Array.map (<anonymous>)\n    at P1n (c:\\Users\\Admin\\.vscode\\extensions\\uqbar.wollok-lsp-ide-0.5.0\\out\\server\\src\\server.js:2326:12950)\n    at U2.buildEnvironmentFrom (c:\\Users\\Admin\\.vscode\\extensions\\uqbar.wollok-lsp-ide-0.5.0\\out\\server\\src\\server.js:2371:5255)\n    at U2.updateEnvironmentWith (c:\\Users\\Admin\\.vscode\\extensions\\uqbar.wollok-lsp-ide-0.5.0\\out\\server\\src\\server.js:2371:4990)\n    at UF (c:\\Users\\Admin\\.vscode\\extensions\\uqbar.wollok-lsp-ide-0.5.0\\out\\server\\src\\server.js:2371:7147)\n    at F3.invoke (c:\\Users\\Admin\\.vscode\\extensions\\uqbar.wollok-lsp-ide-0.5.0\\out\\server\\src\\server.js:3:157316)\n    at o.fire (c:\\Users\\Admin\\.vscode\\extensions\\uqbar.wollok-lsp-ide-0.5.0\\out\\server\\src\\server.js:3:158086)\n    at c:\\Users\\Admin\\.vscode\\extensions\\uqbar.wollok-lsp-ide-0.5.0\\out\\server\\src\\server.js:37:57871\n    at Qr (c:\\Users\\Admin\\.vscode\\extensions\\uqbar.wollok-lsp-ide-0.5.0\\out\\server\\src\\server.js:8:1561)","timestamp":"2025-04-28T13:31:17.320Z"}
{"level":"info","message":"onRequest - completionItem/resolve","timestamp":"2025-04-28T13:31:17.321Z"}
{"level":"info","message":"⌛ Validating example.wlk","timeElapsed":145,"timestamp":"2025-04-28T13:31:17.467Z"}
{"level":"info","message":"⌛ Validating example.wlk","timeElapsed":131,"timestamp":"2025-04-28T13:31:17.603Z"}
{"level":"error","message":"✘ Failed to rebuild document Failed to parse example.wlk: \n-- PARSING FAILED --------------------------------------------------\n\n  44 |     peso += 5\n  45 |     metodoDesignado = \"bicicleta\"\n> 46 |   }\n     |   ^\n  47 |   var cantidadDeAcoplados = 0\n  48 |   method aclopar() {\n\nExpected one of the following: \n\n'@', 'class', 'const', 'describe', 'mixin', 'object', 'only', 'package', 'program', 'test', 'var', '{', EOF, comment, not \"}\n  \", whitespace\n","stack":"Error: Failed to parse example.wlk: \n-- PARSING FAILED --------------------------------------------------\n\n  44 |     peso += 5\n  45 |     metodoDesignado = \"bicicleta\"\n> 46 |   }\n     |   ^\n  47 |   var cantidadDeAcoplados = 0\n  48 |   method aclopar() {\n\nExpected one of the following: \n\n'@', 'class', 'const', 'describe', 'mixin', 'object', 'only', 'package', 'program', 'test', 'var', '{', EOF, comment, not \"}\n  \", whitespace\n\n    at c:\\Users\\Admin\\.vscode\\extensions\\uqbar.wollok-lsp-ide-0.5.0\\out\\server\\src\\server.js:2326:13026\n    at Array.map (<anonymous>)\n    at P1n (c:\\Users\\Admin\\.vscode\\extensions\\uqbar.wollok-lsp-ide-0.5.0\\out\\server\\src\\server.js:2326:12950)\n    at U2.buildEnvironmentFrom (c:\\Users\\Admin\\.vscode\\extensions\\uqbar.wollok-lsp-ide-0.5.0\\out\\server\\src\\server.js:2371:5255)\n    at U2.updateEnvironmentWith (c:\\Users\\Admin\\.vscode\\extensions\\uqbar.wollok-lsp-ide-0.5.0\\out\\server\\src\\server.js:2371:4990)\n    at UF (c:\\Users\\Admin\\.vscode\\extensions\\uqbar.wollok-lsp-ide-0.5.0\\out\\server\\src\\server.js:2371:7147)\n    at F3.invoke (c:\\Users\\Admin\\.vscode\\extensions\\uqbar.wollok-lsp-ide-0.5.0\\out\\server\\src\\server.js:3:157316)\n    at o.fire (c:\\Users\\Admin\\.vscode\\extensions\\uqbar.wollok-lsp-ide-0.5.0\\out\\server\\src\\server.js:3:158086)\n    at c:\\Users\\Admin\\.vscode\\extensions\\uqbar.wollok-lsp-ide-0.5.0\\out\\server\\src\\server.js:37:57871\n    at Qr (c:\\Users\\Admin\\.vscode\\extensions\\uqbar.wollok-lsp-ide-0.5.0\\out\\server\\src\\server.js:8:1561)","timestamp":"2025-04-28T13:31:17.619Z"}
{"level":"info","message":"onRequest - completionItem/resolve","timestamp":"2025-04-28T13:31:17.620Z"}
{"level":"info","message":"⌛ Validating example.wlk","timeElapsed":144,"timestamp":"2025-04-28T13:31:17.764Z"}
{"level":"info","message":"⌛ Building environment","timeElapsed":139,"timestamp":"2025-04-28T13:31:18.005Z"}
{"level":"info","message":"⌛ Validating example.wlk","timeElapsed":166,"timestamp":"2025-04-28T13:31:18.205Z"}
{"level":"info","message":"⌛ Building environment","timeElapsed":103,"timestamp":"2025-04-28T13:31:18.308Z"}
{"level":"info","message":"⌛ Validating example.wlk","timeElapsed":197,"timestamp":"2025-04-28T13:31:18.592Z"}
{"level":"info","message":"onRequest - completionItem/resolve","timestamp":"2025-04-28T13:31:18.593Z"}
{"level":"info","message":"⌛ Building environment","timeElapsed":104,"timestamp":"2025-04-28T13:31:18.697Z"}
{"level":"info","message":"onRequest - completionItem/resolve","timestamp":"2025-04-28T13:31:18.697Z"}
{"level":"info","message":"⌛ Validating example.wlk","timeElapsed":150,"timestamp":"2025-04-28T13:31:18.847Z"}
{"level":"info","message":"⌛ Validating example.wlk","timeElapsed":132,"timestamp":"2025-04-28T13:31:18.989Z"}
{"level":"info","message":"⌛ Building environment","timeElapsed":101,"timestamp":"2025-04-28T13:31:19.096Z"}
{"level":"info","message":"⌛ Validating example.wlk","timeElapsed":137,"timestamp":"2025-04-28T13:31:19.258Z"}
{"level":"info","message":"⌛ Validating example.wlk","timeElapsed":118,"timestamp":"2025-04-28T13:31:19.639Z"}
{"level":"info","message":"⌛ Validating example.wlk","timeElapsed":115,"timestamp":"2025-04-28T13:31:19.864Z"}
{"level":"info","message":"⌛ Validating example.wlk","timeElapsed":111,"timestamp":"2025-04-28T13:31:19.976Z"}
{"level":"info","message":"⌛ Validating example.wlk","timeElapsed":116,"timestamp":"2025-04-28T13:31:20.098Z"}
{"level":"info","message":"⌛ Validating example.wlk","timeElapsed":119,"timestamp":"2025-04-28T13:31:20.217Z"}
{"level":"info","message":"⌛ Validating example.wlk","timeElapsed":117,"timestamp":"2025-04-28T13:31:21.171Z"}
{"level":"error","message":"✘ Completions for node Parameter ([28:21, 28:22] - example.wlk) failed: Error: [Parameter]{ca83ab} at example.wlk:28 exhausted all cases without a match [Parameter]{ca83ab} at example.wlk:28 exhausted all cases without a match","stack":"Error: [Parameter]{ca83ab} at example.wlk:28 exhausted all cases without a match\n    at c:\\Users\\Admin\\.vscode\\extensions\\uqbar.wollok-lsp-ide-0.5.0\\out\\server\\src\\server.js:38:6142\n    at Gh (c:\\Users\\Admin\\.vscode\\extensions\\uqbar.wollok-lsp-ide-0.5.0\\out\\server\\src\\server.js:2362:42)\n    at c:\\Users\\Admin\\.vscode\\extensions\\uqbar.wollok-lsp-ide-0.5.0\\out\\server\\src\\server.js:2362:2949\n    at c:\\Users\\Admin\\.vscode\\extensions\\uqbar.wollok-lsp-ide-0.5.0\\out\\server\\src\\server.js:2371:8632\n    at c:\\Users\\Admin\\.vscode\\extensions\\uqbar.wollok-lsp-ide-0.5.0\\out\\server\\src\\server.js:37:74872\n    at Ye (c:\\Users\\Admin\\.vscode\\extensions\\uqbar.wollok-lsp-ide-0.5.0\\out\\server\\src\\server.js:7:8527)\n    at Dt (c:\\Users\\Admin\\.vscode\\extensions\\uqbar.wollok-lsp-ide-0.5.0\\out\\server\\src\\server.js:7:6189)\n    at Zi (c:\\Users\\Admin\\.vscode\\extensions\\uqbar.wollok-lsp-ide-0.5.0\\out\\server\\src\\server.js:7:6378)\n    at Immediate._onImmediate (c:\\Users\\Admin\\.vscode\\extensions\\uqbar.wollok-lsp-ide-0.5.0\\out\\server\\src\\server.js:7:6142)\n    at process.processImmediate (node:internal/timers:483:21)","timestamp":"2025-04-28T13:31:22.195Z"}
{"level":"info","message":"⌛ Validating example.wlk","timeElapsed":231,"timestamp":"2025-04-28T13:31:22.429Z"}
{"level":"info","message":"onRequest - completionItem/resolve","timestamp":"2025-04-28T13:31:22.429Z"}
{"level":"error","message":"✘ Completions for node Parameter ([28:21, 28:23] - example.wlk) failed: Error: [Parameter]{a4da5f} at example.wlk:28 exhausted all cases without a match [Parameter]{a4da5f} at example.wlk:28 exhausted all cases without a match","stack":"Error: [Parameter]{a4da5f} at example.wlk:28 exhausted all cases without a match\n    at c:\\Users\\Admin\\.vscode\\extensions\\uqbar.wollok-lsp-ide-0.5.0\\out\\server\\src\\server.js:38:6142\n    at Gh (c:\\Users\\Admin\\.vscode\\extensions\\uqbar.wollok-lsp-ide-0.5.0\\out\\server\\src\\server.js:2362:42)\n    at c:\\Users\\Admin\\.vscode\\extensions\\uqbar.wollok-lsp-ide-0.5.0\\out\\server\\src\\server.js:2362:2949\n    at c:\\Users\\Admin\\.vscode\\extensions\\uqbar.wollok-lsp-ide-0.5.0\\out\\server\\src\\server.js:2371:8632\n    at c:\\Users\\Admin\\.vscode\\extensions\\uqbar.wollok-lsp-ide-0.5.0\\out\\server\\src\\server.js:37:74872\n    at Ye (c:\\Users\\Admin\\.vscode\\extensions\\uqbar.wollok-lsp-ide-0.5.0\\out\\server\\src\\server.js:7:8527)\n    at Dt (c:\\Users\\Admin\\.vscode\\extensions\\uqbar.wollok-lsp-ide-0.5.0\\out\\server\\src\\server.js:7:6189)\n    at Zi (c:\\Users\\Admin\\.vscode\\extensions\\uqbar.wollok-lsp-ide-0.5.0\\out\\server\\src\\server.js:7:6378)\n    at Immediate._onImmediate (c:\\Users\\Admin\\.vscode\\extensions\\uqbar.wollok-lsp-ide-0.5.0\\out\\server\\src\\server.js:7:6142)\n    at process.processImmediate (node:internal/timers:483:21)","timestamp":"2025-04-28T13:31:22.554Z"}
{"level":"info","message":"⌛ Validating example.wlk","timeElapsed":139,"timestamp":"2025-04-28T13:31:22.780Z"}
{"level":"info","message":"⌛ Building environment","timeElapsed":102,"timestamp":"2025-04-28T13:31:22.883Z"}
{"level":"info","message":"⌛ Validating example.wlk","timeElapsed":136,"timestamp":"2025-04-28T13:31:23.021Z"}
{"level":"error","message":"✘ Completions for node Parameter ([28:21, 28:25] - example.wlk) failed: Error: [Parameter]{5d429b} at example.wlk:28 exhausted all cases without a match [Parameter]{5d429b} at example.wlk:28 exhausted all cases without a match","stack":"Error: [Parameter]{5d429b} at example.wlk:28 exhausted all cases without a match\n    at c:\\Users\\Admin\\.vscode\\extensions\\uqbar.wollok-lsp-ide-0.5.0\\out\\server\\src\\server.js:38:6142\n    at Gh (c:\\Users\\Admin\\.vscode\\extensions\\uqbar.wollok-lsp-ide-0.5.0\\out\\server\\src\\server.js:2362:42)\n    at c:\\Users\\Admin\\.vscode\\extensions\\uqbar.wollok-lsp-ide-0.5.0\\out\\server\\src\\server.js:2362:2949\n    at c:\\Users\\Admin\\.vscode\\extensions\\uqbar.wollok-lsp-ide-0.5.0\\out\\server\\src\\server.js:2371:8632\n    at c:\\Users\\Admin\\.vscode\\extensions\\uqbar.wollok-lsp-ide-0.5.0\\out\\server\\src\\server.js:37:74872\n    at Ye (c:\\Users\\Admin\\.vscode\\extensions\\uqbar.wollok-lsp-ide-0.5.0\\out\\server\\src\\server.js:7:8527)\n    at Dt (c:\\Users\\Admin\\.vscode\\extensions\\uqbar.wollok-lsp-ide-0.5.0\\out\\server\\src\\server.js:7:6189)\n    at Zi (c:\\Users\\Admin\\.vscode\\extensions\\uqbar.wollok-lsp-ide-0.5.0\\out\\server\\src\\server.js:7:6378)\n    at Immediate._onImmediate (c:\\Users\\Admin\\.vscode\\extensions\\uqbar.wollok-lsp-ide-0.5.0\\out\\server\\src\\server.js:7:6142)\n    at process.processImmediate (node:internal/timers:483:21)","timestamp":"2025-04-28T13:31:23.045Z"}
{"level":"info","message":"⌛ Building environment","timeElapsed":149,"timestamp":"2025-04-28T13:31:23.206Z"}
{"level":"info","message":"⌛ Validating example.wlk","timeElapsed":116,"timestamp":"2025-04-28T13:31:23.414Z"}
{"level":"error","message":"✘ Completions for node Parameter ([28:21, 28:29] - example.wlk) failed: Error: [Parameter]{652bda} at example.wlk:28 exhausted all cases without a match [Parameter]{652bda} at example.wlk:28 exhausted all cases without a match","stack":"Error: [Parameter]{652bda} at example.wlk:28 exhausted all cases without a match\n    at c:\\Users\\Admin\\.vscode\\extensions\\uqbar.wollok-lsp-ide-0.5.0\\out\\server\\src\\server.js:38:6142\n    at Gh (c:\\Users\\Admin\\.vscode\\extensions\\uqbar.wollok-lsp-ide-0.5.0\\out\\server\\src\\server.js:2362:42)\n    at c:\\Users\\Admin\\.vscode\\extensions\\uqbar.wollok-lsp-ide-0.5.0\\out\\server\\src\\server.js:2362:2949\n    at c:\\Users\\Admin\\.vscode\\extensions\\uqbar.wollok-lsp-ide-0.5.0\\out\\server\\src\\server.js:2371:8632\n    at c:\\Users\\Admin\\.vscode\\extensions\\uqbar.wollok-lsp-ide-0.5.0\\out\\server\\src\\server.js:37:74872\n    at Ye (c:\\Users\\Admin\\.vscode\\extensions\\uqbar.wollok-lsp-ide-0.5.0\\out\\server\\src\\server.js:7:8527)\n    at Dt (c:\\Users\\Admin\\.vscode\\extensions\\uqbar.wollok-lsp-ide-0.5.0\\out\\server\\src\\server.js:7:6189)\n    at Zi (c:\\Users\\Admin\\.vscode\\extensions\\uqbar.wollok-lsp-ide-0.5.0\\out\\server\\src\\server.js:7:6378)\n    at Immediate._onImmediate (c:\\Users\\Admin\\.vscode\\extensions\\uqbar.wollok-lsp-ide-0.5.0\\out\\server\\src\\server.js:7:6142)\n    at process.processImmediate (node:internal/timers:483:21)","timestamp":"2025-04-28T13:31:23.606Z"}
{"level":"info","message":"⌛ Building environment","timeElapsed":109,"timestamp":"2025-04-28T13:31:23.718Z"}
{"level":"info","message":"⌛ Validating example.wlk","timeElapsed":128,"timestamp":"2025-04-28T13:31:23.846Z"}
{"level":"info","message":"⌛ Validating example.wlk","timeElapsed":125,"timestamp":"2025-04-28T13:31:23.971Z"}
{"level":"info","message":"⌛ Validating example.wlk","timeElapsed":111,"timestamp":"2025-04-28T13:31:24.090Z"}
{"level":"info","message":"⌛ Validating example.wlk","timeElapsed":112,"timestamp":"2025-04-28T13:31:24.204Z"}
{"level":"info","message":"⌛ Building environment","timeElapsed":239,"timestamp":"2025-04-28T13:31:24.445Z"}
{"level":"error","message":"✘ Completions for node Parameter ([28:21, 28:31] - example.wlk) failed: Error: [Parameter]{e9c2fb} at example.wlk:28 exhausted all cases without a match [Parameter]{e9c2fb} at example.wlk:28 exhausted all cases without a match","stack":"Error: [Parameter]{e9c2fb} at example.wlk:28 exhausted all cases without a match\n    at c:\\Users\\Admin\\.vscode\\extensions\\uqbar.wollok-lsp-ide-0.5.0\\out\\server\\src\\server.js:38:6142\n    at Gh (c:\\Users\\Admin\\.vscode\\extensions\\uqbar.wollok-lsp-ide-0.5.0\\out\\server\\src\\server.js:2362:42)\n    at c:\\Users\\Admin\\.vscode\\extensions\\uqbar.wollok-lsp-ide-0.5.0\\out\\server\\src\\server.js:2362:2949\n    at c:\\Users\\Admin\\.vscode\\extensions\\uqbar.wollok-lsp-ide-0.5.0\\out\\server\\src\\server.js:2371:8632\n    at c:\\Users\\Admin\\.vscode\\extensions\\uqbar.wollok-lsp-ide-0.5.0\\out\\server\\src\\server.js:37:74872\n    at Ye (c:\\Users\\Admin\\.vscode\\extensions\\uqbar.wollok-lsp-ide-0.5.0\\out\\server\\src\\server.js:7:8527)\n    at Dt (c:\\Users\\Admin\\.vscode\\extensions\\uqbar.wollok-lsp-ide-0.5.0\\out\\server\\src\\server.js:7:6189)\n    at Zi (c:\\Users\\Admin\\.vscode\\extensions\\uqbar.wollok-lsp-ide-0.5.0\\out\\server\\src\\server.js:7:6378)\n    at Immediate._onImmediate (c:\\Users\\Admin\\.vscode\\extensions\\uqbar.wollok-lsp-ide-0.5.0\\out\\server\\src\\server.js:7:6142)\n    at process.processImmediate (node:internal/timers:483:21)","timestamp":"2025-04-28T13:31:24.473Z"}
{"level":"info","message":"⌛ Validating example.wlk","timeElapsed":123,"timestamp":"2025-04-28T13:31:24.691Z"}
{"level":"info","message":"⌛ Validating example.wlk","timeElapsed":124,"timestamp":"2025-04-28T13:31:24.819Z"}
{"level":"info","message":"⌛ Validating example.wlk","timeElapsed":112,"timestamp":"2025-04-28T13:31:24.934Z"}
{"level":"info","message":"⌛ Validating example.wlk","timeElapsed":117,"timestamp":"2025-04-28T13:31:25.939Z"}
{"level":"info","message":"⌛ Validating example.wlk","timeElapsed":116,"timestamp":"2025-04-28T13:31:26.637Z"}
{"level":"info","message":"⌛ Building environment","timeElapsed":123,"timestamp":"2025-04-28T13:31:26.786Z"}
{"level":"info","message":"⌛ Validating example.wlk","timeElapsed":117,"timestamp":"2025-04-28T13:31:26.904Z"}
{"level":"info","message":"⌛ Validating example.wlk","timeElapsed":147,"timestamp":"2025-04-28T13:31:27.946Z"}
{"level":"info","message":"onRequest - completionItem/resolve","timestamp":"2025-04-28T13:31:27.947Z"}
{"level":"info","message":"onRequest - completionItem/resolve","timestamp":"2025-04-28T13:31:28.043Z"}
{"level":"info","message":"⌛ Validating example.wlk","timeElapsed":135,"timestamp":"2025-04-28T13:31:28.178Z"}
{"level":"info","message":"⌛ Building environment","timeElapsed":200,"timestamp":"2025-04-28T13:31:28.379Z"}
{"level":"info","message":"⌛ Building environment","timeElapsed":128,"timestamp":"2025-04-28T13:31:28.534Z"}
{"level":"info","message":"⌛ Validating example.wlk","timeElapsed":136,"timestamp":"2025-04-28T13:31:28.760Z"}
{"level":"info","message":"⌛ Validating example.wlk","timeElapsed":125,"timestamp":"2025-04-28T13:31:28.981Z"}
{"level":"error","message":"✘ Completions for node Return ([29:5, 29:13] - example.wlk) failed: Error: [Return]{50df9f} at example.wlk:29 exhausted all cases without a match [Return]{50df9f} at example.wlk:29 exhausted all cases without a match","stack":"Error: [Return]{50df9f} at example.wlk:29 exhausted all cases without a match\n    at c:\\Users\\Admin\\.vscode\\extensions\\uqbar.wollok-lsp-ide-0.5.0\\out\\server\\src\\server.js:38:6142\n    at Gh (c:\\Users\\Admin\\.vscode\\extensions\\uqbar.wollok-lsp-ide-0.5.0\\out\\server\\src\\server.js:2362:42)\n    at Kh (c:\\Users\\Admin\\.vscode\\extensions\\uqbar.wollok-lsp-ide-0.5.0\\out\\server\\src\\server.js:2362:1053)\n    at d8n (c:\\Users\\Admin\\.vscode\\extensions\\uqbar.wollok-lsp-ide-0.5.0\\out\\server\\src\\server.js:2362:1209)\n    at c:\\Users\\Admin\\.vscode\\extensions\\uqbar.wollok-lsp-ide-0.5.0\\out\\server\\src\\server.js:38:6131\n    at Gh (c:\\Users\\Admin\\.vscode\\extensions\\uqbar.wollok-lsp-ide-0.5.0\\out\\server\\src\\server.js:2362:42)\n    at c:\\Users\\Admin\\.vscode\\extensions\\uqbar.wollok-lsp-ide-0.5.0\\out\\server\\src\\server.js:2362:2949\n    at c:\\Users\\Admin\\.vscode\\extensions\\uqbar.wollok-lsp-ide-0.5.0\\out\\server\\src\\server.js:2371:8632\n    at c:\\Users\\Admin\\.vscode\\extensions\\uqbar.wollok-lsp-ide-0.5.0\\out\\server\\src\\server.js:37:74872\n    at Ye (c:\\Users\\Admin\\.vscode\\extensions\\uqbar.wollok-lsp-ide-0.5.0\\out\\server\\src\\server.js:7:8527)","timestamp":"2025-04-28T13:31:29.112Z"}
{"level":"info","message":"⌛ Validating example.wlk","timeElapsed":147,"timestamp":"2025-04-28T13:31:29.262Z"}
{"level":"info","message":"⌛ Building environment","timeElapsed":112,"timestamp":"2025-04-28T13:31:29.374Z"}
{"level":"info","message":"⌛ Validating example.wlk","timeElapsed":128,"timestamp":"2025-04-28T13:31:29.503Z"}
{"level":"info","message":"⌛ Building environment","timeElapsed":165,"timestamp":"2025-04-28T13:31:29.695Z"}
{"level":"info","message":"⌛ Validating example.wlk","timeElapsed":147,"timestamp":"2025-04-28T13:31:29.843Z"}
{"level":"info","message":"⌛ Validating example.wlk","timeElapsed":125,"timestamp":"2025-04-28T13:31:30.156Z"}
{"level":"info","message":"onRequest - completionItem/resolve","timestamp":"2025-04-28T13:31:30.156Z"}
{"level":"info","message":"⌛ Building environment","timeElapsed":112,"timestamp":"2025-04-28T13:31:30.269Z"}
{"level":"info","message":"onRequest - completionItem/resolve","timestamp":"2025-04-28T13:31:30.270Z"}
{"level":"info","message":"onRequest - completionItem/resolve","timestamp":"2025-04-28T13:31:30.358Z"}
{"level":"info","message":"onRequest - completionItem/resolve","timestamp":"2025-04-28T13:31:30.454Z"}
{"level":"info","message":"⌛ Validating example.wlk","timeElapsed":143,"timestamp":"2025-04-28T13:31:30.597Z"}
{"level":"info","message":"⌛ Building environment","timeElapsed":101,"timestamp":"2025-04-28T13:31:30.699Z"}
{"level":"info","message":"onRequest - completionItem/resolve","timestamp":"2025-04-28T13:31:30.699Z"}
{"level":"info","message":"onRequest - completionItem/resolve","timestamp":"2025-04-28T13:31:30.789Z"}
{"level":"info","message":"⌛ Validating example.wlk","timeElapsed":123,"timestamp":"2025-04-28T13:31:30.912Z"}
{"level":"info","message":"⌛ Validating example.wlk","timeElapsed":117,"timestamp":"2025-04-28T13:31:31.035Z"}
{"level":"info","message":"⌛ Validating example.wlk","timeElapsed":119,"timestamp":"2025-04-28T13:31:31.155Z"}
{"level":"info","message":"onRequest - completionItem/resolve","timestamp":"2025-04-28T13:31:31.243Z"}
{"level":"info","message":"⌛ Validating example.wlk","timeElapsed":118,"timestamp":"2025-04-28T13:31:31.361Z"}
{"level":"info","message":"onRequest - completionItem/resolve","timestamp":"2025-04-28T13:31:31.446Z"}
{"level":"info","message":"⌛ Validating example.wlk","timeElapsed":118,"timestamp":"2025-04-28T13:31:31.564Z"}
{"level":"info","message":"⌛ Validating example.wlk","timeElapsed":121,"timestamp":"2025-04-28T13:31:31.685Z"}
{"level":"info","message":"⌛ Building environment","timeElapsed":114,"timestamp":"2025-04-28T13:31:31.799Z"}
{"level":"info","message":"onRequest - completionItem/resolve","timestamp":"2025-04-28T13:31:31.800Z"}
{"level":"info","message":"⌛ Building environment","timeElapsed":120,"timestamp":"2025-04-28T13:31:31.920Z"}
{"level":"info","message":"onRequest - completionItem/resolve","timestamp":"2025-04-28T13:31:31.921Z"}
{"level":"info","message":"onRequest - completionItem/resolve","timestamp":"2025-04-28T13:31:32.016Z"}
{"level":"info","message":"⌛ Validating example.wlk","timeElapsed":145,"timestamp":"2025-04-28T13:31:32.161Z"}
{"level":"info","message":"⌛ Validating example.wlk","timeElapsed":131,"timestamp":"2025-04-28T13:31:32.293Z"}
{"level":"info","message":"⌛ Validating example.wlk","timeElapsed":148,"timestamp":"2025-04-28T13:31:32.448Z"}
{"level":"info","message":"⌛ Validating example.wlk","timeElapsed":120,"timestamp":"2025-04-28T13:31:32.568Z"}
{"level":"info","message":"⌛ Validating example.wlk","timeElapsed":211,"timestamp":"2025-04-28T13:31:32.894Z"}
{"level":"info","message":"⌛ Validating example.wlk","timeElapsed":123,"timestamp":"2025-04-28T13:31:33.117Z"}
{"level":"info","message":"⌛ Validating example.wlk","timeElapsed":131,"timestamp":"2025-04-28T13:31:33.248Z"}
{"level":"info","message":"⌛ Building environment","timeElapsed":178,"timestamp":"2025-04-28T13:31:33.711Z"}
{"level":"info","message":"⌛ Validating example.wlk","timeElapsed":142,"timestamp":"2025-04-28T13:31:33.862Z"}
{"level":"info","message":"onRequest - completionItem/resolve","timestamp":"2025-04-28T13:31:33.862Z"}
{"level":"error","message":"✘ Completions for node Return ([29:5, 29:30] - example.wlk) failed: Error: [Return]{a6d805} at example.wlk:29 exhausted all cases without a match [Return]{a6d805} at example.wlk:29 exhausted all cases without a match","stack":"Error: [Return]{a6d805} at example.wlk:29 exhausted all cases without a match\n    at c:\\Users\\Admin\\.vscode\\extensions\\uqbar.wollok-lsp-ide-0.5.0\\out\\server\\src\\server.js:38:6142\n    at Gh (c:\\Users\\Admin\\.vscode\\extensions\\uqbar.wollok-lsp-ide-0.5.0\\out\\server\\src\\server.js:2362:42)\n    at Kh (c:\\Users\\Admin\\.vscode\\extensions\\uqbar.wollok-lsp-ide-0.5.0\\out\\server\\src\\server.js:2362:1053)\n    at d8n (c:\\Users\\Admin\\.vscode\\extensions\\uqbar.wollok-lsp-ide-0.5.0\\out\\server\\src\\server.js:2362:1209)\n    at c:\\Users\\Admin\\.vscode\\extensions\\uqbar.wollok-lsp-ide-0.5.0\\out\\server\\src\\server.js:38:6131\n    at Gh (c:\\Users\\Admin\\.vscode\\extensions\\uqbar.wollok-lsp-ide-0.5.0\\out\\server\\src\\server.js:2362:42)\n    at c:\\Users\\Admin\\.vscode\\extensions\\uqbar.wollok-lsp-ide-0.5.0\\out\\server\\src\\server.js:2362:2949\n    at c:\\Users\\Admin\\.vscode\\extensions\\uqbar.wollok-lsp-ide-0.5.0\\out\\server\\src\\server.js:2371:8632\n    at c:\\Users\\Admin\\.vscode\\extensions\\uqbar.wollok-lsp-ide-0.5.0\\out\\server\\src\\server.js:37:74872\n    at Ye (c:\\Users\\Admin\\.vscode\\extensions\\uqbar.wollok-lsp-ide-0.5.0\\out\\server\\src\\server.js:7:8527)","timestamp":"2025-04-28T13:31:33.985Z"}
{"level":"info","message":"⌛ Validating example.wlk","timeElapsed":129,"timestamp":"2025-04-28T13:31:34.119Z"}
{"level":"info","message":"⌛ Validating example.wlk","timeElapsed":122,"timestamp":"2025-04-28T13:31:34.331Z"}
{"level":"info","message":"⌛ Validating example.wlk","timeElapsed":118,"timestamp":"2025-04-28T13:31:34.450Z"}
{"level":"info","message":"⌛ Validating example.wlk","timeElapsed":125,"timestamp":"2025-04-28T13:31:34.680Z"}
{"level":"info","message":"⌛ Validating example.wlk","timeElapsed":134,"timestamp":"2025-04-28T13:31:34.814Z"}
{"level":"info","message":"⌛ Validating example.wlk","timeElapsed":121,"timestamp":"2025-04-28T13:31:34.941Z"}
{"level":"info","message":"⌛ Validating example.wlk","timeElapsed":118,"timestamp":"2025-04-28T13:31:35.064Z"}
{"level":"info","message":"⌛ Validating example.wlk","timeElapsed":119,"timestamp":"2025-04-28T13:31:35.272Z"}
{"level":"info","message":"⌛ Validating example.wlk","timeElapsed":119,"timestamp":"2025-04-28T13:31:35.490Z"}
{"level":"info","message":"⌛ Building environment","timeElapsed":107,"timestamp":"2025-04-28T13:31:35.597Z"}
{"level":"error","message":"✘ Completions for node Return ([29:5, 29:31] - example.wlk) failed: Error: [Return]{81e45f} at example.wlk:29 exhausted all cases without a match [Return]{81e45f} at example.wlk:29 exhausted all cases without a match","stack":"Error: [Return]{81e45f} at example.wlk:29 exhausted all cases without a match\n    at c:\\Users\\Admin\\.vscode\\extensions\\uqbar.wollok-lsp-ide-0.5.0\\out\\server\\src\\server.js:38:6142\n    at Gh (c:\\Users\\Admin\\.vscode\\extensions\\uqbar.wollok-lsp-ide-0.5.0\\out\\server\\src\\server.js:2362:42)\n    at Kh (c:\\Users\\Admin\\.vscode\\extensions\\uqbar.wollok-lsp-ide-0.5.0\\out\\server\\src\\server.js:2362:1053)\n    at d8n (c:\\Users\\Admin\\.vscode\\extensions\\uqbar.wollok-lsp-ide-0.5.0\\out\\server\\src\\server.js:2362:1209)\n    at c:\\Users\\Admin\\.vscode\\extensions\\uqbar.wollok-lsp-ide-0.5.0\\out\\server\\src\\server.js:38:6131\n    at Gh (c:\\Users\\Admin\\.vscode\\extensions\\uqbar.wollok-lsp-ide-0.5.0\\out\\server\\src\\server.js:2362:42)\n    at c:\\Users\\Admin\\.vscode\\extensions\\uqbar.wollok-lsp-ide-0.5.0\\out\\server\\src\\server.js:2362:2949\n    at c:\\Users\\Admin\\.vscode\\extensions\\uqbar.wollok-lsp-ide-0.5.0\\out\\server\\src\\server.js:2371:8632\n    at c:\\Users\\Admin\\.vscode\\extensions\\uqbar.wollok-lsp-ide-0.5.0\\out\\server\\src\\server.js:37:74872\n    at Ye (c:\\Users\\Admin\\.vscode\\extensions\\uqbar.wollok-lsp-ide-0.5.0\\out\\server\\src\\server.js:7:8527)","timestamp":"2025-04-28T13:31:35.621Z"}
{"level":"info","message":"⌛ Validating example.wlk","timeElapsed":238,"timestamp":"2025-04-28T13:31:35.864Z"}
{"level":"info","message":"⌛ Building environment","timeElapsed":141,"timestamp":"2025-04-28T13:31:36.006Z"}
{"level":"info","message":"⌛ Validating example.wlk","timeElapsed":120,"timestamp":"2025-04-28T13:31:36.127Z"}
{"level":"error","message":"✘ Completions for node Return ([29:5, 29:33] - example.wlk) failed: Error: [Return]{8e8a76} at example.wlk:29 exhausted all cases without a match [Return]{8e8a76} at example.wlk:29 exhausted all cases without a match","stack":"Error: [Return]{8e8a76} at example.wlk:29 exhausted all cases without a match\n    at c:\\Users\\Admin\\.vscode\\extensions\\uqbar.wollok-lsp-ide-0.5.0\\out\\server\\src\\server.js:38:6142\n    at Gh (c:\\Users\\Admin\\.vscode\\extensions\\uqbar.wollok-lsp-ide-0.5.0\\out\\server\\src\\server.js:2362:42)\n    at Kh (c:\\Users\\Admin\\.vscode\\extensions\\uqbar.wollok-lsp-ide-0.5.0\\out\\server\\src\\server.js:2362:1053)\n    at d8n (c:\\Users\\Admin\\.vscode\\extensions\\uqbar.wollok-lsp-ide-0.5.0\\out\\server\\src\\server.js:2362:1209)\n    at c:\\Users\\Admin\\.vscode\\extensions\\uqbar.wollok-lsp-ide-0.5.0\\out\\server\\src\\server.js:38:6131\n    at Gh (c:\\Users\\Admin\\.vscode\\extensions\\uqbar.wollok-lsp-ide-0.5.0\\out\\server\\src\\server.js:2362:42)\n    at c:\\Users\\Admin\\.vscode\\extensions\\uqbar.wollok-lsp-ide-0.5.0\\out\\server\\src\\server.js:2362:2949\n    at c:\\Users\\Admin\\.vscode\\extensions\\uqbar.wollok-lsp-ide-0.5.0\\out\\server\\src\\server.js:2371:8632\n    at c:\\Users\\Admin\\.vscode\\extensions\\uqbar.wollok-lsp-ide-0.5.0\\out\\server\\src\\server.js:37:74872\n    at Ye (c:\\Users\\Admin\\.vscode\\extensions\\uqbar.wollok-lsp-ide-0.5.0\\out\\server\\src\\server.js:7:8527)","timestamp":"2025-04-28T13:31:36.239Z"}
{"level":"info","message":"⌛ Validating example.wlk","timeElapsed":118,"timestamp":"2025-04-28T13:31:36.522Z"}
{"level":"info","message":"⌛ Validating example.wlk","timeElapsed":116,"timestamp":"2025-04-28T13:31:36.639Z"}
{"level":"info","message":"⌛ Validating example.wlk","timeElapsed":137,"timestamp":"2025-04-28T13:31:36.782Z"}
{"level":"info","message":"⌛ Validating example.wlk","timeElapsed":117,"timestamp":"2025-04-28T13:31:36.901Z"}
{"level":"info","message":"⌛ Validating example.wlk","timeElapsed":118,"timestamp":"2025-04-28T13:31:37.109Z"}
{"level":"info","message":"⌛ Building environment","timeElapsed":101,"timestamp":"2025-04-28T13:31:55.729Z"}
{"level":"info","message":"⌛ Validating example.wlk","timeElapsed":115,"timestamp":"2025-04-28T13:31:55.845Z"}
{"level":"info","message":"⌛ Building environment","timeElapsed":103,"timestamp":"2025-04-28T13:31:56.041Z"}
{"level":"info","message":"⌛ Validating example.wlk","timeElapsed":132,"timestamp":"2025-04-28T13:31:56.302Z"}
{"level":"info","message":"onRequest - completionItem/resolve","timestamp":"2025-04-28T13:31:56.302Z"}
{"level":"info","message":"⌛ Building environment","timeElapsed":113,"timestamp":"2025-04-28T13:31:56.415Z"}
{"level":"info","message":"onRequest - completionItem/resolve","timestamp":"2025-04-28T13:31:56.415Z"}
{"level":"info","message":"⌛ Validating example.wlk","timeElapsed":125,"timestamp":"2025-04-28T13:31:56.541Z"}
{"level":"info","message":"onRequest - completionItem/resolve","timestamp":"2025-04-28T13:31:56.626Z"}
{"level":"info","message":"onRequest - completionItem/resolve","timestamp":"2025-04-28T13:31:56.715Z"}
{"level":"error","message":"✘ Failed to rebuild document Failed to parse example.wlk: \n-- PARSING FAILED --------------------------------------------------\n\n  56 |   }\n  57 |   method\n> 58 | }\n     | ^\n  59 | \n  60 | object chuckNorris {\n\nExpected one of the following: \n\n'!=', '!==', '%', '&&', '*', '**', '+', '-', '->', '..', '..<', '/', '<', '<<', '<<<', '<=', '<=>', '<>', '==', '===', '>', '>..', '>=', '>>', '>>>', '?:', 'and', 'invert', 'negate', 'or', 'plus', '||', identifier, whitespace\n","stack":"Error: Failed to parse example.wlk: \n-- PARSING FAILED --------------------------------------------------\n\n  56 |   }\n  57 |   method\n> 58 | }\n     | ^\n  59 | \n  60 | object chuckNorris {\n\nExpected one of the following: \n\n'!=', '!==', '%', '&&', '*', '**', '+', '-', '->', '..', '..<', '/', '<', '<<', '<<<', '<=', '<=>', '<>', '==', '===', '>', '>..', '>=', '>>', '>>>', '?:', 'and', 'invert', 'negate', 'or', 'plus', '||', identifier, whitespace\n\n    at c:\\Users\\Admin\\.vscode\\extensions\\uqbar.wollok-lsp-ide-0.5.0\\out\\server\\src\\server.js:2326:13026\n    at Array.map (<anonymous>)\n    at P1n (c:\\Users\\Admin\\.vscode\\extensions\\uqbar.wollok-lsp-ide-0.5.0\\out\\server\\src\\server.js:2326:12950)\n    at U2.buildEnvironmentFrom (c:\\Users\\Admin\\.vscode\\extensions\\uqbar.wollok-lsp-ide-0.5.0\\out\\server\\src\\server.js:2371:5255)\n    at U2.updateEnvironmentWith (c:\\Users\\Admin\\.vscode\\extensions\\uqbar.wollok-lsp-ide-0.5.0\\out\\server\\src\\server.js:2371:4990)\n    at UF (c:\\Users\\Admin\\.vscode\\extensions\\uqbar.wollok-lsp-ide-0.5.0\\out\\server\\src\\server.js:2371:7147)\n    at F3.invoke (c:\\Users\\Admin\\.vscode\\extensions\\uqbar.wollok-lsp-ide-0.5.0\\out\\server\\src\\server.js:3:157316)\n    at o.fire (c:\\Users\\Admin\\.vscode\\extensions\\uqbar.wollok-lsp-ide-0.5.0\\out\\server\\src\\server.js:3:158086)\n    at c:\\Users\\Admin\\.vscode\\extensions\\uqbar.wollok-lsp-ide-0.5.0\\out\\server\\src\\server.js:37:57871\n    at Qr (c:\\Users\\Admin\\.vscode\\extensions\\uqbar.wollok-lsp-ide-0.5.0\\out\\server\\src\\server.js:8:1561)","timestamp":"2025-04-28T13:31:56.733Z"}
{"level":"info","message":"onRequest - completionItem/resolve","timestamp":"2025-04-28T13:31:56.733Z"}
{"level":"info","message":"⌛ Validating example.wlk","timeElapsed":136,"timestamp":"2025-04-28T13:31:56.870Z"}
{"level":"info","message":"⌛ Validating example.wlk","timeElapsed":124,"timestamp":"2025-04-28T13:31:56.994Z"}
{"level":"info","message":"⌛ Validating example.wlk","timeElapsed":119,"timestamp":"2025-04-28T13:31:57.114Z"}
{"level":"error","message":"✘ Failed to rebuild document Failed to parse example.wlk: \n-- PARSING FAILED --------------------------------------------------\n\n  56 |   }\n  57 |   method \n> 58 | }\n     | ^\n  59 | \n  60 | object chuckNorris {\n\nExpected one of the following: \n\n'!=', '!==', '%', '&&', '*', '**', '+', '-', '->', '..', '..<', '/', '<', '<<', '<<<', '<=', '<=>', '<>', '==', '===', '>', '>..', '>=', '>>', '>>>', '?:', 'and', 'invert', 'negate', 'or', 'plus', '||', identifier, whitespace\n","stack":"Error: Failed to parse example.wlk: \n-- PARSING FAILED --------------------------------------------------\n\n  56 |   }\n  57 |   method \n> 58 | }\n     | ^\n  59 | \n  60 | object chuckNorris {\n\nExpected one of the following: \n\n'!=', '!==', '%', '&&', '*', '**', '+', '-', '->', '..', '..<', '/', '<', '<<', '<<<', '<=', '<=>', '<>', '==', '===', '>', '>..', '>=', '>>', '>>>', '?:', 'and', 'invert', 'negate', 'or', 'plus', '||', identifier, whitespace\n\n    at c:\\Users\\Admin\\.vscode\\extensions\\uqbar.wollok-lsp-ide-0.5.0\\out\\server\\src\\server.js:2326:13026\n    at Array.map (<anonymous>)\n    at P1n (c:\\Users\\Admin\\.vscode\\extensions\\uqbar.wollok-lsp-ide-0.5.0\\out\\server\\src\\server.js:2326:12950)\n    at U2.buildEnvironmentFrom (c:\\Users\\Admin\\.vscode\\extensions\\uqbar.wollok-lsp-ide-0.5.0\\out\\server\\src\\server.js:2371:5255)\n    at U2.updateEnvironmentWith (c:\\Users\\Admin\\.vscode\\extensions\\uqbar.wollok-lsp-ide-0.5.0\\out\\server\\src\\server.js:2371:4990)\n    at UF (c:\\Users\\Admin\\.vscode\\extensions\\uqbar.wollok-lsp-ide-0.5.0\\out\\server\\src\\server.js:2371:7147)\n    at F3.invoke (c:\\Users\\Admin\\.vscode\\extensions\\uqbar.wollok-lsp-ide-0.5.0\\out\\server\\src\\server.js:3:157316)\n    at o.fire (c:\\Users\\Admin\\.vscode\\extensions\\uqbar.wollok-lsp-ide-0.5.0\\out\\server\\src\\server.js:3:158086)\n    at c:\\Users\\Admin\\.vscode\\extensions\\uqbar.wollok-lsp-ide-0.5.0\\out\\server\\src\\server.js:37:57871\n    at Qr (c:\\Users\\Admin\\.vscode\\extensions\\uqbar.wollok-lsp-ide-0.5.0\\out\\server\\src\\server.js:8:1561)","timestamp":"2025-04-28T13:31:57.159Z"}
{"level":"info","message":"onRequest - completionItem/resolve","timestamp":"2025-04-28T13:31:57.159Z"}
{"level":"info","message":"⌛ Building environment","timeElapsed":109,"timestamp":"2025-04-28T13:31:57.473Z"}
{"level":"info","message":"⌛ Validating example.wlk","timeElapsed":135,"timestamp":"2025-04-28T13:31:57.610Z"}
{"level":"info","message":"⌛ Building environment","timeElapsed":287,"timestamp":"2025-04-28T13:31:57.902Z"}
{"level":"info","message":"⌛ Building environment","timeElapsed":101,"timestamp":"2025-04-28T13:31:58.036Z"}
{"level":"info","message":"⌛ Building environment","timeElapsed":115,"timestamp":"2025-04-28T13:31:58.238Z"}
{"level":"info","message":"⌛ Validating example.wlk","timeElapsed":149,"timestamp":"2025-04-28T13:31:58.387Z"}
{"level":"info","message":"onRequest - completionItem/resolve","timestamp":"2025-04-28T13:31:58.387Z"}
{"level":"info","message":"⌛ Validating example.wlk","timeElapsed":139,"timestamp":"2025-04-28T13:31:58.526Z"}
{"level":"info","message":"⌛ Validating example.wlk","timeElapsed":163,"timestamp":"2025-04-28T13:31:58.695Z"}
{"level":"info","message":"onRequest - completionItem/resolve","timestamp":"2025-04-28T13:31:58.786Z"}
{"level":"info","message":"⌛ Validating example.wlk","timeElapsed":179,"timestamp":"2025-04-28T13:31:58.969Z"}
{"level":"info","message":"⌛ Building environment","timeElapsed":112,"timestamp":"2025-04-28T13:31:59.095Z"}
{"level":"info","message":"⌛ Validating example.wlk","timeElapsed":130,"timestamp":"2025-04-28T13:31:59.521Z"}
{"level":"info","message":"⌛ Validating example.wlk","timeElapsed":123,"timestamp":"2025-04-28T13:31:59.744Z"}
{"level":"info","message":"⌛ Validating example.wlk","timeElapsed":128,"timestamp":"2025-04-28T13:31:59.873Z"}
{"level":"info","message":"⌛ Validating example.wlk","timeElapsed":131,"timestamp":"2025-04-28T13:32:00.008Z"}
{"level":"info","message":"⌛ Validating example.wlk","timeElapsed":136,"timestamp":"2025-04-28T13:32:00.144Z"}
{"level":"info","message":"⌛ Validating example.wlk","timeElapsed":132,"timestamp":"2025-04-28T13:32:00.460Z"}
{"level":"info","message":"⌛ Building environment","timeElapsed":101,"timestamp":"2025-04-28T13:32:00.562Z"}
{"level":"info","message":"⌛ Validating example.wlk","timeElapsed":143,"timestamp":"2025-04-28T13:32:00.874Z"}
{"level":"info","message":"⌛ Validating example.wlk","timeElapsed":117,"timestamp":"2025-04-28T13:32:01.076Z"}
{"level":"info","message":"⌛ Building environment","timeElapsed":161,"timestamp":"2025-04-28T13:32:01.238Z"}
{"level":"info","message":"⌛ Validating example.wlk","timeElapsed":128,"timestamp":"2025-04-28T13:32:01.399Z"}
{"level":"info","message":"⌛ Validating example.wlk","timeElapsed":134,"timestamp":"2025-04-28T13:32:01.533Z"}
{"level":"info","message":"⌛ Validating example.wlk","timeElapsed":149,"timestamp":"2025-04-28T13:32:01.682Z"}
{"level":"info","message":"⌛ Building environment","timeElapsed":196,"timestamp":"2025-04-28T13:32:01.881Z"}
{"level":"info","message":"⌛ Validating example.wlk","timeElapsed":116,"timestamp":"2025-04-28T13:32:01.998Z"}
{"level":"info","message":"⌛ Validating example.wlk","timeElapsed":120,"timestamp":"2025-04-28T13:32:02.122Z"}
{"level":"info","message":"⌛ Validating example.wlk","timeElapsed":123,"timestamp":"2025-04-28T13:32:02.639Z"}
{"level":"info","message":"⌛ Validating example.wlk","timeElapsed":117,"timestamp":"2025-04-28T13:32:02.761Z"}
{"level":"info","message":"⌛ Building environment","timeElapsed":105,"timestamp":"2025-04-28T13:32:02.867Z"}
{"level":"info","message":"⌛ Validating example.wlk","timeElapsed":116,"timestamp":"2025-04-28T13:32:02.984Z"}
{"level":"info","message":"⌛ Validating example.wlk","timeElapsed":130,"timestamp":"2025-04-28T13:32:03.114Z"}
{"level":"info","message":"⌛ Validating example.wlk","timeElapsed":124,"timestamp":"2025-04-28T13:32:03.327Z"}
{"level":"info","message":"⌛ Validating example.wlk","timeElapsed":118,"timestamp":"2025-04-28T13:32:03.449Z"}
{"level":"info","message":"⌛ Validating example.wlk","timeElapsed":123,"timestamp":"2025-04-28T13:32:03.572Z"}
{"level":"info","message":"⌛ Building environment","timeElapsed":101,"timestamp":"2025-04-28T13:32:04.349Z"}
{"level":"info","message":"⌛ Validating example.wlk","timeElapsed":114,"timestamp":"2025-04-28T13:32:04.464Z"}
{"level":"info","message":"⌛ Validating example.wlk","timeElapsed":115,"timestamp":"2025-04-28T13:32:04.825Z"}
{"level":"info","message":"⌛ Building environment","timeElapsed":101,"timestamp":"2025-04-28T13:32:04.961Z"}
{"level":"info","message":"⌛ Validating example.wlk","timeElapsed":118,"timestamp":"2025-04-28T13:32:05.082Z"}
{"level":"info","message":"⌛ Building environment","timeElapsed":221,"timestamp":"2025-04-28T13:32:05.761Z"}
{"level":"info","message":"⌛ Validating example.wlk","timeElapsed":135,"timestamp":"2025-04-28T13:32:05.897Z"}
{"level":"info","message":"onRequest - completionItem/resolve","timestamp":"2025-04-28T13:32:05.898Z"}
{"level":"info","message":"onRequest - completionItem/resolve","timestamp":"2025-04-28T13:32:05.998Z"}
{"level":"info","message":"⌛ Validating example.wlk","timeElapsed":127,"timestamp":"2025-04-28T13:32:06.220Z"}
{"level":"info","message":"⌛ Building environment","timeElapsed":119,"timestamp":"2025-04-28T13:32:06.462Z"}
{"level":"info","message":"⌛ Validating example.wlk","timeElapsed":133,"timestamp":"2025-04-28T13:32:06.595Z"}
{"level":"info","message":"⌛ Validating example.wlk","timeElapsed":141,"timestamp":"2025-04-28T13:32:06.738Z"}
{"level":"info","message":"⌛ Building environment","timeElapsed":153,"timestamp":"2025-04-28T13:32:06.984Z"}
{"level":"error","message":"✘ Completions for node Return ([58:5, 58:13] - example.wlk) failed: Error: [Return]{f8f283} at example.wlk:58 exhausted all cases without a match [Return]{f8f283} at example.wlk:58 exhausted all cases without a match","stack":"Error: [Return]{f8f283} at example.wlk:58 exhausted all cases without a match\n    at c:\\Users\\Admin\\.vscode\\extensions\\uqbar.wollok-lsp-ide-0.5.0\\out\\server\\src\\server.js:38:6142\n    at Gh (c:\\Users\\Admin\\.vscode\\extensions\\uqbar.wollok-lsp-ide-0.5.0\\out\\server\\src\\server.js:2362:42)\n    at Kh (c:\\Users\\Admin\\.vscode\\extensions\\uqbar.wollok-lsp-ide-0.5.0\\out\\server\\src\\server.js:2362:1053)\n    at d8n (c:\\Users\\Admin\\.vscode\\extensions\\uqbar.wollok-lsp-ide-0.5.0\\out\\server\\src\\server.js:2362:1209)\n    at c:\\Users\\Admin\\.vscode\\extensions\\uqbar.wollok-lsp-ide-0.5.0\\out\\server\\src\\server.js:38:6131\n    at Gh (c:\\Users\\Admin\\.vscode\\extensions\\uqbar.wollok-lsp-ide-0.5.0\\out\\server\\src\\server.js:2362:42)\n    at c:\\Users\\Admin\\.vscode\\extensions\\uqbar.wollok-lsp-ide-0.5.0\\out\\server\\src\\server.js:2362:2949\n    at c:\\Users\\Admin\\.vscode\\extensions\\uqbar.wollok-lsp-ide-0.5.0\\out\\server\\src\\server.js:2371:8632\n    at c:\\Users\\Admin\\.vscode\\extensions\\uqbar.wollok-lsp-ide-0.5.0\\out\\server\\src\\server.js:37:74872\n    at Ye (c:\\Users\\Admin\\.vscode\\extensions\\uqbar.wollok-lsp-ide-0.5.0\\out\\server\\src\\server.js:7:8527)","timestamp":"2025-04-28T13:32:07.010Z"}
{"level":"info","message":"⌛ Validating example.wlk","timeElapsed":117,"timestamp":"2025-04-28T13:32:07.130Z"}
{"level":"info","message":"⌛ Building environment","timeElapsed":162,"timestamp":"2025-04-28T13:32:07.294Z"}
{"level":"info","message":"⌛ Validating example.wlk","timeElapsed":145,"timestamp":"2025-04-28T13:32:07.440Z"}
{"level":"info","message":"⌛ Building environment","timeElapsed":101,"timestamp":"2025-04-28T13:32:07.542Z"}
{"level":"info","message":"⌛ Validating example.wlk","timeElapsed":144,"timestamp":"2025-04-28T13:32:07.862Z"}
{"level":"info","message":"⌛ Building environment","timeElapsed":203,"timestamp":"2025-04-28T13:32:08.065Z"}
{"level":"info","message":"⌛ Validating example.wlk","timeElapsed":137,"timestamp":"2025-04-28T13:32:08.202Z"}
{"level":"info","message":"⌛ Validating example.wlk","timeElapsed":126,"timestamp":"2025-04-28T13:32:08.336Z"}
{"level":"info","message":"⌛ Validating example.wlk","timeElapsed":117,"timestamp":"2025-04-28T13:32:08.546Z"}
{"level":"info","message":"⌛ Validating example.wlk","timeElapsed":124,"timestamp":"2025-04-28T13:32:08.757Z"}
{"level":"info","message":"⌛ Validating example.wlk","timeElapsed":126,"timestamp":"2025-04-28T13:32:08.884Z"}
{"level":"error","message":"✘ Completions for node Return ([58:5, 58:16] - example.wlk) failed: Error: [Return]{318b40} at example.wlk:58 exhausted all cases without a match [Return]{318b40} at example.wlk:58 exhausted all cases without a match","stack":"Error: [Return]{318b40} at example.wlk:58 exhausted all cases without a match\n    at c:\\Users\\Admin\\.vscode\\extensions\\uqbar.wollok-lsp-ide-0.5.0\\out\\server\\src\\server.js:38:6142\n    at Gh (c:\\Users\\Admin\\.vscode\\extensions\\uqbar.wollok-lsp-ide-0.5.0\\out\\server\\src\\server.js:2362:42)\n    at Kh (c:\\Users\\Admin\\.vscode\\extensions\\uqbar.wollok-lsp-ide-0.5.0\\out\\server\\src\\server.js:2362:1053)\n    at d8n (c:\\Users\\Admin\\.vscode\\extensions\\uqbar.wollok-lsp-ide-0.5.0\\out\\server\\src\\server.js:2362:1209)\n    at c:\\Users\\Admin\\.vscode\\extensions\\uqbar.wollok-lsp-ide-0.5.0\\out\\server\\src\\server.js:38:6131\n    at Gh (c:\\Users\\Admin\\.vscode\\extensions\\uqbar.wollok-lsp-ide-0.5.0\\out\\server\\src\\server.js:2362:42)\n    at c:\\Users\\Admin\\.vscode\\extensions\\uqbar.wollok-lsp-ide-0.5.0\\out\\server\\src\\server.js:2362:2949\n    at c:\\Users\\Admin\\.vscode\\extensions\\uqbar.wollok-lsp-ide-0.5.0\\out\\server\\src\\server.js:2371:8632\n    at c:\\Users\\Admin\\.vscode\\extensions\\uqbar.wollok-lsp-ide-0.5.0\\out\\server\\src\\server.js:37:74872\n    at Ye (c:\\Users\\Admin\\.vscode\\extensions\\uqbar.wollok-lsp-ide-0.5.0\\out\\server\\src\\server.js:7:8527)","timestamp":"2025-04-28T13:32:09.087Z"}
{"level":"info","message":"⌛ Validating example.wlk","timeElapsed":126,"timestamp":"2025-04-28T13:32:09.304Z"}
{"level":"info","message":"⌛ Validating example.wlk","timeElapsed":128,"timestamp":"2025-04-28T13:32:09.439Z"}
{"level":"info","message":"⌛ Validating example.wlk","timeElapsed":135,"timestamp":"2025-04-28T13:32:09.575Z"}
{"level":"info","message":"⌛ Validating example.wlk","timeElapsed":120,"timestamp":"2025-04-28T13:32:09.696Z"}
{"level":"info","message":"⌛ Validating example.wlk","timeElapsed":123,"timestamp":"2025-04-28T13:32:09.820Z"}
{"level":"info","message":"⌛ Validating example.wlk","timeElapsed":113,"timestamp":"2025-04-28T13:32:09.936Z"}
{"level":"info","message":"⌛ Building environment","timeElapsed":156,"timestamp":"2025-04-28T13:32:15.290Z"}
{"level":"info","message":"⌛ Validating example.wlk","timeElapsed":168,"timestamp":"2025-04-28T13:32:15.484Z"}
{"level":"info","message":"onRequest - completionItem/resolve","timestamp":"2025-04-28T13:32:15.485Z"}
{"level":"info","message":"⌛ Building environment","timeElapsed":163,"timestamp":"2025-04-28T13:32:15.649Z"}
{"level":"info","message":"⌛ Validating example.wlk","timeElapsed":130,"timestamp":"2025-04-28T13:32:16.076Z"}
{"level":"info","message":"⌛ Validating example.wlk","timeElapsed":138,"timestamp":"2025-04-28T13:32:16.214Z"}
{"level":"info","message":"⌛ Validating example.wlk","timeElapsed":127,"timestamp":"2025-04-28T13:32:16.340Z"}
{"level":"info","message":"⌛ Validating example.wlk","timeElapsed":133,"timestamp":"2025-04-28T13:32:16.480Z"}
{"level":"info","message":"⌛ Building environment","timeElapsed":198,"timestamp":"2025-04-28T13:32:16.679Z"}
{"level":"info","message":"⌛ Building environment","timeElapsed":106,"timestamp":"2025-04-28T13:32:16.786Z"}
{"level":"info","message":"⌛ Validating example.wlk","timeElapsed":128,"timestamp":"2025-04-28T13:32:17.002Z"}
{"level":"info","message":"⌛ Validating example.wlk","timeElapsed":136,"timestamp":"2025-04-28T13:32:17.234Z"}
{"level":"info","message":"⌛ Validating example.wlk","timeElapsed":142,"timestamp":"2025-04-28T13:32:17.377Z"}
{"level":"info","message":"⌛ Validating example.wlk","timeElapsed":123,"timestamp":"2025-04-28T13:32:17.725Z"}
{"level":"info","message":"⌛ Building environment","timeElapsed":149,"timestamp":"2025-04-28T13:32:18.164Z"}
{"level":"info","message":"⌛ Validating example.wlk","timeElapsed":130,"timestamp":"2025-04-28T13:32:18.294Z"}
{"level":"error","message":"✘ Failed to rebuild document Failed to parse example.wlk: \n-- PARSING FAILED --------------------------------------------------\n\n  66 |   }\n  67 |   method\n> 68 | }\n     | ^\n\nExpected one of the following: \n\n'!=', '!==', '%', '&&', '*', '**', '+', '-', '->', '..', '..<', '/', '<', '<<', '<<<', '<=', '<=>', '<>', '==', '===', '>', '>..', '>=', '>>', '>>>', '?:', '@', 'and', 'class', 'const', 'describe', 'invert', 'mixin', 'negate', 'object', 'only', 'or', 'package', 'plus', 'program', 'test', 'var', '{', '||', EOF, comment, identifier, not \"}\", whitespace\n","stack":"Error: Failed to parse example.wlk: \n-- PARSING FAILED --------------------------------------------------\n\n  66 |   }\n  67 |   method\n> 68 | }\n     | ^\n\nExpected one of the following: \n\n'!=', '!==', '%', '&&', '*', '**', '+', '-', '->', '..', '..<', '/', '<', '<<', '<<<', '<=', '<=>', '<>', '==', '===', '>', '>..', '>=', '>>', '>>>', '?:', '@', 'and', 'class', 'const', 'describe', 'invert', 'mixin', 'negate', 'object', 'only', 'or', 'package', 'plus', 'program', 'test', 'var', '{', '||', EOF, comment, identifier, not \"}\", whitespace\n\n    at c:\\Users\\Admin\\.vscode\\extensions\\uqbar.wollok-lsp-ide-0.5.0\\out\\server\\src\\server.js:2326:13026\n    at Array.map (<anonymous>)\n    at P1n (c:\\Users\\Admin\\.vscode\\extensions\\uqbar.wollok-lsp-ide-0.5.0\\out\\server\\src\\server.js:2326:12950)\n    at U2.buildEnvironmentFrom (c:\\Users\\Admin\\.vscode\\extensions\\uqbar.wollok-lsp-ide-0.5.0\\out\\server\\src\\server.js:2371:5255)\n    at U2.updateEnvironmentWith (c:\\Users\\Admin\\.vscode\\extensions\\uqbar.wollok-lsp-ide-0.5.0\\out\\server\\src\\server.js:2371:4990)\n    at UF (c:\\Users\\Admin\\.vscode\\extensions\\uqbar.wollok-lsp-ide-0.5.0\\out\\server\\src\\server.js:2371:7147)\n    at F3.invoke (c:\\Users\\Admin\\.vscode\\extensions\\uqbar.wollok-lsp-ide-0.5.0\\out\\server\\src\\server.js:3:157316)\n    at o.fire (c:\\Users\\Admin\\.vscode\\extensions\\uqbar.wollok-lsp-ide-0.5.0\\out\\server\\src\\server.js:3:158086)\n    at c:\\Users\\Admin\\.vscode\\extensions\\uqbar.wollok-lsp-ide-0.5.0\\out\\server\\src\\server.js:37:57871\n    at Qr (c:\\Users\\Admin\\.vscode\\extensions\\uqbar.wollok-lsp-ide-0.5.0\\out\\server\\src\\server.js:8:1561)","timestamp":"2025-04-28T13:32:18.307Z"}
{"level":"info","message":"⌛ Validating example.wlk","timeElapsed":226,"timestamp":"2025-04-28T13:32:18.534Z"}
{"level":"info","message":"onRequest - completionItem/resolve","timestamp":"2025-04-28T13:32:18.534Z"}
{"level":"info","message":"⌛ Validating example.wlk","timeElapsed":143,"timestamp":"2025-04-28T13:32:18.772Z"}
{"level":"info","message":"⌛ Validating example.wlk","timeElapsed":129,"timestamp":"2025-04-28T13:32:19.015Z"}
{"level":"info","message":"⌛ Validating example.wlk","timeElapsed":182,"timestamp":"2025-04-28T13:32:19.282Z"}
{"level":"info","message":"⌛ Building environment","timeElapsed":107,"timestamp":"2025-04-28T13:32:19.391Z"}
{"level":"info","message":"⌛ Validating example.wlk","timeElapsed":123,"timestamp":"2025-04-28T13:32:19.515Z"}
{"level":"info","message":"⌛ Validating example.wlk","timeElapsed":122,"timestamp":"2025-04-28T13:32:19.816Z"}
{"level":"info","message":"⌛ Building environment","timeElapsed":102,"timestamp":"2025-04-28T13:32:19.918Z"}
{"level":"info","message":"⌛ Validating example.wlk","timeElapsed":126,"timestamp":"2025-04-28T13:32:20.044Z"}
{"level":"info","message":"⌛ Validating example.wlk","timeElapsed":134,"timestamp":"2025-04-28T13:32:20.293Z"}
{"level":"info","message":"⌛ Validating example.wlk","timeElapsed":119,"timestamp":"2025-04-28T13:32:20.417Z"}
{"level":"info","message":"⌛ Validating example.wlk","timeElapsed":119,"timestamp":"2025-04-28T13:32:20.537Z"}
{"level":"info","message":"⌛ Validating example.wlk","timeElapsed":121,"timestamp":"2025-04-28T13:32:20.658Z"}
{"level":"info","message":"⌛ Building environment","timeElapsed":107,"timestamp":"2025-04-28T13:32:20.766Z"}
{"level":"info","message":"⌛ Validating example.wlk","timeElapsed":119,"timestamp":"2025-04-28T13:32:20.886Z"}
{"level":"info","message":"⌛ Validating example.wlk","timeElapsed":121,"timestamp":"2025-04-28T13:32:21.008Z"}
{"level":"info","message":"⌛ Validating example.wlk","timeElapsed":123,"timestamp":"2025-04-28T13:32:21.135Z"}
{"level":"info","message":"⌛ Building environment","timeElapsed":140,"timestamp":"2025-04-28T13:32:22.670Z"}
{"level":"info","message":"⌛ Validating example.wlk","timeElapsed":134,"timestamp":"2025-04-28T13:32:22.807Z"}
{"level":"info","message":"⌛ Building environment","timeElapsed":168,"timestamp":"2025-04-28T13:32:23.357Z"}
{"level":"info","message":"⌛ Validating example.wlk","timeElapsed":168,"timestamp":"2025-04-28T13:32:23.526Z"}
{"level":"info","message":"⌛ Validating example.wlk","timeElapsed":115,"timestamp":"2025-04-28T13:32:24.531Z"}
{"level":"info","message":"⌛ Building environment","timeElapsed":123,"timestamp":"2025-04-28T13:33:01.474Z"}
{"level":"info","message":"⌛ Validating example.wlk","timeElapsed":141,"timestamp":"2025-04-28T13:33:01.617Z"}
{"level":"info","message":"⌛ Building environment","timeElapsed":155,"timestamp":"2025-04-28T13:33:01.775Z"}
{"level":"info","message":"⌛ Building environment","timeElapsed":101,"timestamp":"2025-04-28T13:33:01.876Z"}
{"level":"info","message":"⌛ Validating example.wlk","timeElapsed":143,"timestamp":"2025-04-28T13:33:02.019Z"}
{"level":"info","message":"⌛ Validating example.wlk","timeElapsed":131,"timestamp":"2025-04-28T13:33:02.251Z"}
{"level":"info","message":"⌛ Validating example.wlk","timeElapsed":140,"timestamp":"2025-04-28T13:33:02.472Z"}
{"level":"info","message":"⌛ Validating example.wlk","timeElapsed":129,"timestamp":"2025-04-28T13:33:02.701Z"}
{"level":"info","message":"⌛ Validating example.wlk","timeElapsed":127,"timestamp":"2025-04-28T13:33:03.004Z"}
{"level":"info","message":"⌛ Validating example.wlk","timeElapsed":127,"timestamp":"2025-04-28T13:33:03.222Z"}
{"level":"info","message":"⌛ Validating example.wlk","timeElapsed":130,"timestamp":"2025-04-28T13:33:03.353Z"}
{"level":"info","message":"⌛ Building environment","timeElapsed":182,"timestamp":"2025-04-28T13:33:03.535Z"}
{"level":"info","message":"⌛ Validating example.wlk","timeElapsed":125,"timestamp":"2025-04-28T13:33:03.741Z"}
{"level":"info","message":"⌛ Building environment","timeElapsed":120,"timestamp":"2025-04-28T13:33:03.950Z"}
{"level":"info","message":"⌛ Validating example.wlk","timeElapsed":130,"timestamp":"2025-04-28T13:33:04.081Z"}
{"level":"info","message":"⌛ Validating example.wlk","timeElapsed":129,"timestamp":"2025-04-28T13:33:04.210Z"}
{"level":"info","message":"⌛ Validating example.wlk","timeElapsed":124,"timestamp":"2025-04-28T13:33:04.429Z"}
{"level":"info","message":"⌛ Validating example.wlk","timeElapsed":121,"timestamp":"2025-04-28T13:33:04.555Z"}
{"level":"info","message":"⌛ Validating example.wlk","timeElapsed":121,"timestamp":"2025-04-28T13:33:04.764Z"}
{"level":"info","message":"⌛ Validating example.wlk","timeElapsed":129,"timestamp":"2025-04-28T13:33:04.899Z"}
{"level":"info","message":"⌛ Validating example.wlk","timeElapsed":170,"timestamp":"2025-04-28T13:33:06.163Z"}
{"level":"info","message":"⌛ Building environment","timeElapsed":110,"timestamp":"2025-04-28T13:33:06.274Z"}
{"level":"info","message":"⌛ Validating example.wlk","timeElapsed":138,"timestamp":"2025-04-28T13:33:06.508Z"}
{"level":"info","message":"⌛ Validating example.wlk","timeElapsed":122,"timestamp":"2025-04-28T13:33:06.631Z"}
{"level":"info","message":"⌛ Validating example.wlk","timeElapsed":120,"timestamp":"2025-04-28T13:33:06.840Z"}
{"level":"info","message":"⌛ Validating example.wlk","timeElapsed":124,"timestamp":"2025-04-28T13:33:07.431Z"}
{"level":"info","message":"⌛ Validating example.wlk","timeElapsed":203,"timestamp":"2025-04-28T13:33:07.733Z"}
{"level":"info","message":"⌛ Building environment","timeElapsed":125,"timestamp":"2025-04-28T13:33:10.563Z"}
{"level":"info","message":"⌛ Validating example.wlk","timeElapsed":149,"timestamp":"2025-04-28T13:33:10.713Z"}
{"level":"info","message":"⌛ Building environment","timeElapsed":142,"timestamp":"2025-04-28T13:33:10.856Z"}
{"level":"info","message":"⌛ Validating example.wlk","timeElapsed":133,"timestamp":"2025-04-28T13:33:10.995Z"}
{"level":"info","message":"⌛ Validating example.wlk","timeElapsed":141,"timestamp":"2025-04-28T13:33:11.401Z"}
{"level":"info","message":"onRequest - completionItem/resolve","timestamp":"2025-04-28T13:33:11.402Z"}
{"level":"info","message":"⌛ Building environment","timeElapsed":113,"timestamp":"2025-04-28T13:33:11.514Z"}
{"level":"info","message":"⌛ Validating example.wlk","timeElapsed":119,"timestamp":"2025-04-28T13:33:11.658Z"}
{"level":"info","message":"⌛ Validating example.wlk","timeElapsed":114,"timestamp":"2025-04-28T13:33:12.454Z"}
{"level":"info","message":"⌛ Building environment","timeElapsed":174,"timestamp":"2025-04-28T13:33:12.668Z"}
{"level":"info","message":"⌛ Validating example.wlk","timeElapsed":252,"timestamp":"2025-04-28T13:33:12.959Z"}
{"level":"info","message":"⌛ Building environment","timeElapsed":218,"timestamp":"2025-04-28T13:33:13.191Z"}
{"level":"info","message":"onRequest - completionItem/resolve","timestamp":"2025-04-28T13:33:13.192Z"}
{"level":"info","message":"onRequest - completionItem/resolve","timestamp":"2025-04-28T13:33:13.276Z"}
{"level":"info","message":"⌛ Building environment","timeElapsed":106,"timestamp":"2025-04-28T13:33:13.382Z"}
{"level":"info","message":"onRequest - completionItem/resolve","timestamp":"2025-04-28T13:33:13.383Z"}
{"level":"info","message":"onRequest - completionItem/resolve","timestamp":"2025-04-28T13:33:13.466Z"}
{"level":"info","message":"⌛ Validating example.wlk","timeElapsed":117,"timestamp":"2025-04-28T13:33:13.583Z"}
{"level":"info","message":"⌛ Validating example.wlk","timeElapsed":119,"timestamp":"2025-04-28T13:33:13.702Z"}
{"level":"info","message":"⌛ Validating example.wlk","timeElapsed":117,"timestamp":"2025-04-28T13:33:13.910Z"}
{"level":"info","message":"⌛ Validating example.wlk","timeElapsed":114,"timestamp":"2025-04-28T13:33:14.024Z"}
{"level":"info","message":"⌛ Validating example.wlk","timeElapsed":121,"timestamp":"2025-04-28T13:33:14.151Z"}
{"level":"info","message":"⌛ Building environment","timeElapsed":166,"timestamp":"2025-04-28T13:33:24.374Z"}
{"level":"info","message":"⌛ Building environment","timeElapsed":108,"timestamp":"2025-04-28T13:33:24.514Z"}
{"level":"info","message":"⌛ Validating example.wlk","timeElapsed":179,"timestamp":"2025-04-28T13:33:24.694Z"}
{"level":"info","message":"⌛ Validating example.wlk","timeElapsed":127,"timestamp":"2025-04-28T13:33:24.918Z"}
{"level":"info","message":"⌛ Validating example.wlk","timeElapsed":123,"timestamp":"2025-04-28T13:33:25.049Z"}
{"level":"info","message":"⌛ Building environment","timeElapsed":140,"timestamp":"2025-04-28T13:33:25.513Z"}
{"level":"info","message":"⌛ Validating example.wlk","timeElapsed":120,"timestamp":"2025-04-28T13:33:25.634Z"}
{"level":"info","message":"⌛ Validating example.wlk","timeElapsed":119,"timestamp":"2025-04-28T13:33:26.016Z"}
{"level":"info","message":"⌛ Validating example.wlk","timeElapsed":121,"timestamp":"2025-04-28T13:33:26.802Z"}
{"level":"info","message":"⌛ Building environment","timeElapsed":153,"timestamp":"2025-04-28T13:33:28.678Z"}
{"level":"info","message":"⌛ Validating example.wlk","timeElapsed":138,"timestamp":"2025-04-28T13:33:28.819Z"}
{"level":"info","message":"⌛ Validating example.wlk","timeElapsed":173,"timestamp":"2025-04-28T13:33:29.457Z"}
{"level":"info","message":"⌛ Building environment","timeElapsed":102,"timestamp":"2025-04-28T13:33:29.559Z"}
{"level":"info","message":"⌛ Validating example.wlk","timeElapsed":120,"timestamp":"2025-04-28T13:33:29.682Z"}
{"level":"info","message":"⌛ Building environment","timeElapsed":128,"timestamp":"2025-04-28T13:33:31.860Z"}
{"level":"info","message":"⌛ Autocomplete - Package","timeElapsed":149,"timestamp":"2025-04-28T13:33:32.010Z"}
{"level":"info","message":"⌛ Building environment","timeElapsed":157,"timestamp":"2025-04-28T13:33:32.169Z"}
{"level":"info","message":"⌛ Validating example.wlk","timeElapsed":145,"timestamp":"2025-04-28T13:33:32.316Z"}
{"level":"info","message":"⌛ Building environment","timeElapsed":104,"timestamp":"2025-04-28T13:33:32.420Z"}
{"level":"info","message":"⌛ Validating example.wlk","timeElapsed":132,"timestamp":"2025-04-28T13:33:32.763Z"}
{"level":"info","message":"⌛ Validating example.wlk","timeElapsed":142,"timestamp":"2025-04-28T13:33:33.091Z"}
{"level":"info","message":"⌛ Validating example.wlk","timeElapsed":139,"timestamp":"2025-04-28T13:33:33.230Z"}
{"level":"info","message":"⌛ Validating example.wlk","timeElapsed":127,"timestamp":"2025-04-28T13:33:33.358Z"}
{"level":"info","message":"⌛ Building environment","timeElapsed":106,"timestamp":"2025-04-28T13:33:33.465Z"}
{"level":"info","message":"⌛ Validating example.wlk","timeElapsed":133,"timestamp":"2025-04-28T13:33:33.693Z"}
{"level":"info","message":"⌛ Validating example.wlk","timeElapsed":234,"timestamp":"2025-04-28T13:33:33.927Z"}
{"level":"info","message":"⌛ Validating example.wlk","timeElapsed":130,"timestamp":"2025-04-28T13:33:34.341Z"}
{"level":"info","message":"⌛ Validating example.wlk","timeElapsed":120,"timestamp":"2025-04-28T13:33:34.562Z"}
{"level":"info","message":"⌛ Validating example.wlk","timeElapsed":125,"timestamp":"2025-04-28T13:33:34.984Z"}
{"level":"info","message":"⌛ Validating example.wlk","timeElapsed":126,"timestamp":"2025-04-28T13:33:35.210Z"}
{"level":"info","message":"⌛ Validating example.wlk","timeElapsed":118,"timestamp":"2025-04-28T13:33:35.329Z"}
{"level":"info","message":"⌛ Building environment","timeElapsed":239,"timestamp":"2025-04-28T13:33:35.568Z"}
{"level":"info","message":"⌛ Validating example.wlk","timeElapsed":138,"timestamp":"2025-04-28T13:33:35.708Z"}
{"level":"info","message":"⌛ Validating example.wlk","timeElapsed":131,"timestamp":"2025-04-28T13:33:35.846Z"}
{"level":"info","message":"⌛ Validating example.wlk","timeElapsed":193,"timestamp":"2025-04-28T13:33:36.137Z"}
{"level":"info","message":"⌛ Building environment","timeElapsed":112,"timestamp":"2025-04-28T13:33:36.250Z"}
{"level":"info","message":"⌛ Validating example.wlk","timeElapsed":129,"timestamp":"2025-04-28T13:33:36.379Z"}
{"level":"info","message":"⌛ Validating example.wlk","timeElapsed":121,"timestamp":"2025-04-28T13:33:36.610Z"}
{"level":"info","message":"⌛ Validating example.wlk","timeElapsed":122,"timestamp":"2025-04-28T13:33:36.839Z"}
{"level":"info","message":"⌛ Building environment","timeElapsed":108,"timestamp":"2025-04-28T13:33:37.139Z"}
{"level":"info","message":"⌛ Validating example.wlk","timeElapsed":116,"timestamp":"2025-04-28T13:33:37.258Z"}
{"level":"info","message":"⌛ Validating example.wlk","timeElapsed":120,"timestamp":"2025-04-28T13:33:37.481Z"}
{"level":"info","message":"⌛ Validating example.wlk","timeElapsed":127,"timestamp":"2025-04-28T13:33:37.612Z"}
{"level":"info","message":"⌛ Validating example.wlk","timeElapsed":129,"timestamp":"2025-04-28T13:33:37.841Z"}
{"level":"info","message":"⌛ Building environment","timeElapsed":209,"timestamp":"2025-04-28T13:33:38.052Z"}
{"level":"info","message":"⌛ Validating example.wlk","timeElapsed":143,"timestamp":"2025-04-28T13:33:38.196Z"}
{"level":"info","message":"⌛ Validating example.wlk","timeElapsed":129,"timestamp":"2025-04-28T13:33:38.326Z"}
{"level":"info","message":"⌛ Validating example.wlk","timeElapsed":120,"timestamp":"2025-04-28T13:33:38.447Z"}
{"level":"info","message":"⌛ Validating example.wlk","timeElapsed":116,"timestamp":"2025-04-28T13:33:38.663Z"}
{"level":"info","message":"⌛ Validating example.wlk","timeElapsed":116,"timestamp":"2025-04-28T13:33:38.965Z"}
{"level":"info","message":"⌛ Validating example.wlk","timeElapsed":116,"timestamp":"2025-04-28T13:33:39.261Z"}
{"level":"info","message":"⌛ Validating example.wlk","timeElapsed":131,"timestamp":"2025-04-28T13:33:39.396Z"}
{"level":"info","message":"⌛ Validating example.wlk","timeElapsed":135,"timestamp":"2025-04-28T13:33:39.532Z"}
{"level":"info","message":"⌛ Validating example.wlk","timeElapsed":142,"timestamp":"2025-04-28T13:33:39.773Z"}
{"level":"info","message":"⌛ Validating example.wlk","timeElapsed":118,"timestamp":"2025-04-28T13:33:39.896Z"}
{"level":"info","message":"⌛ Validating example.wlk","timeElapsed":132,"timestamp":"2025-04-28T13:33:40.029Z"}
{"level":"error","message":"✘ Failed to rebuild document Failed to parse example.wlk: \n-- PARSING FAILED --------------------------------------------------\n\n  72 |   var credito = 0\n  73 |   m\n> 74 | }\n     | ^\n\nExpected one of the following: \n\n'@', 'class', 'const', 'describe', 'mixin', 'object', 'only', 'package', 'program', 'test', 'var', '{', EOF, comment, not \"}\", whitespace\n","stack":"Error: Failed to parse example.wlk: \n-- PARSING FAILED --------------------------------------------------\n\n  72 |   var credito = 0\n  73 |   m\n> 74 | }\n     | ^\n\nExpected one of the following: \n\n'@', 'class', 'const', 'describe', 'mixin', 'object', 'only', 'package', 'program', 'test', 'var', '{', EOF, comment, not \"}\", whitespace\n\n    at c:\\Users\\Admin\\.vscode\\extensions\\uqbar.wollok-lsp-ide-0.5.0\\out\\server\\src\\server.js:2326:13026\n    at Array.map (<anonymous>)\n    at P1n (c:\\Users\\Admin\\.vscode\\extensions\\uqbar.wollok-lsp-ide-0.5.0\\out\\server\\src\\server.js:2326:12950)\n    at U2.buildEnvironmentFrom (c:\\Users\\Admin\\.vscode\\extensions\\uqbar.wollok-lsp-ide-0.5.0\\out\\server\\src\\server.js:2371:5255)\n    at U2.updateEnvironmentWith (c:\\Users\\Admin\\.vscode\\extensions\\uqbar.wollok-lsp-ide-0.5.0\\out\\server\\src\\server.js:2371:4990)\n    at UF (c:\\Users\\Admin\\.vscode\\extensions\\uqbar.wollok-lsp-ide-0.5.0\\out\\server\\src\\server.js:2371:7147)\n    at F3.invoke (c:\\Users\\Admin\\.vscode\\extensions\\uqbar.wollok-lsp-ide-0.5.0\\out\\server\\src\\server.js:3:157316)\n    at o.fire (c:\\Users\\Admin\\.vscode\\extensions\\uqbar.wollok-lsp-ide-0.5.0\\out\\server\\src\\server.js:3:158086)\n    at c:\\Users\\Admin\\.vscode\\extensions\\uqbar.wollok-lsp-ide-0.5.0\\out\\server\\src\\server.js:37:57871\n    at Qr (c:\\Users\\Admin\\.vscode\\extensions\\uqbar.wollok-lsp-ide-0.5.0\\out\\server\\src\\server.js:8:1561)","timestamp":"2025-04-28T13:33:40.054Z"}
{"level":"error","message":"✘ Failed to rebuild document Failed to parse example.wlk: \n-- PARSING FAILED --------------------------------------------------\n\n  72 |   var credito = 0\n  73 |   me\n> 74 | }\n     | ^\n\nExpected one of the following: \n\n'@', 'class', 'const', 'describe', 'mixin', 'object', 'only', 'package', 'program', 'test', 'var', '{', EOF, comment, not \"}\", whitespace\n","stack":"Error: Failed to parse example.wlk: \n-- PARSING FAILED --------------------------------------------------\n\n  72 |   var credito = 0\n  73 |   me\n> 74 | }\n     | ^\n\nExpected one of the following: \n\n'@', 'class', 'const', 'describe', 'mixin', 'object', 'only', 'package', 'program', 'test', 'var', '{', EOF, comment, not \"}\", whitespace\n\n    at c:\\Users\\Admin\\.vscode\\extensions\\uqbar.wollok-lsp-ide-0.5.0\\out\\server\\src\\server.js:2326:13026\n    at Array.map (<anonymous>)\n    at P1n (c:\\Users\\Admin\\.vscode\\extensions\\uqbar.wollok-lsp-ide-0.5.0\\out\\server\\src\\server.js:2326:12950)\n    at U2.buildEnvironmentFrom (c:\\Users\\Admin\\.vscode\\extensions\\uqbar.wollok-lsp-ide-0.5.0\\out\\server\\src\\server.js:2371:5255)\n    at U2.updateEnvironmentWith (c:\\Users\\Admin\\.vscode\\extensions\\uqbar.wollok-lsp-ide-0.5.0\\out\\server\\src\\server.js:2371:4990)\n    at UF (c:\\Users\\Admin\\.vscode\\extensions\\uqbar.wollok-lsp-ide-0.5.0\\out\\server\\src\\server.js:2371:7147)\n    at F3.invoke (c:\\Users\\Admin\\.vscode\\extensions\\uqbar.wollok-lsp-ide-0.5.0\\out\\server\\src\\server.js:3:157316)\n    at o.fire (c:\\Users\\Admin\\.vscode\\extensions\\uqbar.wollok-lsp-ide-0.5.0\\out\\server\\src\\server.js:3:158086)\n    at c:\\Users\\Admin\\.vscode\\extensions\\uqbar.wollok-lsp-ide-0.5.0\\out\\server\\src\\server.js:37:57871\n    at Qr (c:\\Users\\Admin\\.vscode\\extensions\\uqbar.wollok-lsp-ide-0.5.0\\out\\server\\src\\server.js:8:1561)","timestamp":"2025-04-28T13:33:40.097Z"}
{"level":"error","message":"✘ Failed to rebuild document Failed to parse example.wlk: \n-- PARSING FAILED --------------------------------------------------\n\n  72 |   var credito = 0\n  73 |   met\n> 74 | }\n     | ^\n\nExpected one of the following: \n\n'@', 'class', 'const', 'describe', 'mixin', 'object', 'only', 'package', 'program', 'test', 'var', '{', EOF, comment, not \"}\", whitespace\n","stack":"Error: Failed to parse example.wlk: \n-- PARSING FAILED --------------------------------------------------\n\n  72 |   var credito = 0\n  73 |   met\n> 74 | }\n     | ^\n\nExpected one of the following: \n\n'@', 'class', 'const', 'describe', 'mixin', 'object', 'only', 'package', 'program', 'test', 'var', '{', EOF, comment, not \"}\", whitespace\n\n    at c:\\Users\\Admin\\.vscode\\extensions\\uqbar.wollok-lsp-ide-0.5.0\\out\\server\\src\\server.js:2326:13026\n    at Array.map (<anonymous>)\n    at P1n (c:\\Users\\Admin\\.vscode\\extensions\\uqbar.wollok-lsp-ide-0.5.0\\out\\server\\src\\server.js:2326:12950)\n    at U2.buildEnvironmentFrom (c:\\Users\\Admin\\.vscode\\extensions\\uqbar.wollok-lsp-ide-0.5.0\\out\\server\\src\\server.js:2371:5255)\n    at U2.updateEnvironmentWith (c:\\Users\\Admin\\.vscode\\extensions\\uqbar.wollok-lsp-ide-0.5.0\\out\\server\\src\\server.js:2371:4990)\n    at UF (c:\\Users\\Admin\\.vscode\\extensions\\uqbar.wollok-lsp-ide-0.5.0\\out\\server\\src\\server.js:2371:7147)\n    at F3.invoke (c:\\Users\\Admin\\.vscode\\extensions\\uqbar.wollok-lsp-ide-0.5.0\\out\\server\\src\\server.js:3:157316)\n    at o.fire (c:\\Users\\Admin\\.vscode\\extensions\\uqbar.wollok-lsp-ide-0.5.0\\out\\server\\src\\server.js:3:158086)\n    at c:\\Users\\Admin\\.vscode\\extensions\\uqbar.wollok-lsp-ide-0.5.0\\out\\server\\src\\server.js:37:57871\n    at Qr (c:\\Users\\Admin\\.vscode\\extensions\\uqbar.wollok-lsp-ide-0.5.0\\out\\server\\src\\server.js:8:1561)","timestamp":"2025-04-28T13:33:40.111Z"}
{"level":"error","message":"✘ Failed to rebuild document Failed to parse example.wlk: \n-- PARSING FAILED --------------------------------------------------\n\n  72 |   var credito = 0\n  73 |   meth\n> 74 | }\n     | ^\n\nExpected one of the following: \n\n'@', 'class', 'const', 'describe', 'mixin', 'object', 'only', 'package', 'program', 'test', 'var', '{', EOF, comment, not \"}\", whitespace\n","stack":"Error: Failed to parse example.wlk: \n-- PARSING FAILED --------------------------------------------------\n\n  72 |   var credito = 0\n  73 |   meth\n> 74 | }\n     | ^\n\nExpected one of the following: \n\n'@', 'class', 'const', 'describe', 'mixin', 'object', 'only', 'package', 'program', 'test', 'var', '{', EOF, comment, not \"}\", whitespace\n\n    at c:\\Users\\Admin\\.vscode\\extensions\\uqbar.wollok-lsp-ide-0.5.0\\out\\server\\src\\server.js:2326:13026\n    at Array.map (<anonymous>)\n    at P1n (c:\\Users\\Admin\\.vscode\\extensions\\uqbar.wollok-lsp-ide-0.5.0\\out\\server\\src\\server.js:2326:12950)\n    at U2.buildEnvironmentFrom (c:\\Users\\Admin\\.vscode\\extensions\\uqbar.wollok-lsp-ide-0.5.0\\out\\server\\src\\server.js:2371:5255)\n    at U2.updateEnvironmentWith (c:\\Users\\Admin\\.vscode\\extensions\\uqbar.wollok-lsp-ide-0.5.0\\out\\server\\src\\server.js:2371:4990)\n    at UF (c:\\Users\\Admin\\.vscode\\extensions\\uqbar.wollok-lsp-ide-0.5.0\\out\\server\\src\\server.js:2371:7147)\n    at F3.invoke (c:\\Users\\Admin\\.vscode\\extensions\\uqbar.wollok-lsp-ide-0.5.0\\out\\server\\src\\server.js:3:157316)\n    at o.fire (c:\\Users\\Admin\\.vscode\\extensions\\uqbar.wollok-lsp-ide-0.5.0\\out\\server\\src\\server.js:3:158086)\n    at c:\\Users\\Admin\\.vscode\\extensions\\uqbar.wollok-lsp-ide-0.5.0\\out\\server\\src\\server.js:37:57871\n    at Qr (c:\\Users\\Admin\\.vscode\\extensions\\uqbar.wollok-lsp-ide-0.5.0\\out\\server\\src\\server.js:8:1561)","timestamp":"2025-04-28T13:33:40.127Z"}
{"level":"info","message":"⌛ Validating example.wlk","timeElapsed":213,"timestamp":"2025-04-28T13:33:40.341Z"}
{"level":"error","message":"✘ Failed to rebuild document Failed to parse example.wlk: \n-- PARSING FAILED --------------------------------------------------\n\n  72 |   var credito = 0\n  73 |   metho\n> 74 | }\n     | ^\n\nExpected one of the following: \n\n'@', 'class', 'const', 'describe', 'mixin', 'object', 'only', 'package', 'program', 'test', 'var', '{', EOF, comment, not \"}\", whitespace\n","stack":"Error: Failed to parse example.wlk: \n-- PARSING FAILED --------------------------------------------------\n\n  72 |   var credito = 0\n  73 |   metho\n> 74 | }\n     | ^\n\nExpected one of the following: \n\n'@', 'class', 'const', 'describe', 'mixin', 'object', 'only', 'package', 'program', 'test', 'var', '{', EOF, comment, not \"}\", whitespace\n\n    at c:\\Users\\Admin\\.vscode\\extensions\\uqbar.wollok-lsp-ide-0.5.0\\out\\server\\src\\server.js:2326:13026\n    at Array.map (<anonymous>)\n    at P1n (c:\\Users\\Admin\\.vscode\\extensions\\uqbar.wollok-lsp-ide-0.5.0\\out\\server\\src\\server.js:2326:12950)\n    at U2.buildEnvironmentFrom (c:\\Users\\Admin\\.vscode\\extensions\\uqbar.wollok-lsp-ide-0.5.0\\out\\server\\src\\server.js:2371:5255)\n    at U2.updateEnvironmentWith (c:\\Users\\Admin\\.vscode\\extensions\\uqbar.wollok-lsp-ide-0.5.0\\out\\server\\src\\server.js:2371:4990)\n    at UF (c:\\Users\\Admin\\.vscode\\extensions\\uqbar.wollok-lsp-ide-0.5.0\\out\\server\\src\\server.js:2371:7147)\n    at F3.invoke (c:\\Users\\Admin\\.vscode\\extensions\\uqbar.wollok-lsp-ide-0.5.0\\out\\server\\src\\server.js:3:157316)\n    at o.fire (c:\\Users\\Admin\\.vscode\\extensions\\uqbar.wollok-lsp-ide-0.5.0\\out\\server\\src\\server.js:3:158086)\n    at c:\\Users\\Admin\\.vscode\\extensions\\uqbar.wollok-lsp-ide-0.5.0\\out\\server\\src\\server.js:37:57871\n    at Qr (c:\\Users\\Admin\\.vscode\\extensions\\uqbar.wollok-lsp-ide-0.5.0\\out\\server\\src\\server.js:8:1561)","timestamp":"2025-04-28T13:33:40.357Z"}
{"level":"error","message":"✘ Failed to rebuild document Failed to parse example.wlk: \n-- PARSING FAILED --------------------------------------------------\n\n  74 |     return credito\n  75 |   }\n> 76 | }\n     | ^\n\nExpected one of the following: \n\n'@', 'class', 'const', 'describe', 'mixin', 'object', 'only', 'package', 'program', 'test', 'var', '{', EOF, comment, not \"}\", whitespace\n","stack":"Error: Failed to parse example.wlk: \n-- PARSING FAILED --------------------------------------------------\n\n  74 |     return credito\n  75 |   }\n> 76 | }\n     | ^\n\nExpected one of the following: \n\n'@', 'class', 'const', 'describe', 'mixin', 'object', 'only', 'package', 'program', 'test', 'var', '{', EOF, comment, not \"}\", whitespace\n\n    at c:\\Users\\Admin\\.vscode\\extensions\\uqbar.wollok-lsp-ide-0.5.0\\out\\server\\src\\server.js:2326:13026\n    at Array.map (<anonymous>)\n    at P1n (c:\\Users\\Admin\\.vscode\\extensions\\uqbar.wollok-lsp-ide-0.5.0\\out\\server\\src\\server.js:2326:12950)\n    at U2.buildEnvironmentFrom (c:\\Users\\Admin\\.vscode\\extensions\\uqbar.wollok-lsp-ide-0.5.0\\out\\server\\src\\server.js:2371:5255)\n    at U2.updateEnvironmentWith (c:\\Users\\Admin\\.vscode\\extensions\\uqbar.wollok-lsp-ide-0.5.0\\out\\server\\src\\server.js:2371:4990)\n    at UF (c:\\Users\\Admin\\.vscode\\extensions\\uqbar.wollok-lsp-ide-0.5.0\\out\\server\\src\\server.js:2371:7147)\n    at F3.invoke (c:\\Users\\Admin\\.vscode\\extensions\\uqbar.wollok-lsp-ide-0.5.0\\out\\server\\src\\server.js:3:157316)\n    at o.fire (c:\\Users\\Admin\\.vscode\\extensions\\uqbar.wollok-lsp-ide-0.5.0\\out\\server\\src\\server.js:3:158086)\n    at c:\\Users\\Admin\\.vscode\\extensions\\uqbar.wollok-lsp-ide-0.5.0\\out\\server\\src\\server.js:37:57871\n    at Qr (c:\\Users\\Admin\\.vscode\\extensions\\uqbar.wollok-lsp-ide-0.5.0\\out\\server\\src\\server.js:8:1561)","timestamp":"2025-04-28T13:33:40.372Z"}
{"level":"error","message":"✘ Failed to rebuild document Failed to parse example.wlk: \n-- PARSING FAILED --------------------------------------------------\n\n  77 |     credito = unCredito\n  78 |   }\n> 79 | }\n     | ^\n\nExpected one of the following: \n\n'@', 'class', 'const', 'describe', 'mixin', 'object', 'only', 'package', 'program', 'test', 'var', '{', EOF, comment, not \"}\", whitespace\n","stack":"Error: Failed to parse example.wlk: \n-- PARSING FAILED --------------------------------------------------\n\n  77 |     credito = unCredito\n  78 |   }\n> 79 | }\n     | ^\n\nExpected one of the following: \n\n'@', 'class', 'const', 'describe', 'mixin', 'object', 'only', 'package', 'program', 'test', 'var', '{', EOF, comment, not \"}\", whitespace\n\n    at c:\\Users\\Admin\\.vscode\\extensions\\uqbar.wollok-lsp-ide-0.5.0\\out\\server\\src\\server.js:2326:13026\n    at Array.map (<anonymous>)\n    at P1n (c:\\Users\\Admin\\.vscode\\extensions\\uqbar.wollok-lsp-ide-0.5.0\\out\\server\\src\\server.js:2326:12950)\n    at U2.buildEnvironmentFrom (c:\\Users\\Admin\\.vscode\\extensions\\uqbar.wollok-lsp-ide-0.5.0\\out\\server\\src\\server.js:2371:5255)\n    at U2.updateEnvironmentWith (c:\\Users\\Admin\\.vscode\\extensions\\uqbar.wollok-lsp-ide-0.5.0\\out\\server\\src\\server.js:2371:4990)\n    at UF (c:\\Users\\Admin\\.vscode\\extensions\\uqbar.wollok-lsp-ide-0.5.0\\out\\server\\src\\server.js:2371:7147)\n    at F3.invoke (c:\\Users\\Admin\\.vscode\\extensions\\uqbar.wollok-lsp-ide-0.5.0\\out\\server\\src\\server.js:3:157316)\n    at o.fire (c:\\Users\\Admin\\.vscode\\extensions\\uqbar.wollok-lsp-ide-0.5.0\\out\\server\\src\\server.js:3:158086)\n    at c:\\Users\\Admin\\.vscode\\extensions\\uqbar.wollok-lsp-ide-0.5.0\\out\\server\\src\\server.js:37:57871\n    at Qr (c:\\Users\\Admin\\.vscode\\extensions\\uqbar.wollok-lsp-ide-0.5.0\\out\\server\\src\\server.js:8:1561)","timestamp":"2025-04-28T13:33:41.672Z"}
{"level":"error","message":"✘ Failed to rebuild document Failed to parse example.wlk: \n-- PARSING FAILED --------------------------------------------------\n\n  78 |   }\n  79 |   \n> 80 | }\n     | ^\n\nExpected one of the following: \n\n'@', 'class', 'const', 'describe', 'mixin', 'object', 'only', 'package', 'program', 'test', 'var', '{', EOF, comment, not \"}\", whitespace\n","stack":"Error: Failed to parse example.wlk: \n-- PARSING FAILED --------------------------------------------------\n\n  78 |   }\n  79 |   \n> 80 | }\n     | ^\n\nExpected one of the following: \n\n'@', 'class', 'const', 'describe', 'mixin', 'object', 'only', 'package', 'program', 'test', 'var', '{', EOF, comment, not \"}\", whitespace\n\n    at c:\\Users\\Admin\\.vscode\\extensions\\uqbar.wollok-lsp-ide-0.5.0\\out\\server\\src\\server.js:2326:13026\n    at Array.map (<anonymous>)\n    at P1n (c:\\Users\\Admin\\.vscode\\extensions\\uqbar.wollok-lsp-ide-0.5.0\\out\\server\\src\\server.js:2326:12950)\n    at U2.buildEnvironmentFrom (c:\\Users\\Admin\\.vscode\\extensions\\uqbar.wollok-lsp-ide-0.5.0\\out\\server\\src\\server.js:2371:5255)\n    at U2.updateEnvironmentWith (c:\\Users\\Admin\\.vscode\\extensions\\uqbar.wollok-lsp-ide-0.5.0\\out\\server\\src\\server.js:2371:4990)\n    at UF (c:\\Users\\Admin\\.vscode\\extensions\\uqbar.wollok-lsp-ide-0.5.0\\out\\server\\src\\server.js:2371:7147)\n    at F3.invoke (c:\\Users\\Admin\\.vscode\\extensions\\uqbar.wollok-lsp-ide-0.5.0\\out\\server\\src\\server.js:3:157316)\n    at o.fire (c:\\Users\\Admin\\.vscode\\extensions\\uqbar.wollok-lsp-ide-0.5.0\\out\\server\\src\\server.js:3:158086)\n    at c:\\Users\\Admin\\.vscode\\extensions\\uqbar.wollok-lsp-ide-0.5.0\\out\\server\\src\\server.js:37:57871\n    at Qr (c:\\Users\\Admin\\.vscode\\extensions\\uqbar.wollok-lsp-ide-0.5.0\\out\\server\\src\\server.js:8:1561)","timestamp":"2025-04-28T13:33:43.251Z"}
{"level":"error","message":"✘ Failed to get type description: Error: Failed to print, found malformed node Failed to print, found malformed node","node":{"fileName":"example.wlk","id":"27888a7d-86b0-4734-be2b-288d2dd31087","imports":[],"members":[{"id":"14ac6662-552b-4527-bdbc-d62fbf895a34","members":[{"body":{"id":"b9699d37-a937-46b4-aca6-41f86d8c9e10","metadata":[],"problems":[],"scope":{"containerScope":{"containerScope":{"containerScope":{"containerScope":{"contributions":{},"includedScopes":[]},"contributions":{},"includedScopes":[]},"contributions":{},"includedScopes":[{"containerScope":{"containerScope":{"containerScope":{"contributions":{},"includedScopes":[]},"contributions":{},"includedScopes":[]},"contributions":{},"includedScopes":[]},"contributions":{},"includedScopes":[]}]},"contributions":{},"includedScopes":[]},"contributions":{},"includedScopes":[]},"sentences":[{"id":"2f13d942-8432-4157-a74d-1a2e69f65e73","metadata":[{"args":{"position":"start","text":"// Verifica si el paquete ha sido entregado"},"name":"comment"}],"scope":{"containerScope":{"containerScope":{"containerScope":{"containerScope":{"containerScope":{"contributions":{},"includedScopes":[]},"contributions":{},"includedScopes":[]},"contributions":{},"includedScopes":[{"containerScope":{"containerScope":{"containerScope":{"contributions":{},"includedScopes":[]},"contributions":{},"includedScopes":[]},"contributions":{},"includedScopes":[]},"contributions":{},"includedScopes":[]}]},"contributions":{},"includedScopes":[]},"contributions":{},"includedScopes":[]},"contributions":{},"includedScopes":[]},"sourceMap":{"end":{"column":16,"line":4,"offset":107},"start":{"column":5,"line":4,"offset":96}},"value":{"id":"fd81f8c8-6f6e-48b6-b8f5-c0887390b179","metadata":[],"scope":{"containerScope":{"containerScope":{"containerScope":{"containerScope":{"containerScope":{"containerScope":{"contributions":{},"includedScopes":[]},"contributions":{},"includedScopes":[]},"contributions":{},"includedScopes":[{"containerScope":{"containerScope":{"containerScope":{"contributions":{},"includedScopes":[]},"contributions":{},"includedScopes":[]},"contributions":{},"includedScopes":[]},"contributions":{},"includedScopes":[]}]},"contributions":{},"includedScopes":[]},"contributions":{},"includedScopes":[]},"contributions":{},"includedScopes":[]},"contributions":{},"includedScopes":[]},"sourceMap":{"end":{"column":16,"line":4,"offset":107},"start":{"column":12,"line":4,"offset":103}},"value":true}}],"sourceMap":{"end":{"column":4,"line":5,"offset":112},"start":{"column":26,"line":2,"offset":42}}},"compiled":false,"id":"21510f40-9b7d-47a3-af0b-e70352f8c24d","isOverride":false,"metadata":[],"name":"estaEntregado","parameters":[],"problems":[],"scope":{"containerScope":{"containerScope":{"containerScope":{"contributions":{},"includedScopes":[]},"contributions":{},"includedScopes":[]},"contributions":{},"includedScopes":[{"containerScope":{"containerScope":{"containerScope":{"contributions":{},"includedScopes":[]},"contributions":{},"includedScopes":[]},"contributions":{},"includedScopes":[]},"contributions":{},"includedScopes":[]}]},"contributions":{},"includedScopes":[]},"sourceMap":{"end":{"column":4,"line":5,"offset":112},"start":{"column":3,"line":2,"offset":19}}},{"body":{"id":"2982957b-a4f7-466c-a653-558613c95ef5","metadata":[],"problems":[],"scope":{"containerScope":{"containerScope":{"containerScope":{"containerScope":{"contributions":{},"includedScopes":[]},"contributions":{},"includedScopes":[]},"contributions":{},"includedScopes":[{"containerScope":{"containerScope":{"containerScope":{"contributions":{},"includedScopes":[]},"contributions":{},"includedScopes":[]},"contributions":{},"includedScopes":[]},"contributions":{},"includedScopes":[]}]},"contributions":{},"includedScopes":[]},"contributions":{},"includedScopes":[]},"sentences":[{"id":"50579409-e280-4154-900c-ee670d495058","metadata":[{"args":{"position":"start","text":"// Verifica si el paquete ha sido pagado"},"name":"comment"}],"scope":{"containerScope":{"containerScope":{"containerScope":{"containerScope":{"containerScope":{"contributions":{},"includedScopes":[]},"contributions":{},"includedScopes":[]},"contributions":{},"includedScopes":[{"containerScope":{"containerScope":{"containerScope":{"contributions":{},"includedScopes":[]},"contributions":{},"includedScopes":[]},"contributions":{},"includedScopes":[]},"contributions":{},"includedScopes":[]}]},"contributions":{},"includedScopes":[]},"contributions":{},"includedScopes":[]},"contributions":{},"includedScopes":[]},"sourceMap":{"end":{"column":16,"line":8,"offset":194},"start":{"column":5,"line":8,"offset":183}},"value":{"id":"574606fc-b70c-45c5-acc3-73d95d2b8e3f","metadata":[],"scope":{"containerScope":{"containerScope":{"containerScope":{"containerScope":{"containerScope":{"containerScope":{"contributions":{},"includedScopes":[]},"contributions":{},"includedScopes":[]},"contributions":{},"includedScopes":[{"containerScope":{"containerScope":{"containerScope":{"contributions":{},"includedScopes":[]},"contributions":{},"includedScopes":[]},"contributions":{},"includedScopes":[]},"contributions":{},"includedScopes":[]}]},"contributions":{},"includedScopes":[]},"contributions":{},"includedScopes":[]},"contributions":{},"includedScopes":[]},"contributions":{},"includedScopes":[]},"sourceMap":{"end":{"column":16,"line":8,"offset":194},"start":{"column":12,"line":8,"offset":190}},"value":true}}],"sourceMap":{"end":{"column":4,"line":9,"offset":199},"start":{"column":20,"line":6,"offset":132}}},"compiled":false,"id":"ae93fec0-9344-4d6f-b16c-fa8cf4360135","isOverride":false,"metadata":[],"name":"estaPago","parameters":[],"problems":[],"scope":{"containerScope":{"containerScope":{"containerScope":{"contributions":{},"includedScopes":[]},"contributions":{},"includedScopes":[]},"contributions":{},"includedScopes":[{"containerScope":{"containerScope":{"containerScope":{"contributions":{},"includedScopes":[]},"contributions":{},"includedScopes":[]},"contributions":{},"includedScopes":[]},"contributions":{},"includedScopes":[]}]},"contributions":{},"includedScopes":[]},"sourceMap":{"end":{"column":4,"line":9,"offset":199},"start":{"column":3,"line":6,"offset":115}}},{"body":{"id":"f2984fd7-7c14-4bae-9c4d-2fd8323f52ab","metadata":[],"problems":[],"scope":{"containerScope":{"containerScope":{"containerScope":{"containerScope":{"contributions":{},"includedScopes":[]},"contributions":{},"includedScopes":[]},"contributions":{},"includedScopes":[{"containerScope":{"containerScope":{"containerScope":{"contributions":{},"includedScopes":[]},"contributions":{},"includedScopes":[]},"contributions":{},"includedScopes":[]},"contributions":{},"includedScopes":[]}]},"contributions":{},"includedScopes":[]},"contributions":{},"includedScopes":[]},"sentences":[{"id":"dc5559f7-9acc-4430-bdbf-da21fa0d9bd7","metadata":[],"scope":{"containerScope":{"containerScope":{"containerScope":{"containerScope":{"containerScope":{"contributions":{},"includedScopes":[]},"contributions":{},"includedScopes":[]},"contributions":{},"includedScopes":[{"containerScope":{"containerScope":{"containerScope":{"contributions":{},"includedScopes":[]},"contributions":{},"includedScopes":[]},"contributions":{},"includedScopes":[]},"contributions":{},"includedScopes":[]}]},"contributions":{},"includedScopes":[]},"contributions":{},"includedScopes":[]},"contributions":{},"includedScopes":[]},"sourceMap":{"end":{"column":23,"line":11,"offset":256},"start":{"column":5,"line":11,"offset":238}},"value":{"id":"2d2a7cb7-a9d0-499c-a3f0-d5263d37c205","metadata":[],"name":"unMensajero","scope":{"containerScope":{"containerScope":{"containerScope":{"containerScope":{"containerScope":{"containerScope":{"contributions":{},"includedScopes":[]},"contributions":{},"includedScopes":[]},"contributions":{},"includedScopes":[{"containerScope":{"containerScope":{"containerScope":{"contributions":{},"includedScopes":[]},"contributions":{},"includedScopes":[]},"contributions":{},"includedScopes":[]},"contributions":{},"includedScopes":[]}]},"contributions":{},"includedScopes":[]},"contributions":{},"includedScopes":[]},"contributions":{},"includedScopes":[]},"contributions":{},"includedScopes":[]},"sourceMap":{"end":{"column":23,"line":11,"offset":256},"start":{"column":12,"line":11,"offset":245}}}}],"sourceMap":{"end":{"column":4,"line":12,"offset":260},"start":{"column":33,"line":10,"offset":232}}},"compiled":false,"id":"da04d2fd-0fd6-46c2-a0f9-a3c61a4c500a","isOverride":false,"metadata":[],"name":"mensajero","parameters":[{"id":"68188871-55ba-4d11-acb2-95ff83a9b84c","isVarArg":false,"metadata":[],"name":"unMensajero","scope":{"containerScope":{"containerScope":{"containerScope":{"containerScope":{"contributions":{},"includedScopes":[]},"contributions":{},"includedScopes":[]},"contributions":{},"includedScopes":[{"containerScope":{"containerScope":{"containerScope":{"contributions":{},"includedScopes":[]},"contributions":{},"includedScopes":[]},"contributions":{},"includedScopes":[]},"contributions":{},"includedScopes":[]}]},"contributions":{},"includedScopes":[]},"contributions":{},"includedScopes":[]},"sourceMap":{"end":{"column":31,"line":10,"offset":230},"start":{"column":20,"line":10,"offset":219}}}],"problems":[],"scope":{"containerScope":{"containerScope":{"containerScope":{"contributions":{},"includedScopes":[]},"contributions":{},"includedScopes":[]},"contributions":{},"includedScopes":[{"containerScope":{"containerScope":{"containerScope":{"contributions":{},"includedScopes":[]},"contributions":{},"includedScopes":[]},"contributions":{},"includedScopes":[]},"contributions":{},"includedScopes":[]}]},"contributions":{},"includedScopes":[]},"sourceMap":{"end":{"column":4,"line":12,"offset":260},"start":{"column":3,"line":10,"offset":202}}},{"body":{"id":"d19e3fb4-eab0-455f-a089-93924b22e43e","metadata":[],"problems":[],"scope":{"containerScope":{"containerScope":{"containerScope":{"containerScope":{"contributions":{},"includedScopes":[]},"contributions":{},"includedScopes":[]},"contributions":{},"includedScopes":[{"containerScope":{"containerScope":{"containerScope":{"contributions":{},"includedScopes":[]},"contributions":{},"includedScopes":[]},"contributions":{},"includedScopes":[]},"contributions":{},"includedScopes":[]}]},"contributions":{},"includedScopes":[]},"contributions":{},"includedScopes":[]},"sentences":[{"id":"acb31cfb-88b9-4500-a42c-85d531640592","metadata":[],"scope":{"containerScope":{"containerScope":{"containerScope":{"containerScope":{"containerScope":{"contributions":{},"includedScopes":[]},"contributions":{},"includedScopes":[]},"contributions":{},"includedScopes":[{"containerScope":{"containerScope":{"containerScope":{"contributions":{},"includedScopes":[]},"contributions":{},"includedScopes":[]},"contributions":{},"includedScopes":[]},"contributions":{},"includedScopes":[]}]},"contributions":{},"includedScopes":[]},"contributions":{},"includedScopes":[]},"contributions":{},"includedScopes":[]},"sourceMap":{"end":{"column":39,"line":14,"offset":349},"start":{"column":5,"line":14,"offset":315}},"value":{"args":[],"id":"cf7aa7c2-dc52-4a67-9a1e-91bd770bbb49","message":"metodoDeEnvio","metadata":[],"receiver":{"id":"016a9014-f06b-48dc-b99c-6a74b6729fd8","metadata":[],"name":"unMensajero","scope":{"containerScope":{"containerScope":{"containerScope":{"containerScope":{"containerScope":{"containerScope":{"containerScope":{"contributions":{},"includedScopes":[]},"contributions":{},"includedScopes":[]},"contributions":{},"includedScopes":[{"containerScope":{"containerScope":{"containerScope":{"contributions":{},"includedScopes":[]},"contributions":{},"includedScopes":[]},"contributions":{},"includedScopes":[]},"contributions":{},"includedScopes":[]}]},"contributions":{},"includedScopes":[]},"contributions":{},"includedScopes":[]},"contributions":{},"includedScopes":[]},"contributions":{},"includedScopes":[]},"contributions":{},"includedScopes":[]},"sourceMap":{"end":{"column":23,"line":14,"offset":333},"start":{"column":12,"line":14,"offset":322}}},"scope":{"containerScope":{"containerScope":{"containerScope":{"containerScope":{"containerScope":{"containerScope":{"contributions":{},"includedScopes":[]},"contributions":{},"includedScopes":[]},"contributions":{},"includedScopes":[{"containerScope":{"containerScope":{"containerScope":{"contributions":{},"includedScopes":[]},"contributions":{},"includedScopes":[]},"contributions":{},"includedScopes":[]},"contributions":{},"includedScopes":[]}]},"contributions":{},"includedScopes":[]},"contributions":{},"includedScopes":[]},"contributions":{},"includedScopes":[]},"contributions":{},"includedScopes":[]},"sourceMap":{"end":{"column":39,"line":14,"offset":349},"start":{"column":12,"line":14,"offset":322}}}}],"sourceMap":{"end":{"column":4,"line":15,"offset":353},"start":{"column":49,"line":13,"offset":309}}},"compiled":false,"id":"614a2e17-cfd8-4e08-8054-f59fa656b5da","isOverride":false,"metadata":[],"name":"metodoDeEnvioDelMensajero","parameters":[{"id":"52595a80-13ce-4515-870a-4166df368a5e","isVarArg":false,"metadata":[],"name":"unMensajero","scope":{"containerScope":{"containerScope":{"containerScope":{"containerScope":{"contributions":{},"includedScopes":[]},"contributions":{},"includedScopes":[]},"contributions":{},"includedScopes":[{"containerScope":{"containerScope":{"containerScope":{"contributions":{},"includedScopes":[]},"contributions":{},"includedScopes":[]},"contributions":{},"includedScopes":[]},"contributions":{},"includedScopes":[]}]},"contributions":{},"includedScopes":[]},"contributions":{},"includedScopes":[]},"sourceMap":{"end":{"column":47,"line":13,"offset":307},"start":{"column":36,"line":13,"offset":296}}}],"problems":[],"scope":{"containerScope":{"containerScope":{"containerScope":{"contributions":{},"includedScopes":[]},"contributions":{},"includedScopes":[]},"contributions":{},"includedScopes":[{"containerScope":{"containerScope":{"containerScope":{"contributions":{},"includedScopes":[]},"contributions":{},"includedScopes":[]},"contributions":{},"includedScopes":[]},"contributions":{},"includedScopes":[]}]},"contributions":{},"includedScopes":[]},"sourceMap":{"end":{"column":4,"line":15,"offset":353},"start":{"column":3,"line":13,"offset":263}}},{"body":{"id":"d7f647ef-c9f3-44df-8710-3a590e083c5f","metadata":[],"problems":[],"scope":{"containerScope":{"containerScope":{"containerScope":{"containerScope":{"contributions":{},"includedScopes":[]},"contributions":{},"includedScopes":[]},"contributions":{},"includedScopes":[{"containerScope":{"containerScope":{"containerScope":{"contributions":{},"includedScopes":[]},"contributions":{},"includedScopes":[]},"contributions":{},"includedScopes":[]},"contributions":{},"includedScopes":[]}]},"contributions":{},"includedScopes":[]},"contributions":{},"includedScopes":[]},"sentences":[{"id":"444634d0-a9ce-471f-9c07-37b0e971be62","metadata":[],"scope":{"containerScope":{"containerScope":{"containerScope":{"containerScope":{"containerScope":{"contributions":{},"includedScopes":[]},"contributions":{},"includedScopes":[]},"contributions":{},"includedScopes":[{"containerScope":{"containerScope":{"containerScope":{"contributions":{},"includedScopes":[]},"contributions":{},"includedScopes":[]},"contributions":{},"includedScopes":[]},"contributions":{},"includedScopes":[]}]},"contributions":{},"includedScopes":[]},"contributions":{},"includedScopes":[]},"contributions":{},"includedScopes":[]},"sourceMap":{"end":{"column":21,"line":17,"offset":404},"start":{"column":5,"line":17,"offset":388}},"value":{"id":"5e26f164-fa9f-49fe-a23d-5ed8219f5d1a","metadata":[],"name":"unDestino","scope":{"containerScope":{"containerScope":{"containerScope":{"containerScope":{"containerScope":{"containerScope":{"contributions":{},"includedScopes":[]},"contributions":{},"includedScopes":[]},"contributions":{},"includedScopes":[{"containerScope":{"containerScope":{"containerScope":{"contributions":{},"includedScopes":[]},"contributions":{},"includedScopes":[]},"contributions":{},"includedScopes":[]},"contributions":{},"includedScopes":[]}]},"contributions":{},"includedScopes":[]},"contributions":{},"includedScopes":[]},"contributions":{},"includedScopes":[]},"contributions":{},"includedScopes":[]},"sourceMap":{"end":{"column":21,"line":17,"offset":404},"start":{"column":12,"line":17,"offset":395}}}}],"sourceMap":{"end":{"column":4,"line":18,"offset":408},"start":{"column":29,"line":16,"offset":382}}},"compiled":false,"id":"5f609ea2-26a3-4eb1-8590-deac06816c7e","isOverride":false,"metadata":[],"name":"destino","parameters":[{"id":"a10cbe18-922d-4214-9d13-a1c0d5b23b39","isVarArg":false,"metadata":[],"name":"unDestino","scope":{"containerScope":{"containerScope":{"containerScope":{"containerScope":{"contributions":{},"includedScopes":[]},"contributions":{},"includedScopes":[]},"contributions":{},"includedScopes":[{"containerScope":{"containerScope":{"containerScope":{"contributions":{},"includedScopes":[]},"contributions":{},"includedScopes":[]},"contributions":{},"includedScopes":[]},"contributions":{},"includedScopes":[]}]},"contributions":{},"includedScopes":[]},"contributions":{},"includedScopes":[]},"sourceMap":{"end":{"column":27,"line":16,"offset":380},"start":{"column":18,"line":16,"offset":371}}}],"problems":[],"scope":{"containerScope":{"containerScope":{"containerScope":{"contributions":{},"includedScopes":[]},"contributions":{},"includedScopes":[]},"contributions":{},"includedScopes":[{"containerScope":{"containerScope":{"containerScope":{"contributions":{},"includedScopes":[]},"contributions":{},"includedScopes":[]},"contributions":{},"includedScopes":[]},"contributions":{},"includedScopes":[]}]},"contributions":{},"includedScopes":[]},"sourceMap":{"end":{"column":4,"line":18,"offset":408},"start":{"column":3,"line":16,"offset":356}}}],"metadata":[],"name":"paquete","problems":[],"scope":{"containerScope":{"containerScope":{"contributions":{},"includedScopes":[]},"contributions":{},"includedScopes":[]},"contributions":{},"includedScopes":[{"containerScope":{"containerScope":{"containerScope":{"contributions":{},"includedScopes":[]},"contributions":{},"includedScopes":[]},"contributions":{},"includedScopes":[]},"contributions":{},"includedScopes":[]}]},"sourceMap":{"end":{"column":2,"line":19,"offset":410},"start":{"column":1,"line":1,"offset":0}},"supertypes":[]},{"id":"83d85df1-181d-45c7-858c-f0b7054d3487","members":[{"body":{"id":"f38f134d-f288-4db9-b39d-b91b219999d8","metadata":[],"problems":[],"scope":{"containerScope":{"containerScope":{"containerScope":{"containerScope":{"contributions":{},"includedScopes":[]},"contributions":{},"includedScopes":[]},"contributions":{},"includedScopes":[{"containerScope":{"containerScope":{"containerScope":{"contributions":{},"includedScopes":[]},"contributions":{},"includedScopes":[]},"contributions":{},"includedScopes":[]},"contributions":{},"includedScopes":[]}]},"contributions":{},"includedScopes":[]},"contributions":{},"includedScopes":[]},"sentences":[{"id":"df270826-4681-410f-a61e-61fbeaa64436","metadata":[],"scope":{"containerScope":{"containerScope":{"containerScope":{"containerScope":{"containerScope":{"contributions":{},"includedScopes":[]},"contributions":{},"includedScopes":[]},"contributions":{},"includedScopes":[{"containerScope":{"containerScope":{"containerScope":{"contributions":{},"includedScopes":[]},"contributions":{},"includedScopes":[]},"contributions":{},"includedScopes":[]},"contributions":{},"includedScopes":[]}]},"contributions":{},"includedScopes":[]},"contributions":{},"includedScopes":[]},"contributions":{},"includedScopes":[]},"sourceMap":{"end":{"column":38,"line":23,"offset":510},"start":{"column":5,"line":23,"offset":477}},"value":{"args":[{"id":"6c951f37-6cc3-4536-b919-3e690b84f5cc","metadata":[],"scope":{"containerScope":{"containerScope":{"containerScope":{"containerScope":{"containerScope":{"containerScope":{"containerScope":{"contributions":{},"includedScopes":[]},"contributions":{},"includedScopes":[]},"contributions":{},"includedScopes":[{"containerScope":{"containerScope":{"containerScope":{"contributions":{},"includedScopes":[]},"contributions":{},"includedScopes":[]},"contributions":{},"includedScopes":[]},"contributions":{},"includedScopes":[]}]},"contributions":{},"includedScopes":[]},"contributions":{},"includedScopes":[]},"contributions":{},"includedScopes":[]},"contributions":{},"includedScopes":[]},"contributions":{},"includedScopes":[]},"sourceMap":{"end":{"column":38,"line":23,"offset":510},"start":{"column":33,"line":23,"offset":505}},"value":10000}],"id":"72be25e4-3753-4a3d-8918-65d7113c505e","message":">","metadata":[],"receiver":{"args":[],"id":"3cde3f99-e638-4ebf-8f01-c804d2d38a58","message":"peso","metadata":[],"receiver":{"id":"dbe0ef6a-b3a7-4067-b277-c52fe153bb8b","metadata":[],"name":"unMensajero","scope":{"containerScope":{"containerScope":{"containerScope":{"containerScope":{"containerScope":{"containerScope":{"containerScope":{"containerScope":{"contributions":{},"includedScopes":[]},"contributions":{},"includedScopes":[]},"contributions":{},"includedScopes":[{"containerScope":{"containerScope":{"containerScope":{"contributions":{},"includedScopes":[]},"contributions":{},"includedScopes":[]},"contributions":{},"includedScopes":[]},"contributions":{},"includedScopes":[]}]},"contributions":{},"includedScopes":[]},"contributions":{},"includedScopes":[]},"contributions":{},"includedScopes":[]},"contributions":{},"includedScopes":[]},"contributions":{},"includedScopes":[]},"contributions":{},"includedScopes":[]},"sourceMap":{"end":{"column":23,"line":23,"offset":495},"start":{"column":12,"line":23,"offset":484}}},"scope":{"containerScope":{"containerScope":{"containerScope":{"containerScope":{"containerScope":{"containerScope":{"containerScope":{"contributions":{},"includedScopes":[]},"contributions":{},"includedScopes":[]},"contributions":{},"includedScopes":[{"containerScope":{"containerScope":{"containerScope":{"contributions":{},"includedScopes":[]},"contributions":{},"includedScopes":[]},"contributions":{},"includedScopes":[]},"contributions":{},"includedScopes":[]}]},"contributions":{},"includedScopes":[]},"contributions":{},"includedScopes":[]},"contributions":{},"includedScopes":[]},"contributions":{},"includedScopes":[]},"contributions":{},"includedScopes":[]},"sourceMap":{"end":{"column":30,"line":23,"offset":502},"start":{"column":12,"line":23,"offset":484}}},"scope":{"containerScope":{"containerScope":{"containerScope":{"containerScope":{"containerScope":{"containerScope":{"contributions":{},"includedScopes":[]},"contributions":{},"includedScopes":[]},"contributions":{},"includedScopes":[{"containerScope":{"containerScope":{"containerScope":{"contributions":{},"includedScopes":[]},"contributions":{},"includedScopes":[]},"contributions":{},"includedScopes":[]},"contributions":{},"includedScopes":[]}]},"contributions":{},"includedScopes":[]},"contributions":{},"includedScopes":[]},"contributions":{},"includedScopes":[]},"contributions":{},"includedScopes":[]},"sourceMap":{"end":{"column":38,"line":23,"offset":510},"start":{"column":12,"line":23,"offset":484}}}}],"sourceMap":{"end":{"column":4,"line":24,"offset":514},"start":{"column":34,"line":22,"offset":471}}},"compiled":false,"id":"54fb7250-e36f-422b-9144-c1c6fc01beb1","isOverride":false,"metadata":[],"name":"puedePasar","parameters":[{"id":"4af9e33f-3bd4-4129-b78f-a493654290ec","isVarArg":false,"metadata":[],"name":"unMensajero","scope":{"containerScope":{"containerScope":{"containerScope":{"containerScope":{"contributions":{},"includedScopes":[]},"contributions":{},"includedScopes":[]},"contributions":{},"includedScopes":[{"containerScope":{"containerScope":{"containerScope":{"contributions":{},"includedScopes":[]},"contributions":{},"includedScopes":[]},"contributions":{},"includedScopes":[]},"contributions":{},"includedScopes":[]}]},"contributions":{},"includedScopes":[]},"contributions":{},"includedScopes":[]},"sourceMap":{"end":{"column":32,"line":22,"offset":469},"start":{"column":21,"line":22,"offset":458}}}],"problems":[],"scope":{"containerScope":{"containerScope":{"containerScope":{"contributions":{},"includedScopes":[]},"contributions":{},"includedScopes":[]},"contributions":{},"includedScopes":[{"containerScope":{"containerScope":{"containerScope":{"contributions":{},"includedScopes":[]},"contributions":{},"includedScopes":[]},"contributions":{},"includedScopes":[]},"contributions":{},"includedScopes":[]}]},"contributions":{},"includedScopes":[]},"sourceMap":{"end":{"column":4,"line":24,"offset":514},"start":{"column":3,"line":22,"offset":440}}}],"metadata":[],"name":"puenteDeBrooklyn","problems":[],"scope":{"containerScope":{"containerScope":{"contributions":{},"includedScopes":[]},"contributions":{},"includedScopes":[]},"contributions":{},"includedScopes":[{"containerScope":{"containerScope":{"containerScope":{"contributions":{},"includedScopes":[]},"contributions":{},"includedScopes":[]},"contributions":{},"includedScopes":[]},"contributions":{},"includedScopes":[]}]},"sourceMap":{"end":{"column":2,"line":25,"offset":516},"start":{"column":1,"line":21,"offset":412}},"supertypes":[]},{"id":"26aa5351-9d99-4367-b5c8-0e8cae5ff4e7","members":[{"body":{"id":"464e2ef3-7591-4782-8cf9-d0727a3428ee","metadata":[],"problems":[],"scope":{"containerScope":{"containerScope":{"containerScope":{"containerScope":{"contributions":{},"includedScopes":[]},"contributions":{},"includedScopes":[]},"contributions":{},"includedScopes":[{"containerScope":{"containerScope":{"containerScope":{"contributions":{},"includedScopes":[]},"contributions":{},"includedScopes":[]},"contributions":{},"includedScopes":[]},"contributions":{},"includedScopes":[]}]},"contributions":{},"includedScopes":[]},"contributions":{},"includedScopes":[]},"sentences":[{"id":"7334b189-a3f8-4de7-8c46-7bab6dec8710","metadata":[],"scope":{"containerScope":{"containerScope":{"containerScope":{"containerScope":{"containerScope":{"contributions":{},"includedScopes":[]},"contributions":{},"includedScopes":[]},"contributions":{},"includedScopes":[{"containerScope":{"containerScope":{"containerScope":{"contributions":{},"includedScopes":[]},"contributions":{},"includedScopes":[]},"contributions":{},"includedScopes":[]},"contributions":{},"includedScopes":[]}]},"contributions":{},"includedScopes":[]},"contributions":{},"includedScopes":[]},"contributions":{},"includedScopes":[]},"sourceMap":{"end":{"column":37,"line":29,"offset":607},"start":{"column":5,"line":29,"offset":575}},"value":{"args":[],"id":"c28b268e-f2cd-4517-836b-38c829b8420f","message":"puedeLlamar","metadata":[],"receiver":{"id":"a4f1b915-1d0f-4c13-9955-c79f690f9488","metadata":[],"name":"unMensajero","scope":{"containerScope":{"containerScope":{"containerScope":{"containerScope":{"containerScope":{"containerScope":{"containerScope":{"contributions":{},"includedScopes":[]},"contributions":{},"includedScopes":[]},"contributions":{},"includedScopes":[{"containerScope":{"containerScope":{"containerScope":{"contributions":{},"includedScopes":[]},"contributions":{},"includedScopes":[]},"contributions":{},"includedScopes":[]},"contributions":{},"includedScopes":[]}]},"contributions":{},"includedScopes":[]},"contributions":{},"includedScopes":[]},"contributions":{},"includedScopes":[]},"contributions":{},"includedScopes":[]},"contributions":{},"includedScopes":[]},"sourceMap":{"end":{"column":23,"line":29,"offset":593},"start":{"column":12,"line":29,"offset":582}}},"scope":{"containerScope":{"containerScope":{"containerScope":{"containerScope":{"containerScope":{"containerScope":{"contributions":{},"includedScopes":[]},"contributions":{},"includedScopes":[]},"contributions":{},"includedScopes":[{"containerScope":{"containerScope":{"containerScope":{"contributions":{},"includedScopes":[]},"contributions":{},"includedScopes":[]},"contributions":{},"includedScopes":[]},"contributions":{},"includedScopes":[]}]},"contributions":{},"includedScopes":[]},"contributions":{},"includedScopes":[]},"contributions":{},"includedScopes":[]},"contributions":{},"includedScopes":[]},"sourceMap":{"end":{"column":37,"line":29,"offset":607},"start":{"column":12,"line":29,"offset":582}}}}],"sourceMap":{"end":{"column":4,"line":30,"offset":611},"start":{"column":34,"line":28,"offset":569}}},"compiled":false,"id":"8fac77c9-b649-47c0-864c-a471532000df","isOverride":false,"metadata":[],"name":"puedePasar","parameters":[{"id":"1c4f2d8b-d86b-4301-854b-bb10bc0f6a7a","isVarArg":false,"metadata":[],"name":"unMensajero","scope":{"containerScope":{"containerScope":{"containerScope":{"containerScope":{"contributions":{},"includedScopes":[]},"contributions":{},"includedScopes":[]},"contributions":{},"includedScopes":[{"containerScope":{"containerScope":{"containerScope":{"contributions":{},"includedScopes":[]},"contributions":{},"includedScopes":[]},"contributions":{},"includedScopes":[]},"contributions":{},"includedScopes":[]}]},"contributions":{},"includedScopes":[]},"contributions":{},"includedScopes":[]},"sourceMap":{"end":{"column":32,"line":28,"offset":567},"start":{"column":21,"line":28,"offset":556}}}],"problems":[],"scope":{"containerScope":{"containerScope":{"containerScope":{"contributions":{},"includedScopes":[]},"contributions":{},"includedScopes":[]},"contributions":{},"includedScopes":[{"containerScope":{"containerScope":{"containerScope":{"contributions":{},"includedScopes":[]},"contributions":{},"includedScopes":[]},"contributions":{},"includedScopes":[]},"contributions":{},"includedScopes":[]}]},"contributions":{},"includedScopes":[]},"sourceMap":{"end":{"column":4,"line":30,"offset":611},"start":{"column":3,"line":28,"offset":538}}}],"metadata":[],"name":"laMatrix","problems":[],"scope":{"containerScope":{"containerScope":{"contributions":{},"includedScopes":[]},"contributions":{},"includedScopes":[]},"contributions":{},"includedScopes":[{"containerScope":{"containerScope":{"containerScope":{"contributions":{},"includedScopes":[]},"contributions":{},"includedScopes":[]},"contributions":{},"includedScopes":[]},"contributions":{},"includedScopes":[]}]},"sourceMap":{"end":{"column":2,"line":31,"offset":613},"start":{"column":1,"line":27,"offset":518}},"supertypes":[]},{"id":"7ebec1bc-878c-4cfb-9d44-a979b7b45065","members":[{"id":"c3da856d-7410-4097-a303-cc71c1ecae0d","isConstant":false,"isProperty":false,"metadata":[],"name":"peso","scope":{"containerScope":{"containerScope":{"containerScope":{"contributions":{},"includedScopes":[]},"contributions":{},"includedScopes":[]},"contributions":{},"includedScopes":[{"containerScope":{"containerScope":{"containerScope":{"contributions":{},"includedScopes":[]},"contributions":{},"includedScopes":[]},"contributions":{},"includedScopes":[]},"contributions":{},"includedScopes":[]}]},"contributions":{},"includedScopes":[]},"sourceMap":{"end":{"column":16,"line":34,"offset":647},"start":{"column":3,"line":34,"offset":634}},"value":{"id":"acb5c283-59fa-4413-963f-e7d3d9ed04e3","metadata":[],"scope":{"containerScope":{"containerScope":{"containerScope":{"containerScope":{"contributions":{},"includedScopes":[]},"contributions":{},"includedScopes":[]},"contributions":{},"includedScopes":[{"containerScope":{"containerScope":{"containerScope":{"contributions":{},"includedScopes":[]},"contributions":{},"includedScopes":[]},"contributions":{},"includedScopes":[]},"contributions":{},"includedScopes":[]}]},"contributions":{},"includedScopes":[]},"contributions":{},"includedScopes":[]},"sourceMap":{"end":{"column":16,"line":34,"offset":647},"start":{"column":14,"line":34,"offset":645}},"value":90}},{"body":{"id":"89033387-a0ca-4aae-9a60-edf3f031991e","metadata":[],"problems":[],"scope":{"containerScope":{"containerScope":{"containerScope":{"containerScope":{"contributions":{},"includedScopes":[]},"contributions":{},"includedScopes":[]},"contributions":{},"includedScopes":[{"containerScope":{"containerScope":{"containerScope":{"contributions":{},"includedScopes":[]},"contributions":{},"includedScopes":[]},"contributions":{},"includedScopes":[]},"contributions":{},"includedScopes":[]}]},"contributions":{},"includedScopes":[]},"contributions":{},"includedScopes":[]},"sentences":[{"id":"7ef6b1ac-ffd8-4742-a4a0-b6e4564439fc","metadata":[],"scope":{"containerScope":{"containerScope":{"containerScope":{"containerScope":{"containerScope":{"contributions":{},"includedScopes":[]},"contributions":{},"includedScopes":[]},"contributions":{},"includedScopes":[{"containerScope":{"containerScope":{"containerScope":{"contributions":{},"includedScopes":[]},"contributions":{},"includedScopes":[]},"contributions":{},"includedScopes":[]},"contributions":{},"includedScopes":[]}]},"contributions":{},"includedScopes":[]},"contributions":{},"includedScopes":[]},"contributions":{},"includedScopes":[]},"sourceMap":{"end":{"column":16,"line":36,"offset":681},"start":{"column":5,"line":36,"offset":670}},"value":{"id":"e5599a48-24d9-4c28-9aa8-06dc708b20a9","metadata":[],"name":"peso","scope":{"containerScope":{"containerScope":{"containerScope":{"containerScope":{"containerScope":{"containerScope":{"contributions":{},"includedScopes":[]},"contributions":{},"includedScopes":[]},"contributions":{},"includedScopes":[{"containerScope":{"containerScope":{"containerScope":{"contributions":{},"includedScopes":[]},"contributions":{},"includedScopes":[]},"contributions":{},"includedScopes":[]},"contributions":{},"includedScopes":[]}]},"contributions":{},"includedScopes":[]},"contributions":{},"includedScopes":[]},"contributions":{},"includedScopes":[]},"contributions":{},"includedScopes":[]},"sourceMap":{"end":{"column":16,"line":36,"offset":681},"start":{"column":12,"line":36,"offset":677}}}}],"sourceMap":{"end":{"column":4,"line":37,"offset":685},"start":{"column":17,"line":35,"offset":664}}},"compiled":false,"id":"7435e21c-f302-4fb0-a462-37403b47d91a","isOverride":false,"metadata":[],"name":"peso","parameters":[],"problems":[],"scope":{"containerScope":{"containerScope":{"containerScope":{"contributions":{},"includedScopes":[]},"contributions":{},"includedScopes":[]},"contributions":{},"includedScopes":[{"containerScope":{"containerScope":{"containerScope":{"contributions":{},"includedScopes":[]},"contributions":{},"includedScopes":[]},"contributions":{},"includedScopes":[]},"contributions":{},"includedScopes":[]}]},"contributions":{},"includedScopes":[]},"sourceMap":{"end":{"column":4,"line":37,"offset":685},"start":{"column":3,"line":35,"offset":650}}},{"id":"c9669dbd-839b-4d65-872c-5e253ba993f6","isConstant":false,"isProperty":false,"metadata":[],"name":"metodoDesignado","scope":{"containerScope":{"containerScope":{"containerScope":{"contributions":{},"includedScopes":[]},"contributions":{},"includedScopes":[]},"contributions":{},"includedScopes":[{"containerScope":{"containerScope":{"containerScope":{"contributions":{},"includedScopes":[]},"contributions":{},"includedScopes":[]},"contributions":{},"includedScopes":[]},"contributions":{},"includedScopes":[]}]},"contributions":{},"includedScopes":[]},"sourceMap":{"end":{"column":36,"line":38,"offset":721},"start":{"column":3,"line":38,"offset":688}},"value":{"id":"5733a105-b64a-442c-baaa-33e8a1e411ab","metadata":[],"scope":{"containerScope":{"containerScope":{"containerScope":{"containerScope":{"contributions":{},"includedScopes":[]},"contributions":{},"includedScopes":[]},"contributions":{},"includedScopes":[{"containerScope":{"containerScope":{"containerScope":{"contributions":{},"includedScopes":[]},"contributions":{},"includedScopes":[]},"contributions":{},"includedScopes":[]},"contributions":{},"includedScopes":[]}]},"contributions":{},"includedScopes":[]},"contributions":{},"includedScopes":[]},"sourceMap":{"end":{"column":36,"line":38,"offset":721},"start":{"column":25,"line":38,"offset":710}},"value":"bicicleta"}},{"body":{"id":"53a78a19-17a9-4ea2-b38b-7652b5546d19","metadata":[],"problems":[],"scope":{"containerScope":{"containerScope":{"containerScope":{"containerScope":{"contributions":{},"includedScopes":[]},"contributions":{},"includedScopes":[]},"contributions":{},"includedScopes":[{"containerScope":{"containerScope":{"containerScope":{"contributions":{},"includedScopes":[]},"contributions":{},"includedScopes":[]},"contributions":{},"includedScopes":[]},"contributions":{},"includedScopes":[]}]},"contributions":{},"includedScopes":[]},"contributions":{},"includedScopes":[]},"sentences":[{"id":"79eefcae-40da-4720-8fe3-514c237281ee","metadata":[],"scope":{"containerScope":{"containerScope":{"containerScope":{"containerScope":{"containerScope":{"contributions":{},"includedScopes":[]},"contributions":{},"includedScopes":[]},"contributions":{},"includedScopes":[{"containerScope":{"containerScope":{"containerScope":{"contributions":{},"includedScopes":[]},"contributions":{},"includedScopes":[]},"contributions":{},"includedScopes":[]},"contributions":{},"includedScopes":[]}]},"contributions":{},"includedScopes":[]},"contributions":{},"includedScopes":[]},"contributions":{},"includedScopes":[]},"sourceMap":{"end":{"column":27,"line":40,"offset":775},"start":{"column":5,"line":40,"offset":753}},"value":{"id":"54f22c05-e1d4-4e73-bbf0-2e1126593d28","metadata":[],"name":"metodoDesignado","scope":{"containerScope":{"containerScope":{"containerScope":{"containerScope":{"containerScope":{"containerScope":{"contributions":{},"includedScopes":[]},"contributions":{},"includedScopes":[]},"contributions":{},"includedScopes":[{"containerScope":{"containerScope":{"containerScope":{"contributions":{},"includedScopes":[]},"contributions":{},"includedScopes":[]},"contributions":{},"includedScopes":[]},"contributions":{},"includedScopes":[]}]},"contributions":{},"includedScopes":[]},"contributions":{},"includedScopes":[]},"contributions":{},"includedScopes":[]},"contributions":{},"includedScopes":[]},"sourceMap":{"end":{"column":27,"line":40,"offset":775},"start":{"column":12,"line":40,"offset":760}}}}],"sourceMap":{"end":{"column":4,"line":41,"offset":779},"start":{"column":26,"line":39,"offset":747}}},"compiled":false,"id":"ed309a26-0f34-4ff3-a5cc-ee1c1de582d1","isOverride":false,"metadata":[],"name":"metodoDeEnvio","parameters":[],"problems":[],"scope":{"containerScope":{"containerScope":{"containerScope":{"contributions":{},"includedScopes":[]},"contributions":{},"includedScopes":[]},"contributions":{},"includedScopes":[{"containerScope":{"containerScope":{"containerScope":{"contributions":{},"includedScopes":[]},"contributions":{},"includedScopes":[]},"contributions":{},"includedScopes":[]},"contributions":{},"includedScopes":[]}]},"contributions":{},"includedScopes":[]},"sourceMap":{"end":{"column":4,"line":41,"offset":779},"start":{"column":3,"line":39,"offset":724}}},{"body":{"id":"8e47698f-2e80-43d2-89ef-808893a0d481","metadata":[],"problems":[],"scope":{"containerScope":{"containerScope":{"containerScope":{"containerScope":{"contributions":{},"includedScopes":[]},"contributions":{},"includedScopes":[]},"contributions":{},"includedScopes":[{"containerScope":{"containerScope":{"containerScope":{"contributions":{},"includedScopes":[]},"contributions":{},"includedScopes":[]},"contributions":{},"includedScopes":[]},"contributions":{},"includedScopes":[]}]},"contributions":{},"includedScopes":[]},"contributions":{},"includedScopes":[]},"sentences":[{"id":"27f51b76-f95b-420e-919d-f7e3412d53cb","metadata":[],"scope":{"containerScope":{"containerScope":{"containerScope":{"containerScope":{"containerScope":{"contributions":{},"includedScopes":[]},"contributions":{},"includedScopes":[]},"contributions":{},"includedScopes":[{"containerScope":{"containerScope":{"containerScope":{"contributions":{},"includedScopes":[]},"contributions":{},"includedScopes":[]},"contributions":{},"includedScopes":[]},"contributions":{},"includedScopes":[]}]},"contributions":{},"includedScopes":[]},"contributions":{},"includedScopes":[]},"contributions":{},"includedScopes":[]},"sourceMap":{"end":{"column":31,"line":43,"offset":845},"start":{"column":5,"line":43,"offset":819}},"value":{"id":"44a6c09f-5e03-4eca-b859-2791fa7049d2","metadata":[],"name":"unMetodo","scope":{"containerScope":{"containerScope":{"containerScope":{"containerScope":{"containerScope":{"containerScope":{"contributions":{},"includedScopes":[]},"contributions":{},"includedScopes":[]},"contributions":{},"includedScopes":[{"containerScope":{"containerScope":{"containerScope":{"contributions":{},"includedScopes":[]},"contributions":{},"includedScopes":[]},"contributions":{},"includedScopes":[]},"contributions":{},"includedScopes":[]}]},"contributions":{},"includedScopes":[]},"contributions":{},"includedScopes":[]},"contributions":{},"includedScopes":[]},"contributions":{},"includedScopes":[]},"sourceMap":{"end":{"column":31,"line":43,"offset":845},"start":{"column":23,"line":43,"offset":837}}},"variable":{"id":"b210207a-148a-4a0d-a905-d7bdb961d2f5","metadata":[],"name":"metodoDesignado","scope":{"containerScope":{"containerScope":{"containerScope":{"containerScope":{"containerScope":{"containerScope":{"contributions":{},"includedScopes":[]},"contributions":{},"includedScopes":[]},"contributions":{},"includedScopes":[{"containerScope":{"containerScope":{"containerScope":{"contributions":{},"includedScopes":[]},"contributions":{},"includedScopes":[]},"contributions":{},"includedScopes":[]},"contributions":{},"includedScopes":[]}]},"contributions":{},"includedScopes":[]},"contributions":{},"includedScopes":[]},"contributions":{},"includedScopes":[]},"contributions":{},"includedScopes":[]},"sourceMap":{"end":{"column":20,"line":43,"offset":834},"start":{"column":5,"line":43,"offset":819}}}}],"sourceMap":{"end":{"column":4,"line":44,"offset":849},"start":{"column":34,"line":42,"offset":813}}},"compiled":false,"id":"bf0a4eb5-2531-4072-b123-eabe17526e8d","isOverride":false,"metadata":[],"name":"metodoDeEnvio","parameters":[{"id":"bb25d9d9-0d6b-4f7e-8694-57a0c1b2ac81","isVarArg":false,"metadata":[],"name":"unMetodo","scope":{"containerScope":{"containerScope":{"containerScope":{"containerScope":{"contributions":{},"includedScopes":[]},"contributions":{},"includedScopes":[]},"contributions":{},"includedScopes":[{"containerScope":{"containerScope":{"containerScope":{"contributions":{},"includedScopes":[]},"contributions":{},"includedScopes":[]},"contributions":{},"includedScopes":[]},"contributions":{},"includedScopes":[]}]},"contributions":{},"includedScopes":[]},"contributions":{},"includedScopes":[]},"sourceMap":{"end":{"column":32,"line":42,"offset":811},"start":{"column":24,"line":42,"offset":803}}}],"problems":[],"scope":{"containerScope":{"containerScope":{"containerScope":{"contributions":{},"includedScopes":[]},"contributions":{},"includedScopes":[]},"contributions":{},"includedScopes":[{"containerScope":{"containerScope":{"containerScope":{"contributions":{},"includedScopes":[]},"contributions":{},"includedScopes":[]},"contributions":{},"includedScopes":[]},"contributions":{},"includedScopes":[]}]},"contributions":{},"includedScopes":[]},"sourceMap":{"end":{"column":4,"line":44,"offset":849},"start":{"column":3,"line":42,"offset":782}}},{"body":{"id":"54b3c7be-a870-40bb-976e-c84ce7b33cd9","metadata":[],"problems":[],"scope":{"containerScope":{"containerScope":{"containerScope":{"containerScope":{"contributions":{},"includedScopes":[]},"contributions":{},"includedScopes":[]},"contributions":{},"includedScopes":[{"containerScope":{"containerScope":{"containerScope":{"contributions":{},"includedScopes":[]},"contributions":{},"includedScopes":[]},"contributions":{},"includedScopes":[]},"contributions":{},"includedScopes":[]}]},"contributions":{},"includedScopes":[]},"contributions":{},"includedScopes":[]},"sentences":[{"id":"fb4b4ed1-072b-42c7-ba57-9929255f2683","metadata":[],"scope":{"containerScope":{"containerScope":{"containerScope":{"containerScope":{"containerScope":{"contributions":{},"includedScopes":[]},"contributions":{},"includedScopes":[]},"contributions":{},"includedScopes":[{"containerScope":{"containerScope":{"containerScope":{"contributions":{},"includedScopes":[]},"contributions":{},"includedScopes":[]},"contributions":{},"includedScopes":[]},"contributions":{},"includedScopes":[]}]},"contributions":{},"includedScopes":[]},"contributions":{},"includedScopes":[]},"contributions":{},"includedScopes":[]},"sourceMap":{"end":{"column":14,"line":46,"offset":893},"start":{"column":5,"line":46,"offset":884}},"value":{"args":[{"id":"97a4d1ec-f0dc-4dd3-a638-7f27df2f26fe","metadata":[],"scope":{"containerScope":{"containerScope":{"containerScope":{"containerScope":{"containerScope":{"containerScope":{"containerScope":{"contributions":{},"includedScopes":[]},"contributions":{},"includedScopes":[]},"contributions":{},"includedScopes":[{"containerScope":{"containerScope":{"containerScope":{"contributions":{},"includedScopes":[]},"contributions":{},"includedScopes":[]},"contributions":{},"includedScopes":[]},"contributions":{},"includedScopes":[]}]},"contributions":{},"includedScopes":[]},"contributions":{},"includedScopes":[]},"contributions":{},"includedScopes":[]},"contributions":{},"includedScopes":[]},"contributions":{},"includedScopes":[]},"sourceMap":{"end":{"column":14,"line":46,"offset":893},"start":{"column":13,"line":46,"offset":892}},"value":5}],"id":"8d7af5b5-69fc-4c4d-bff1-03584442319d","message":"+","metadata":[],"receiver":{"id":"a971f80b-f765-438e-959a-08782c717e0c","metadata":[],"name":"peso","scope":{"containerScope":{"containerScope":{"containerScope":{"containerScope":{"containerScope":{"containerScope":{"containerScope":{"contributions":{},"includedScopes":[]},"contributions":{},"includedScopes":[]},"contributions":{},"includedScopes":[{"containerScope":{"containerScope":{"containerScope":{"contributions":{},"includedScopes":[]},"contributions":{},"includedScopes":[]},"contributions":{},"includedScopes":[]},"contributions":{},"includedScopes":[]}]},"contributions":{},"includedScopes":[]},"contributions":{},"includedScopes":[]},"contributions":{},"includedScopes":[]},"contributions":{},"includedScopes":[]},"contributions":{},"includedScopes":[]},"sourceMap":{"end":{"column":9,"line":46,"offset":888},"start":{"column":5,"line":46,"offset":884}}},"scope":{"containerScope":{"containerScope":{"containerScope":{"containerScope":{"containerScope":{"containerScope":{"contributions":{},"includedScopes":[]},"contributions":{},"includedScopes":[]},"contributions":{},"includedScopes":[{"containerScope":{"containerScope":{"containerScope":{"contributions":{},"includedScopes":[]},"contributions":{},"includedScopes":[]},"contributions":{},"includedScopes":[]},"contributions":{},"includedScopes":[]}]},"contributions":{},"includedScopes":[]},"contributions":{},"includedScopes":[]},"contributions":{},"includedScopes":[]},"contributions":{},"includedScopes":[]}},"variable":{"id":"9836762b-a64d-4bb9-bf9f-95bf35cc81a7","metadata":[],"name":"peso","scope":{"containerScope":{"containerScope":{"containerScope":{"containerScope":{"containerScope":{"containerScope":{"contributions":{},"includedScopes":[]},"contributions":{},"includedScopes":[]},"contributions":{},"includedScopes":[{"containerScope":{"containerScope":{"containerScope":{"contributions":{},"includedScopes":[]},"contributions":{},"includedScopes":[]},"contributions":{},"includedScopes":[]},"contributions":{},"includedScopes":[]}]},"contributions":{},"includedScopes":[]},"contributions":{},"includedScopes":[]},"contributions":{},"includedScopes":[]},"contributions":{},"includedScopes":[]},"sourceMap":{"end":{"column":9,"line":46,"offset":888},"start":{"column":5,"line":46,"offset":884}}}},{"id":"fbe3f6f7-5353-4907-b544-d862baca1f4e","metadata":[],"scope":{"containerScope":{"containerScope":{"containerScope":{"containerScope":{"containerScope":{"contributions":{},"includedScopes":[]},"contributions":{},"includedScopes":[]},"contributions":{},"includedScopes":[{"containerScope":{"containerScope":{"containerScope":{"contributions":{},"includedScopes":[]},"contributions":{},"includedScopes":[]},"contributions":{},"includedScopes":[]},"contributions":{},"includedScopes":[]}]},"contributions":{},"includedScopes":[]},"contributions":{},"includedScopes":[]},"contributions":{},"includedScopes":[]},"sourceMap":{"end":{"column":34,"line":47,"offset":927},"start":{"column":5,"line":47,"offset":898}},"value":{"id":"b7dc88fd-87f2-4228-af9f-52528fdc345c","metadata":[],"scope":{"containerScope":{"containerScope":{"containerScope":{"containerScope":{"containerScope":{"containerScope":{"contributions":{},"includedScopes":[]},"contributions":{},"includedScopes":[]},"contributions":{},"includedScopes":[{"containerScope":{"containerScope":{"containerScope":{"contributions":{},"includedScopes":[]},"contributions":{},"includedScopes":[]},"contributions":{},"includedScopes":[]},"contributions":{},"includedScopes":[]}]},"contributions":{},"includedScopes":[]},"contributions":{},"includedScopes":[]},"contributions":{},"includedScopes":[]},"contributions":{},"includedScopes":[]},"sourceMap":{"end":{"column":34,"line":47,"offset":927},"start":{"column":23,"line":47,"offset":916}},"value":"bicicleta"},"variable":{"id":"0cf5d3f9-88eb-47b6-8b69-a6ff6299ea0f","metadata":[],"name":"metodoDesignado","scope":{"containerScope":{"containerScope":{"containerScope":{"containerScope":{"containerScope":{"containerScope":{"contributions":{},"includedScopes":[]},"contributions":{},"includedScopes":[]},"contributions":{},"includedScopes":[{"containerScope":{"containerScope":{"containerScope":{"contributions":{},"includedScopes":[]},"contributions":{},"includedScopes":[]},"contributions":{},"includedScopes":[]},"contributions":{},"includedScopes":[]}]},"contributions":{},"includedScopes":[]},"contributions":{},"includedScopes":[]},"contributions":{},"includedScopes":[]},"contributions":{},"includedScopes":[]},"sourceMap":{"end":{"column":20,"line":47,"offset":913},"start":{"column":5,"line":47,"offset":898}}}}],"sourceMap":{"end":{"column":4,"line":48,"offset":931},"start":{"column":29,"line":45,"offset":878}}},"compiled":false,"id":"83b0dfaf-2af8-416c-b8f2-6bdc72267dbe","isOverride":false,"metadata":[],"name":"viajeEnBicicleta","parameters":[],"problems":[],"scope":{"containerScope":{"containerScope":{"containerScope":{"contributions":{},"includedScopes":[]},"contributions":{},"includedScopes":[]},"contributions":{},"includedScopes":[{"containerScope":{"containerScope":{"containerScope":{"contributions":{},"includedScopes":[]},"contributions":{},"includedScopes":[]},"contributions":{},"includedScopes":[]},"contributions":{},"includedScopes":[]}]},"contributions":{},"includedScopes":[]},"sourceMap":{"end":{"column":4,"line":48,"offset":931},"start":{"column":3,"line":45,"offset":852}}},{"id":"5732ad36-bccf-491c-a847-43143f5f7990","isConstant":false,"isProperty":false,"metadata":[],"name":"cantidadDeAcoplados","scope":{"containerScope":{"containerScope":{"containerScope":{"contributions":{},"includedScopes":[]},"contributions":{},"includedScopes":[]},"contributions":{},"includedScopes":[{"containerScope":{"containerScope":{"containerScope":{"contributions":{},"includedScopes":[]},"contributions":{},"includedScopes":[]},"contributions":{},"includedScopes":[]},"contributions":{},"includedScopes":[]}]},"contributions":{},"includedScopes":[]},"sourceMap":{"end":{"column":30,"line":49,"offset":961},"start":{"column":3,"line":49,"offset":934}},"value":{"id":"e079a448-dbba-4ff3-90ae-61d0026333da","metadata":[],"scope":{"containerScope":{"containerScope":{"containerScope":{"containerScope":{"contributions":{},"includedScopes":[]},"contributions":{},"includedScopes":[]},"contributions":{},"includedScopes":[{"containerScope":{"containerScope":{"containerScope":{"contributions":{},"includedScopes":[]},"contributions":{},"includedScopes":[]},"contributions":{},"includedScopes":[]},"contributions":{},"includedScopes":[]}]},"contributions":{},"includedScopes":[]},"contributions":{},"includedScopes":[]},"sourceMap":{"end":{"column":30,"line":49,"offset":961},"start":{"column":29,"line":49,"offset":960}},"value":0}},{"body":{"id":"12d60609-0edc-4974-aa04-6591be7b1511","metadata":[],"problems":[],"scope":{"containerScope":{"containerScope":{"containerScope":{"containerScope":{"contributions":{},"includedScopes":[]},"contributions":{},"includedScopes":[]},"contributions":{},"includedScopes":[{"containerScope":{"containerScope":{"containerScope":{"contributions":{},"includedScopes":[]},"contributions":{},"includedScopes":[]},"contributions":{},"includedScopes":[]},"contributions":{},"includedScopes":[]}]},"contributions":{},"includedScopes":[]},"contributions":{},"includedScopes":[]},"sentences":[{"id":"e762224e-0c10-46d7-ba74-36ee4f693b79","metadata":[],"scope":{"containerScope":{"containerScope":{"containerScope":{"containerScope":{"containerScope":{"contributions":{},"includedScopes":[]},"contributions":{},"includedScopes":[]},"contributions":{},"includedScopes":[{"containerScope":{"containerScope":{"containerScope":{"contributions":{},"includedScopes":[]},"contributions":{},"includedScopes":[]},"contributions":{},"includedScopes":[]},"contributions":{},"includedScopes":[]}]},"contributions":{},"includedScopes":[]},"contributions":{},"includedScopes":[]},"contributions":{},"includedScopes":[]},"sourceMap":{"end":{"column":29,"line":51,"offset":1011},"start":{"column":5,"line":51,"offset":987}},"value":{"args":[{"id":"83e72d2c-9457-4c6c-b0f3-9cd420ef843f","metadata":[],"scope":{"containerScope":{"containerScope":{"containerScope":{"containerScope":{"containerScope":{"containerScope":{"containerScope":{"contributions":{},"includedScopes":[]},"contributions":{},"includedScopes":[]},"contributions":{},"includedScopes":[{"containerScope":{"containerScope":{"containerScope":{"contributions":{},"includedScopes":[]},"contributions":{},"includedScopes":[]},"contributions":{},"includedScopes":[]},"contributions":{},"includedScopes":[]}]},"contributions":{},"includedScopes":[]},"contributions":{},"includedScopes":[]},"contributions":{},"includedScopes":[]},"contributions":{},"includedScopes":[]},"contributions":{},"includedScopes":[]},"sourceMap":{"end":{"column":29,"line":51,"offset":1011},"start":{"column":28,"line":51,"offset":1010}},"value":1}],"id":"aa460808-ea65-49f6-a560-bee1cc56d2f9","message":"+","metadata":[],"receiver":{"id":"9090f014-8ace-4d5e-bbe0-ce12b23b3b8e","metadata":[],"name":"cantidadDeAcoplados","scope":{"containerScope":{"containerScope":{"containerScope":{"containerScope":{"containerScope":{"containerScope":{"containerScope":{"contributions":{},"includedScopes":[]},"contributions":{},"includedScopes":[]},"contributions":{},"includedScopes":[{"containerScope":{"containerScope":{"containerScope":{"contributions":{},"includedScopes":[]},"contributions":{},"includedScopes":[]},"contributions":{},"includedScopes":[]},"contributions":{},"includedScopes":[]}]},"contributions":{},"includedScopes":[]},"contributions":{},"includedScopes":[]},"contributions":{},"includedScopes":[]},"contributions":{},"includedScopes":[]},"contributions":{},"includedScopes":[]},"sourceMap":{"end":{"column":24,"line":51,"offset":1006},"start":{"column":5,"line":51,"offset":987}}},"scope":{"containerScope":{"containerScope":{"containerScope":{"containerScope":{"containerScope":{"containerScope":{"contributions":{},"includedScopes":[]},"contributions":{},"includedScopes":[]},"contributions":{},"includedScopes":[{"containerScope":{"containerScope":{"containerScope":{"contributions":{},"includedScopes":[]},"contributions":{},"includedScopes":[]},"contributions":{},"includedScopes":[]},"contributions":{},"includedScopes":[]}]},"contributions":{},"includedScopes":[]},"contributions":{},"includedScopes":[]},"contributions":{},"includedScopes":[]},"contributions":{},"includedScopes":[]}},"variable":{"id":"3ff563b4-5155-4c83-b1b3-28e42bf74883","metadata":[],"name":"cantidadDeAcoplados","scope":{"containerScope":{"containerScope":{"containerScope":{"containerScope":{"containerScope":{"containerScope":{"contributions":{},"includedScopes":[]},"contributions":{},"includedScopes":[]},"contributions":{},"includedScopes":[{"containerScope":{"containerScope":{"containerScope":{"contributions":{},"includedScopes":[]},"contributions":{},"includedScopes":[]},"contributions":{},"includedScopes":[]},"contributions":{},"includedScopes":[]}]},"contributions":{},"includedScopes":[]},"contributions":{},"includedScopes":[]},"contributions":{},"includedScopes":[]},"contributions":{},"includedScopes":[]},"sourceMap":{"end":{"column":24,"line":51,"offset":1006},"start":{"column":5,"line":51,"offset":987}}}}],"sourceMap":{"end":{"column":4,"line":52,"offset":1015},"start":{"column":20,"line":50,"offset":981}}},"compiled":false,"id":"cb277d39-2c31-4333-976d-161cd699e605","isOverride":false,"metadata":[],"name":"aclopar","parameters":[],"problems":[],"scope":{"containerScope":{"containerScope":{"containerScope":{"contributions":{},"includedScopes":[]},"contributions":{},"includedScopes":[]},"contributions":{},"includedScopes":[{"containerScope":{"containerScope":{"containerScope":{"contributions":{},"includedScopes":[]},"contributions":{},"includedScopes":[]},"contributions":{},"includedScopes":[]},"contributions":{},"includedScopes":[]}]},"contributions":{},"includedScopes":[]},"sourceMap":{"end":{"column":4,"line":52,"offset":1015},"start":{"column":3,"line":50,"offset":964}}},{"body":{"id":"809bbb8b-d13c-4405-9951-931690c066d0","metadata":[],"problems":[],"scope":{"containerScope":{"containerScope":{"containerScope":{"containerScope":{"contributions":{},"includedScopes":[]},"contributions":{},"includedScopes":[]},"contributions":{},"includedScopes":[{"containerScope":{"containerScope":{"containerScope":{"contributions":{},"includedScopes":[]},"contributions":{},"includedScopes":[]},"contributions":{},"includedScopes":[]},"contributions":{},"includedScopes":[]}]},"contributions":{},"includedScopes":[]},"contributions":{},"includedScopes":[]},"sentences":[{"id":"dca07fa2-bc8e-4d8c-ad9c-b768361eae4a","metadata":[],"scope":{"containerScope":{"containerScope":{"containerScope":{"containerScope":{"containerScope":{"contributions":{},"includedScopes":[]},"contributions":{},"includedScopes":[]},"contributions":{},"includedScopes":[{"containerScope":{"containerScope":{"containerScope":{"contributions":{},"includedScopes":[]},"contributions":{},"includedScopes":[]},"contributions":{},"includedScopes":[]},"contributions":{},"includedScopes":[]}]},"contributions":{},"includedScopes":[]},"contributions":{},"includedScopes":[]},"contributions":{},"includedScopes":[]},"sourceMap":{"end":{"column":39,"line":54,"offset":1081},"start":{"column":5,"line":54,"offset":1047}},"value":{"args":[{"args":[{"id":"6abf9374-7255-41c6-973f-540f5f53c9c6","metadata":[],"name":"cantidadDeAcoplados","scope":{"containerScope":{"containerScope":{"containerScope":{"containerScope":{"containerScope":{"containerScope":{"containerScope":{"containerScope":{"contributions":{},"includedScopes":[]},"contributions":{},"includedScopes":[]},"contributions":{},"includedScopes":[{"containerScope":{"containerScope":{"containerScope":{"contributions":{},"includedScopes":[]},"contributions":{},"includedScopes":[]},"contributions":{},"includedScopes":[]},"contributions":{},"includedScopes":[]}]},"contributions":{},"includedScopes":[]},"contributions":{},"includedScopes":[]},"contributions":{},"includedScopes":[]},"contributions":{},"includedScopes":[]},"contributions":{},"includedScopes":[]},"contributions":{},"includedScopes":[]},"sourceMap":{"end":{"column":39,"line":54,"offset":1081},"start":{"column":20,"line":54,"offset":1062}}}],"id":"275e7a55-b446-45d0-9361-23cb066acd06","message":"*","metadata":[],"receiver":{"id":"bf59189e-5c7a-455c-a8c5-d09b050be216","metadata":[],"scope":{"containerScope":{"containerScope":{"containerScope":{"containerScope":{"containerScope":{"containerScope":{"containerScope":{"containerScope":{"contributions":{},"includedScopes":[]},"contributions":{},"includedScopes":[]},"contributions":{},"includedScopes":[{"containerScope":{"containerScope":{"containerScope":{"contributions":{},"includedScopes":[]},"contributions":{},"includedScopes":[]},"contributions":{},"includedScopes":[]},"contributions":{},"includedScopes":[]}]},"contributions":{},"includedScopes":[]},"contributions":{},"includedScopes":[]},"contributions":{},"includedScopes":[]},"contributions":{},"includedScopes":[]},"contributions":{},"includedScopes":[]},"contributions":{},"includedScopes":[]},"sourceMap":{"end":{"column":17,"line":54,"offset":1059},"start":{"column":13,"line":54,"offset":1055}},"value":5000},"scope":{"containerScope":{"containerScope":{"containerScope":{"containerScope":{"containerScope":{"containerScope":{"containerScope":{"contributions":{},"includedScopes":[]},"contributions":{},"includedScopes":[]},"contributions":{},"includedScopes":[{"containerScope":{"containerScope":{"containerScope":{"contributions":{},"includedScopes":[]},"contributions":{},"includedScopes":[]},"contributions":{},"includedScopes":[]},"contributions":{},"includedScopes":[]}]},"contributions":{},"includedScopes":[]},"contributions":{},"includedScopes":[]},"contributions":{},"includedScopes":[]},"contributions":{},"includedScopes":[]},"contributions":{},"includedScopes":[]},"sourceMap":{"end":{"column":39,"line":54,"offset":1081},"start":{"column":13,"line":54,"offset":1055}}}],"id":"f7c930e9-5811-40ee-80cb-0219ab49e73c","message":"+","metadata":[],"receiver":{"id":"494b7d0f-cbc0-48fb-9f49-5c726f88696c","metadata":[],"name":"peso","scope":{"containerScope":{"containerScope":{"containerScope":{"containerScope":{"containerScope":{"containerScope":{"containerScope":{"contributions":{},"includedScopes":[]},"contributions":{},"includedScopes":[]},"contributions":{},"includedScopes":[{"containerScope":{"containerScope":{"containerScope":{"contributions":{},"includedScopes":[]},"contributions":{},"includedScopes":[]},"contributions":{},"includedScopes":[]},"contributions":{},"includedScopes":[]}]},"contributions":{},"includedScopes":[]},"contributions":{},"includedScopes":[]},"contributions":{},"includedScopes":[]},"contributions":{},"includedScopes":[]},"contributions":{},"includedScopes":[]},"sourceMap":{"end":{"column":9,"line":54,"offset":1051},"start":{"column":5,"line":54,"offset":1047}}},"scope":{"containerScope":{"containerScope":{"containerScope":{"containerScope":{"containerScope":{"containerScope":{"contributions":{},"includedScopes":[]},"contributions":{},"includedScopes":[]},"contributions":{},"includedScopes":[{"containerScope":{"containerScope":{"containerScope":{"contributions":{},"includedScopes":[]},"contributions":{},"includedScopes":[]},"contributions":{},"includedScopes":[]},"contributions":{},"includedScopes":[]}]},"contributions":{},"includedScopes":[]},"contributions":{},"includedScopes":[]},"contributions":{},"includedScopes":[]},"contributions":{},"includedScopes":[]}},"variable":{"id":"cebc05e7-2fac-4f3a-81e0-49da26c81e8a","metadata":[],"name":"peso","scope":{"containerScope":{"containerScope":{"containerScope":{"containerScope":{"containerScope":{"containerScope":{"contributions":{},"includedScopes":[]},"contributions":{},"includedScopes":[]},"contributions":{},"includedScopes":[{"containerScope":{"containerScope":{"containerScope":{"contributions":{},"includedScopes":[]},"contributions":{},"includedScopes":[]},"contributions":{},"includedScopes":[]},"contributions":{},"includedScopes":[]}]},"contributions":{},"includedScopes":[]},"contributions":{},"includedScopes":[]},"contributions":{},"includedScopes":[]},"contributions":{},"includedScopes":[]},"sourceMap":{"end":{"column":9,"line":54,"offset":1051},"start":{"column":5,"line":54,"offset":1047}}}},{"id":"cc41a39c-6f63-4707-a456-fce8d6e8c068","metadata":[],"scope":{"containerScope":{"containerScope":{"containerScope":{"containerScope":{"containerScope":{"contributions":{},"includedScopes":[]},"contributions":{},"includedScopes":[]},"contributions":{},"includedScopes":[{"containerScope":{"containerScope":{"containerScope":{"contributions":{},"includedScopes":[]},"contributions":{},"includedScopes":[]},"contributions":{},"includedScopes":[]},"contributions":{},"includedScopes":[]}]},"contributions":{},"includedScopes":[]},"contributions":{},"includedScopes":[]},"contributions":{},"includedScopes":[]},"sourceMap":{"end":{"column":31,"line":55,"offset":1112},"start":{"column":5,"line":55,"offset":1086}},"value":{"id":"4de4afad-add4-476a-8a2a-cb8444a0936e","metadata":[],"scope":{"containerScope":{"containerScope":{"containerScope":{"containerScope":{"containerScope":{"containerScope":{"contributions":{},"includedScopes":[]},"contributions":{},"includedScopes":[]},"contributions":{},"includedScopes":[{"containerScope":{"containerScope":{"containerScope":{"contributions":{},"includedScopes":[]},"contributions":{},"includedScopes":[]},"contributions":{},"includedScopes":[]},"contributions":{},"includedScopes":[]}]},"contributions":{},"includedScopes":[]},"contributions":{},"includedScopes":[]},"contributions":{},"includedScopes":[]},"contributions":{},"includedScopes":[]},"sourceMap":{"end":{"column":31,"line":55,"offset":1112},"start":{"column":23,"line":55,"offset":1104}},"value":"camion"},"variable":{"id":"f9817685-93e9-49f6-ba4c-ec0cfe836b5e","metadata":[],"name":"metodoDesignado","scope":{"containerScope":{"containerScope":{"containerScope":{"containerScope":{"containerScope":{"containerScope":{"contributions":{},"includedScopes":[]},"contributions":{},"includedScopes":[]},"contributions":{},"includedScopes":[{"containerScope":{"containerScope":{"containerScope":{"contributions":{},"includedScopes":[]},"contributions":{},"includedScopes":[]},"contributions":{},"includedScopes":[]},"contributions":{},"includedScopes":[]}]},"contributions":{},"includedScopes":[]},"contributions":{},"includedScopes":[]},"contributions":{},"includedScopes":[]},"contributions":{},"includedScopes":[]},"sourceMap":{"end":{"column":20,"line":55,"offset":1101},"start":{"column":5,"line":55,"offset":1086}}}}],"sourceMap":{"end":{"column":4,"line":56,"offset":1116},"start":{"column":26,"line":53,"offset":1041}}},"compiled":false,"id":"7ddf5e15-c14f-4ab8-9fa3-6671bc8d17bb","isOverride":false,"metadata":[],"name":"viajeEnCamion","parameters":[],"problems":[],"scope":{"containerScope":{"containerScope":{"containerScope":{"contributions":{},"includedScopes":[]},"contributions":{},"includedScopes":[]},"contributions":{},"includedScopes":[{"containerScope":{"containerScope":{"containerScope":{"contributions":{},"includedScopes":[]},"contributions":{},"includedScopes":[]},"contributions":{},"includedScopes":[]},"contributions":{},"includedScopes":[]}]},"contributions":{},"includedScopes":[]},"sourceMap":{"end":{"column":4,"line":56,"offset":1116},"start":{"column":3,"line":53,"offset":1018}}},{"body":{"id":"aa2c7ab6-4dd1-4c1b-b554-a0cc2e02590d","metadata":[],"problems":[],"scope":{"containerScope":{"containerScope":{"containerScope":{"containerScope":{"contributions":{},"includedScopes":[]},"contributions":{},"includedScopes":[]},"contributions":{},"includedScopes":[{"containerScope":{"containerScope":{"containerScope":{"contributions":{},"includedScopes":[]},"contributions":{},"includedScopes":[]},"contributions":{},"includedScopes":[]},"contributions":{},"includedScopes":[]}]},"contributions":{},"includedScopes":[]},"contributions":{},"includedScopes":[]},"sentences":[{"id":"6a5c3947-ba14-494e-8ad4-5833cf07d936","metadata":[],"scope":{"containerScope":{"containerScope":{"containerScope":{"containerScope":{"containerScope":{"contributions":{},"includedScopes":[]},"contributions":{},"includedScopes":[]},"contributions":{},"includedScopes":[{"containerScope":{"containerScope":{"containerScope":{"contributions":{},"includedScopes":[]},"contributions":{},"includedScopes":[]},"contributions":{},"includedScopes":[]},"contributions":{},"includedScopes":[]}]},"contributions":{},"includedScopes":[]},"contributions":{},"includedScopes":[]},"contributions":{},"includedScopes":[]},"sourceMap":{"end":{"column":17,"line":58,"offset":1158},"start":{"column":5,"line":58,"offset":1146}},"value":{"id":"9b73996e-9ca7-4670-8c47-92470d5198f7","metadata":[],"scope":{"containerScope":{"containerScope":{"containerScope":{"containerScope":{"containerScope":{"containerScope":{"contributions":{},"includedScopes":[]},"contributions":{},"includedScopes":[]},"contributions":{},"includedScopes":[{"containerScope":{"containerScope":{"containerScope":{"contributions":{},"includedScopes":[]},"contributions":{},"includedScopes":[]},"contributions":{},"includedScopes":[]},"contributions":{},"includedScopes":[]}]},"contributions":{},"includedScopes":[]},"contributions":{},"includedScopes":[]},"contributions":{},"includedScopes":[]},"contributions":{},"includedScopes":[]},"sourceMap":{"end":{"column":17,"line":58,"offset":1158},"start":{"column":12,"line":58,"offset":1153}},"value":false}}],"sourceMap":{"end":{"column":4,"line":59,"offset":1162},"start":{"column":24,"line":57,"offset":1140}}},"compiled":false,"id":"8716d1d3-fcf8-4eca-8864-56d76b82efaa","isOverride":false,"metadata":[],"name":"puedeLlamar","parameters":[],"problems":[],"scope":{"containerScope":{"containerScope":{"containerScope":{"contributions":{},"includedScopes":[]},"contributions":{},"includedScopes":[]},"contributions":{},"includedScopes":[{"containerScope":{"containerScope":{"containerScope":{"contributions":{},"includedScopes":[]},"contributions":{},"includedScopes":[]},"contributions":{},"includedScopes":[]},"contributions":{},"includedScopes":[]}]},"contributions":{},"includedScopes":[]},"sourceMap":{"end":{"column":4,"line":59,"offset":1162},"start":{"column":3,"line":57,"offset":1119}}}],"metadata":[],"name":"roberto","problems":[],"scope":{"containerScope":{"containerScope":{"contributions":{},"includedScopes":[]},"contributions":{},"includedScopes":[]},"contributions":{},"includedScopes":[{"containerScope":{"containerScope":{"containerScope":{"contributions":{},"includedScopes":[]},"contributions":{},"includedScopes":[]},"contributions":{},"includedScopes":[]},"contributions":{},"includedScopes":[]}]},"sourceMap":{"end":{"column":2,"line":60,"offset":1164},"start":{"column":1,"line":33,"offset":615}},"supertypes":[]},{"id":"e75543b3-70a7-41b1-aba4-39bda455bf70","members":[{"body":{"id":"3567bc43-1d01-48e3-8a14-ae936589cac9","metadata":[],"problems":[],"scope":{"containerScope":{"containerScope":{"containerScope":{"containerScope":{"contributions":{},"includedScopes":[]},"contributions":{},"includedScopes":[]},"contributions":{},"includedScopes":[{"containerScope":{"containerScope":{"containerScope":{"contributions":{},"includedScopes":[]},"contributions":{},"includedScopes":[]},"contributions":{},"includedScopes":[]},"contributions":{},"includedScopes":[]}]},"contributions":{},"includedScopes":[]},"contributions":{},"includedScopes":[]},"sentences":[{"id":"ebe487ff-08d2-4716-9a00-50cd7942a4c7","metadata":[],"scope":{"containerScope":{"containerScope":{"containerScope":{"containerScope":{"containerScope":{"contributions":{},"includedScopes":[]},"contributions":{},"includedScopes":[]},"contributions":{},"includedScopes":[{"containerScope":{"containerScope":{"containerScope":{"contributions":{},"includedScopes":[]},"contributions":{},"includedScopes":[]},"contributions":{},"includedScopes":[]},"contributions":{},"includedScopes":[]}]},"contributions":{},"includedScopes":[]},"contributions":{},"includedScopes":[]},"contributions":{},"includedScopes":[]},"sourceMap":{"end":{"column":14,"line":64,"offset":1218},"start":{"column":5,"line":64,"offset":1209}},"value":{"id":"6eb9c019-10b3-46f7-bbc7-8f4c092428d7","metadata":[],"scope":{"containerScope":{"containerScope":{"containerScope":{"containerScope":{"containerScope":{"containerScope":{"contributions":{},"includedScopes":[]},"contributions":{},"includedScopes":[]},"contributions":{},"includedScopes":[{"containerScope":{"containerScope":{"containerScope":{"contributions":{},"includedScopes":[]},"contributions":{},"includedScopes":[]},"contributions":{},"includedScopes":[]},"contributions":{},"includedScopes":[]}]},"contributions":{},"includedScopes":[]},"contributions":{},"includedScopes":[]},"contributions":{},"includedScopes":[]},"contributions":{},"includedScopes":[]},"sourceMap":{"end":{"column":14,"line":64,"offset":1218},"start":{"column":12,"line":64,"offset":1216}},"value":80}}],"sourceMap":{"end":{"column":4,"line":65,"offset":1222},"start":{"column":17,"line":63,"offset":1203}}},"compiled":false,"id":"d7f062b2-a648-4772-88fd-b003047121bf","isOverride":false,"metadata":[],"name":"peso","parameters":[],"problems":[],"scope":{"containerScope":{"containerScope":{"containerScope":{"contributions":{},"includedScopes":[]},"contributions":{},"includedScopes":[]},"contributions":{},"includedScopes":[{"containerScope":{"containerScope":{"containerScope":{"contributions":{},"includedScopes":[]},"contributions":{},"includedScopes":[]},"contributions":{},"includedScopes":[]},"contributions":{},"includedScopes":[]}]},"contributions":{},"includedScopes":[]},"sourceMap":{"end":{"column":4,"line":65,"offset":1222},"start":{"column":3,"line":63,"offset":1189}}},{"body":{"id":"924d6ce5-5b3a-49ea-ac17-f0315e272513","metadata":[],"problems":[],"scope":{"containerScope":{"containerScope":{"containerScope":{"containerScope":{"contributions":{},"includedScopes":[]},"contributions":{},"includedScopes":[]},"contributions":{},"includedScopes":[{"containerScope":{"containerScope":{"containerScope":{"contributions":{},"includedScopes":[]},"contributions":{},"includedScopes":[]},"contributions":{},"includedScopes":[]},"contributions":{},"includedScopes":[]}]},"contributions":{},"includedScopes":[]},"contributions":{},"includedScopes":[]},"sentences":[{"id":"0fd0d107-e28f-45bd-839d-e56dc01ab839","metadata":[],"scope":{"containerScope":{"containerScope":{"containerScope":{"containerScope":{"containerScope":{"contributions":{},"includedScopes":[]},"contributions":{},"includedScopes":[]},"contributions":{},"includedScopes":[{"containerScope":{"containerScope":{"containerScope":{"contributions":{},"includedScopes":[]},"contributions":{},"includedScopes":[]},"contributions":{},"includedScopes":[]},"contributions":{},"includedScopes":[]}]},"contributions":{},"includedScopes":[]},"contributions":{},"includedScopes":[]},"contributions":{},"includedScopes":[]},"sourceMap":{"end":{"column":16,"line":67,"offset":1263},"start":{"column":5,"line":67,"offset":1252}},"value":{"id":"96896dd7-5de3-461f-83b2-9c4a17b99e3a","metadata":[],"scope":{"containerScope":{"containerScope":{"containerScope":{"containerScope":{"containerScope":{"containerScope":{"contributions":{},"includedScopes":[]},"contributions":{},"includedScopes":[]},"contributions":{},"includedScopes":[{"containerScope":{"containerScope":{"containerScope":{"contributions":{},"includedScopes":[]},"contributions":{},"includedScopes":[]},"contributions":{},"includedScopes":[]},"contributions":{},"includedScopes":[]}]},"contributions":{},"includedScopes":[]},"contributions":{},"includedScopes":[]},"contributions":{},"includedScopes":[]},"contributions":{},"includedScopes":[]},"sourceMap":{"end":{"column":16,"line":67,"offset":1263},"start":{"column":12,"line":67,"offset":1259}},"value":true}}],"sourceMap":{"end":{"column":4,"line":68,"offset":1267},"start":{"column":24,"line":66,"offset":1246}}},"compiled":false,"id":"027a41e9-50de-41ce-b8d2-54552c3a188f","isOverride":false,"metadata":[],"name":"puedeLlamar","parameters":[],"problems":[],"scope":{"containerScope":{"containerScope":{"containerScope":{"contributions":{},"includedScopes":[]},"contributions":{},"includedScopes":[]},"contributions":{},"includedScopes":[{"containerScope":{"containerScope":{"containerScope":{"contributions":{},"includedScopes":[]},"contributions":{},"includedScopes":[]},"contributions":{},"includedScopes":[]},"contributions":{},"includedScopes":[]}]},"contributions":{},"includedScopes":[]},"sourceMap":{"end":{"column":4,"line":68,"offset":1267},"start":{"column":3,"line":66,"offset":1225}}}],"metadata":[],"name":"chuckNorris","problems":[],"scope":{"containerScope":{"containerScope":{"contributions":{},"includedScopes":[]},"contributions":{},"includedScopes":[]},"contributions":{},"includedScopes":[{"containerScope":{"containerScope":{"containerScope":{"contributions":{},"includedScopes":[]},"contributions":{},"includedScopes":[]},"contributions":{},"includedScopes":[]},"contributions":{},"includedScopes":[]}]},"sourceMap":{"end":{"column":2,"line":69,"offset":1269},"start":{"column":1,"line":62,"offset":1166}},"supertypes":[]}],"metadata":[],"name":"example","problems":[{"code":"malformedEntity","sourceMap":{"end":{"column":2,"line":74,"offset":1308},"start":{"column":1,"line":71,"offset":1271}}}],"scope":{"containerScope":{"contributions":{},"includedScopes":[]},"contributions":{},"includedScopes":[]}},"stack":"Error: Failed to print, found malformed node\n    at c:\\Users\\Admin\\.vscode\\extensions\\uqbar.wollok-lsp-ide-0.5.0\\out\\server\\src\\server.js:68:3585\n    at Dbn (c:\\Users\\Admin\\.vscode\\extensions\\uqbar.wollok-lsp-ide-0.5.0\\out\\server\\src\\server.js:68:3396)\n    at c:\\Users\\Admin\\.vscode\\extensions\\uqbar.wollok-lsp-ide-0.5.0\\out\\server\\src\\server.js:2371:847\n    at c:\\Users\\Admin\\.vscode\\extensions\\uqbar.wollok-lsp-ide-0.5.0\\out\\server\\src\\server.js:2371:8632\n    at c:\\Users\\Admin\\.vscode\\extensions\\uqbar.wollok-lsp-ide-0.5.0\\out\\server\\src\\server.js:37:74770\n    at Ye (c:\\Users\\Admin\\.vscode\\extensions\\uqbar.wollok-lsp-ide-0.5.0\\out\\server\\src\\server.js:7:8527)\n    at Dt (c:\\Users\\Admin\\.vscode\\extensions\\uqbar.wollok-lsp-ide-0.5.0\\out\\server\\src\\server.js:7:6189)\n    at Zi (c:\\Users\\Admin\\.vscode\\extensions\\uqbar.wollok-lsp-ide-0.5.0\\out\\server\\src\\server.js:7:6378)\n    at Immediate._onImmediate (c:\\Users\\Admin\\.vscode\\extensions\\uqbar.wollok-lsp-ide-0.5.0\\out\\server\\src\\server.js:7:6142)\n    at process.processImmediate (node:internal/timers:483:21)","timestamp":"2025-04-28T13:33:47.781Z"}
{"level":"error","message":"✘ Failed to get type description: Error: Failed to print, found malformed node Failed to print, found malformed node","node":{"fileName":"example.wlk","id":"27888a7d-86b0-4734-be2b-288d2dd31087","imports":[],"members":[{"id":"14ac6662-552b-4527-bdbc-d62fbf895a34","members":[{"body":{"id":"b9699d37-a937-46b4-aca6-41f86d8c9e10","metadata":[],"problems":[],"scope":{"containerScope":{"containerScope":{"containerScope":{"containerScope":{"contributions":{},"includedScopes":[]},"contributions":{},"includedScopes":[]},"contributions":{},"includedScopes":[{"containerScope":{"containerScope":{"containerScope":{"contributions":{},"includedScopes":[]},"contributions":{},"includedScopes":[]},"contributions":{},"includedScopes":[]},"contributions":{},"includedScopes":[]}]},"contributions":{},"includedScopes":[]},"contributions":{},"includedScopes":[]},"sentences":[{"id":"2f13d942-8432-4157-a74d-1a2e69f65e73","metadata":[{"args":{"position":"start","text":"// Verifica si el paquete ha sido entregado"},"name":"comment"}],"scope":{"containerScope":{"containerScope":{"containerScope":{"containerScope":{"containerScope":{"contributions":{},"includedScopes":[]},"contributions":{},"includedScopes":[]},"contributions":{},"includedScopes":[{"containerScope":{"containerScope":{"containerScope":{"contributions":{},"includedScopes":[]},"contributions":{},"includedScopes":[]},"contributions":{},"includedScopes":[]},"contributions":{},"includedScopes":[]}]},"contributions":{},"includedScopes":[]},"contributions":{},"includedScopes":[]},"contributions":{},"includedScopes":[]},"sourceMap":{"end":{"column":16,"line":4,"offset":107},"start":{"column":5,"line":4,"offset":96}},"value":{"id":"fd81f8c8-6f6e-48b6-b8f5-c0887390b179","metadata":[],"scope":{"containerScope":{"containerScope":{"containerScope":{"containerScope":{"containerScope":{"containerScope":{"contributions":{},"includedScopes":[]},"contributions":{},"includedScopes":[]},"contributions":{},"includedScopes":[{"containerScope":{"containerScope":{"containerScope":{"contributions":{},"includedScopes":[]},"contributions":{},"includedScopes":[]},"contributions":{},"includedScopes":[]},"contributions":{},"includedScopes":[]}]},"contributions":{},"includedScopes":[]},"contributions":{},"includedScopes":[]},"contributions":{},"includedScopes":[]},"contributions":{},"includedScopes":[]},"sourceMap":{"end":{"column":16,"line":4,"offset":107},"start":{"column":12,"line":4,"offset":103}},"value":true}}],"sourceMap":{"end":{"column":4,"line":5,"offset":112},"start":{"column":26,"line":2,"offset":42}}},"compiled":false,"id":"21510f40-9b7d-47a3-af0b-e70352f8c24d","isOverride":false,"metadata":[],"name":"estaEntregado","parameters":[],"problems":[],"scope":{"containerScope":{"containerScope":{"containerScope":{"contributions":{},"includedScopes":[]},"contributions":{},"includedScopes":[]},"contributions":{},"includedScopes":[{"containerScope":{"containerScope":{"containerScope":{"contributions":{},"includedScopes":[]},"contributions":{},"includedScopes":[]},"contributions":{},"includedScopes":[]},"contributions":{},"includedScopes":[]}]},"contributions":{},"includedScopes":[]},"sourceMap":{"end":{"column":4,"line":5,"offset":112},"start":{"column":3,"line":2,"offset":19}}},{"body":{"id":"2982957b-a4f7-466c-a653-558613c95ef5","metadata":[],"problems":[],"scope":{"containerScope":{"containerScope":{"containerScope":{"containerScope":{"contributions":{},"includedScopes":[]},"contributions":{},"includedScopes":[]},"contributions":{},"includedScopes":[{"containerScope":{"containerScope":{"containerScope":{"contributions":{},"includedScopes":[]},"contributions":{},"includedScopes":[]},"contributions":{},"includedScopes":[]},"contributions":{},"includedScopes":[]}]},"contributions":{},"includedScopes":[]},"contributions":{},"includedScopes":[]},"sentences":[{"id":"50579409-e280-4154-900c-ee670d495058","metadata":[{"args":{"position":"start","text":"// Verifica si el paquete ha sido pagado"},"name":"comment"}],"scope":{"containerScope":{"containerScope":{"containerScope":{"containerScope":{"containerScope":{"contributions":{},"includedScopes":[]},"contributions":{},"includedScopes":[]},"contributions":{},"includedScopes":[{"containerScope":{"containerScope":{"containerScope":{"contributions":{},"includedScopes":[]},"contributions":{},"includedScopes":[]},"contributions":{},"includedScopes":[]},"contributions":{},"includedScopes":[]}]},"contributions":{},"includedScopes":[]},"contributions":{},"includedScopes":[]},"contributions":{},"includedScopes":[]},"sourceMap":{"end":{"column":16,"line":8,"offset":194},"start":{"column":5,"line":8,"offset":183}},"value":{"id":"574606fc-b70c-45c5-acc3-73d95d2b8e3f","metadata":[],"scope":{"containerScope":{"containerScope":{"containerScope":{"containerScope":{"containerScope":{"containerScope":{"contributions":{},"includedScopes":[]},"contributions":{},"includedScopes":[]},"contributions":{},"includedScopes":[{"containerScope":{"containerScope":{"containerScope":{"contributions":{},"includedScopes":[]},"contributions":{},"includedScopes":[]},"contributions":{},"includedScopes":[]},"contributions":{},"includedScopes":[]}]},"contributions":{},"includedScopes":[]},"contributions":{},"includedScopes":[]},"contributions":{},"includedScopes":[]},"contributions":{},"includedScopes":[]},"sourceMap":{"end":{"column":16,"line":8,"offset":194},"start":{"column":12,"line":8,"offset":190}},"value":true}}],"sourceMap":{"end":{"column":4,"line":9,"offset":199},"start":{"column":20,"line":6,"offset":132}}},"compiled":false,"id":"ae93fec0-9344-4d6f-b16c-fa8cf4360135","isOverride":false,"metadata":[],"name":"estaPago","parameters":[],"problems":[],"scope":{"containerScope":{"containerScope":{"containerScope":{"contributions":{},"includedScopes":[]},"contributions":{},"includedScopes":[]},"contributions":{},"includedScopes":[{"containerScope":{"containerScope":{"containerScope":{"contributions":{},"includedScopes":[]},"contributions":{},"includedScopes":[]},"contributions":{},"includedScopes":[]},"contributions":{},"includedScopes":[]}]},"contributions":{},"includedScopes":[]},"sourceMap":{"end":{"column":4,"line":9,"offset":199},"start":{"column":3,"line":6,"offset":115}}},{"body":{"id":"f2984fd7-7c14-4bae-9c4d-2fd8323f52ab","metadata":[],"problems":[],"scope":{"containerScope":{"containerScope":{"containerScope":{"containerScope":{"contributions":{},"includedScopes":[]},"contributions":{},"includedScopes":[]},"contributions":{},"includedScopes":[{"containerScope":{"containerScope":{"containerScope":{"contributions":{},"includedScopes":[]},"contributions":{},"includedScopes":[]},"contributions":{},"includedScopes":[]},"contributions":{},"includedScopes":[]}]},"contributions":{},"includedScopes":[]},"contributions":{},"includedScopes":[]},"sentences":[{"id":"dc5559f7-9acc-4430-bdbf-da21fa0d9bd7","metadata":[],"scope":{"containerScope":{"containerScope":{"containerScope":{"containerScope":{"containerScope":{"contributions":{},"includedScopes":[]},"contributions":{},"includedScopes":[]},"contributions":{},"includedScopes":[{"containerScope":{"containerScope":{"containerScope":{"contributions":{},"includedScopes":[]},"contributions":{},"includedScopes":[]},"contributions":{},"includedScopes":[]},"contributions":{},"includedScopes":[]}]},"contributions":{},"includedScopes":[]},"contributions":{},"includedScopes":[]},"contributions":{},"includedScopes":[]},"sourceMap":{"end":{"column":23,"line":11,"offset":256},"start":{"column":5,"line":11,"offset":238}},"value":{"id":"2d2a7cb7-a9d0-499c-a3f0-d5263d37c205","metadata":[],"name":"unMensajero","scope":{"containerScope":{"containerScope":{"containerScope":{"containerScope":{"containerScope":{"containerScope":{"contributions":{},"includedScopes":[]},"contributions":{},"includedScopes":[]},"contributions":{},"includedScopes":[{"containerScope":{"containerScope":{"containerScope":{"contributions":{},"includedScopes":[]},"contributions":{},"includedScopes":[]},"contributions":{},"includedScopes":[]},"contributions":{},"includedScopes":[]}]},"contributions":{},"includedScopes":[]},"contributions":{},"includedScopes":[]},"contributions":{},"includedScopes":[]},"contributions":{},"includedScopes":[]},"sourceMap":{"end":{"column":23,"line":11,"offset":256},"start":{"column":12,"line":11,"offset":245}}}}],"sourceMap":{"end":{"column":4,"line":12,"offset":260},"start":{"column":33,"line":10,"offset":232}}},"compiled":false,"id":"da04d2fd-0fd6-46c2-a0f9-a3c61a4c500a","isOverride":false,"metadata":[],"name":"mensajero","parameters":[{"id":"68188871-55ba-4d11-acb2-95ff83a9b84c","isVarArg":false,"metadata":[],"name":"unMensajero","scope":{"containerScope":{"containerScope":{"containerScope":{"containerScope":{"contributions":{},"includedScopes":[]},"contributions":{},"includedScopes":[]},"contributions":{},"includedScopes":[{"containerScope":{"containerScope":{"containerScope":{"contributions":{},"includedScopes":[]},"contributions":{},"includedScopes":[]},"contributions":{},"includedScopes":[]},"contributions":{},"includedScopes":[]}]},"contributions":{},"includedScopes":[]},"contributions":{},"includedScopes":[]},"sourceMap":{"end":{"column":31,"line":10,"offset":230},"start":{"column":20,"line":10,"offset":219}}}],"problems":[],"scope":{"containerScope":{"containerScope":{"containerScope":{"contributions":{},"includedScopes":[]},"contributions":{},"includedScopes":[]},"contributions":{},"includedScopes":[{"containerScope":{"containerScope":{"containerScope":{"contributions":{},"includedScopes":[]},"contributions":{},"includedScopes":[]},"contributions":{},"includedScopes":[]},"contributions":{},"includedScopes":[]}]},"contributions":{},"includedScopes":[]},"sourceMap":{"end":{"column":4,"line":12,"offset":260},"start":{"column":3,"line":10,"offset":202}}},{"body":{"id":"d19e3fb4-eab0-455f-a089-93924b22e43e","metadata":[],"problems":[],"scope":{"containerScope":{"containerScope":{"containerScope":{"containerScope":{"contributions":{},"includedScopes":[]},"contributions":{},"includedScopes":[]},"contributions":{},"includedScopes":[{"containerScope":{"containerScope":{"containerScope":{"contributions":{},"includedScopes":[]},"contributions":{},"includedScopes":[]},"contributions":{},"includedScopes":[]},"contributions":{},"includedScopes":[]}]},"contributions":{},"includedScopes":[]},"contributions":{},"includedScopes":[]},"sentences":[{"id":"acb31cfb-88b9-4500-a42c-85d531640592","metadata":[],"scope":{"containerScope":{"containerScope":{"containerScope":{"containerScope":{"containerScope":{"contributions":{},"includedScopes":[]},"contributions":{},"includedScopes":[]},"contributions":{},"includedScopes":[{"containerScope":{"containerScope":{"containerScope":{"contributions":{},"includedScopes":[]},"contributions":{},"includedScopes":[]},"contributions":{},"includedScopes":[]},"contributions":{},"includedScopes":[]}]},"contributions":{},"includedScopes":[]},"contributions":{},"includedScopes":[]},"contributions":{},"includedScopes":[]},"sourceMap":{"end":{"column":39,"line":14,"offset":349},"start":{"column":5,"line":14,"offset":315}},"value":{"args":[],"id":"cf7aa7c2-dc52-4a67-9a1e-91bd770bbb49","message":"metodoDeEnvio","metadata":[],"receiver":{"id":"016a9014-f06b-48dc-b99c-6a74b6729fd8","metadata":[],"name":"unMensajero","scope":{"containerScope":{"containerScope":{"containerScope":{"containerScope":{"containerScope":{"containerScope":{"containerScope":{"contributions":{},"includedScopes":[]},"contributions":{},"includedScopes":[]},"contributions":{},"includedScopes":[{"containerScope":{"containerScope":{"containerScope":{"contributions":{},"includedScopes":[]},"contributions":{},"includedScopes":[]},"contributions":{},"includedScopes":[]},"contributions":{},"includedScopes":[]}]},"contributions":{},"includedScopes":[]},"contributions":{},"includedScopes":[]},"contributions":{},"includedScopes":[]},"contributions":{},"includedScopes":[]},"contributions":{},"includedScopes":[]},"sourceMap":{"end":{"column":23,"line":14,"offset":333},"start":{"column":12,"line":14,"offset":322}}},"scope":{"containerScope":{"containerScope":{"containerScope":{"containerScope":{"containerScope":{"containerScope":{"contributions":{},"includedScopes":[]},"contributions":{},"includedScopes":[]},"contributions":{},"includedScopes":[{"containerScope":{"containerScope":{"containerScope":{"contributions":{},"includedScopes":[]},"contributions":{},"includedScopes":[]},"contributions":{},"includedScopes":[]},"contributions":{},"includedScopes":[]}]},"contributions":{},"includedScopes":[]},"contributions":{},"includedScopes":[]},"contributions":{},"includedScopes":[]},"contributions":{},"includedScopes":[]},"sourceMap":{"end":{"column":39,"line":14,"offset":349},"start":{"column":12,"line":14,"offset":322}}}}],"sourceMap":{"end":{"column":4,"line":15,"offset":353},"start":{"column":49,"line":13,"offset":309}}},"compiled":false,"id":"614a2e17-cfd8-4e08-8054-f59fa656b5da","isOverride":false,"metadata":[],"name":"metodoDeEnvioDelMensajero","parameters":[{"id":"52595a80-13ce-4515-870a-4166df368a5e","isVarArg":false,"metadata":[],"name":"unMensajero","scope":{"containerScope":{"containerScope":{"containerScope":{"containerScope":{"contributions":{},"includedScopes":[]},"contributions":{},"includedScopes":[]},"contributions":{},"includedScopes":[{"containerScope":{"containerScope":{"containerScope":{"contributions":{},"includedScopes":[]},"contributions":{},"includedScopes":[]},"contributions":{},"includedScopes":[]},"contributions":{},"includedScopes":[]}]},"contributions":{},"includedScopes":[]},"contributions":{},"includedScopes":[]},"sourceMap":{"end":{"column":47,"line":13,"offset":307},"start":{"column":36,"line":13,"offset":296}}}],"problems":[],"scope":{"containerScope":{"containerScope":{"containerScope":{"contributions":{},"includedScopes":[]},"contributions":{},"includedScopes":[]},"contributions":{},"includedScopes":[{"containerScope":{"containerScope":{"containerScope":{"contributions":{},"includedScopes":[]},"contributions":{},"includedScopes":[]},"contributions":{},"includedScopes":[]},"contributions":{},"includedScopes":[]}]},"contributions":{},"includedScopes":[]},"sourceMap":{"end":{"column":4,"line":15,"offset":353},"start":{"column":3,"line":13,"offset":263}}},{"body":{"id":"d7f647ef-c9f3-44df-8710-3a590e083c5f","metadata":[],"problems":[],"scope":{"containerScope":{"containerScope":{"containerScope":{"containerScope":{"contributions":{},"includedScopes":[]},"contributions":{},"includedScopes":[]},"contributions":{},"includedScopes":[{"containerScope":{"containerScope":{"containerScope":{"contributions":{},"includedScopes":[]},"contributions":{},"includedScopes":[]},"contributions":{},"includedScopes":[]},"contributions":{},"includedScopes":[]}]},"contributions":{},"includedScopes":[]},"contributions":{},"includedScopes":[]},"sentences":[{"id":"444634d0-a9ce-471f-9c07-37b0e971be62","metadata":[],"scope":{"containerScope":{"containerScope":{"containerScope":{"containerScope":{"containerScope":{"contributions":{},"includedScopes":[]},"contributions":{},"includedScopes":[]},"contributions":{},"includedScopes":[{"containerScope":{"containerScope":{"containerScope":{"contributions":{},"includedScopes":[]},"contributions":{},"includedScopes":[]},"contributions":{},"includedScopes":[]},"contributions":{},"includedScopes":[]}]},"contributions":{},"includedScopes":[]},"contributions":{},"includedScopes":[]},"contributions":{},"includedScopes":[]},"sourceMap":{"end":{"column":21,"line":17,"offset":404},"start":{"column":5,"line":17,"offset":388}},"value":{"id":"5e26f164-fa9f-49fe-a23d-5ed8219f5d1a","metadata":[],"name":"unDestino","scope":{"containerScope":{"containerScope":{"containerScope":{"containerScope":{"containerScope":{"containerScope":{"contributions":{},"includedScopes":[]},"contributions":{},"includedScopes":[]},"contributions":{},"includedScopes":[{"containerScope":{"containerScope":{"containerScope":{"contributions":{},"includedScopes":[]},"contributions":{},"includedScopes":[]},"contributions":{},"includedScopes":[]},"contributions":{},"includedScopes":[]}]},"contributions":{},"includedScopes":[]},"contributions":{},"includedScopes":[]},"contributions":{},"includedScopes":[]},"contributions":{},"includedScopes":[]},"sourceMap":{"end":{"column":21,"line":17,"offset":404},"start":{"column":12,"line":17,"offset":395}}}}],"sourceMap":{"end":{"column":4,"line":18,"offset":408},"start":{"column":29,"line":16,"offset":382}}},"compiled":false,"id":"5f609ea2-26a3-4eb1-8590-deac06816c7e","isOverride":false,"metadata":[],"name":"destino","parameters":[{"id":"a10cbe18-922d-4214-9d13-a1c0d5b23b39","isVarArg":false,"metadata":[],"name":"unDestino","scope":{"containerScope":{"containerScope":{"containerScope":{"containerScope":{"contributions":{},"includedScopes":[]},"contributions":{},"includedScopes":[]},"contributions":{},"includedScopes":[{"containerScope":{"containerScope":{"containerScope":{"contributions":{},"includedScopes":[]},"contributions":{},"includedScopes":[]},"contributions":{},"includedScopes":[]},"contributions":{},"includedScopes":[]}]},"contributions":{},"includedScopes":[]},"contributions":{},"includedScopes":[]},"sourceMap":{"end":{"column":27,"line":16,"offset":380},"start":{"column":18,"line":16,"offset":371}}}],"problems":[],"scope":{"containerScope":{"containerScope":{"containerScope":{"contributions":{},"includedScopes":[]},"contributions":{},"includedScopes":[]},"contributions":{},"includedScopes":[{"containerScope":{"containerScope":{"containerScope":{"contributions":{},"includedScopes":[]},"contributions":{},"includedScopes":[]},"contributions":{},"includedScopes":[]},"contributions":{},"includedScopes":[]}]},"contributions":{},"includedScopes":[]},"sourceMap":{"end":{"column":4,"line":18,"offset":408},"start":{"column":3,"line":16,"offset":356}}}],"metadata":[],"name":"paquete","problems":[],"scope":{"containerScope":{"containerScope":{"contributions":{},"includedScopes":[]},"contributions":{},"includedScopes":[]},"contributions":{},"includedScopes":[{"containerScope":{"containerScope":{"containerScope":{"contributions":{},"includedScopes":[]},"contributions":{},"includedScopes":[]},"contributions":{},"includedScopes":[]},"contributions":{},"includedScopes":[]}]},"sourceMap":{"end":{"column":2,"line":19,"offset":410},"start":{"column":1,"line":1,"offset":0}},"supertypes":[]},{"id":"83d85df1-181d-45c7-858c-f0b7054d3487","members":[{"body":{"id":"f38f134d-f288-4db9-b39d-b91b219999d8","metadata":[],"problems":[],"scope":{"containerScope":{"containerScope":{"containerScope":{"containerScope":{"contributions":{},"includedScopes":[]},"contributions":{},"includedScopes":[]},"contributions":{},"includedScopes":[{"containerScope":{"containerScope":{"containerScope":{"contributions":{},"includedScopes":[]},"contributions":{},"includedScopes":[]},"contributions":{},"includedScopes":[]},"contributions":{},"includedScopes":[]}]},"contributions":{},"includedScopes":[]},"contributions":{},"includedScopes":[]},"sentences":[{"id":"df270826-4681-410f-a61e-61fbeaa64436","metadata":[],"scope":{"containerScope":{"containerScope":{"containerScope":{"containerScope":{"containerScope":{"contributions":{},"includedScopes":[]},"contributions":{},"includedScopes":[]},"contributions":{},"includedScopes":[{"containerScope":{"containerScope":{"containerScope":{"contributions":{},"includedScopes":[]},"contributions":{},"includedScopes":[]},"contributions":{},"includedScopes":[]},"contributions":{},"includedScopes":[]}]},"contributions":{},"includedScopes":[]},"contributions":{},"includedScopes":[]},"contributions":{},"includedScopes":[]},"sourceMap":{"end":{"column":38,"line":23,"offset":510},"start":{"column":5,"line":23,"offset":477}},"value":{"args":[{"id":"6c951f37-6cc3-4536-b919-3e690b84f5cc","metadata":[],"scope":{"containerScope":{"containerScope":{"containerScope":{"containerScope":{"containerScope":{"containerScope":{"containerScope":{"contributions":{},"includedScopes":[]},"contributions":{},"includedScopes":[]},"contributions":{},"includedScopes":[{"containerScope":{"containerScope":{"containerScope":{"contributions":{},"includedScopes":[]},"contributions":{},"includedScopes":[]},"contributions":{},"includedScopes":[]},"contributions":{},"includedScopes":[]}]},"contributions":{},"includedScopes":[]},"contributions":{},"includedScopes":[]},"contributions":{},"includedScopes":[]},"contributions":{},"includedScopes":[]},"contributions":{},"includedScopes":[]},"sourceMap":{"end":{"column":38,"line":23,"offset":510},"start":{"column":33,"line":23,"offset":505}},"value":10000}],"id":"72be25e4-3753-4a3d-8918-65d7113c505e","message":">","metadata":[],"receiver":{"args":[],"id":"3cde3f99-e638-4ebf-8f01-c804d2d38a58","message":"peso","metadata":[],"receiver":{"id":"dbe0ef6a-b3a7-4067-b277-c52fe153bb8b","metadata":[],"name":"unMensajero","scope":{"containerScope":{"containerScope":{"containerScope":{"containerScope":{"containerScope":{"containerScope":{"containerScope":{"containerScope":{"contributions":{},"includedScopes":[]},"contributions":{},"includedScopes":[]},"contributions":{},"includedScopes":[{"containerScope":{"containerScope":{"containerScope":{"contributions":{},"includedScopes":[]},"contributions":{},"includedScopes":[]},"contributions":{},"includedScopes":[]},"contributions":{},"includedScopes":[]}]},"contributions":{},"includedScopes":[]},"contributions":{},"includedScopes":[]},"contributions":{},"includedScopes":[]},"contributions":{},"includedScopes":[]},"contributions":{},"includedScopes":[]},"contributions":{},"includedScopes":[]},"sourceMap":{"end":{"column":23,"line":23,"offset":495},"start":{"column":12,"line":23,"offset":484}}},"scope":{"containerScope":{"containerScope":{"containerScope":{"containerScope":{"containerScope":{"containerScope":{"containerScope":{"contributions":{},"includedScopes":[]},"contributions":{},"includedScopes":[]},"contributions":{},"includedScopes":[{"containerScope":{"containerScope":{"containerScope":{"contributions":{},"includedScopes":[]},"contributions":{},"includedScopes":[]},"contributions":{},"includedScopes":[]},"contributions":{},"includedScopes":[]}]},"contributions":{},"includedScopes":[]},"contributions":{},"includedScopes":[]},"contributions":{},"includedScopes":[]},"contributions":{},"includedScopes":[]},"contributions":{},"includedScopes":[]},"sourceMap":{"end":{"column":30,"line":23,"offset":502},"start":{"column":12,"line":23,"offset":484}}},"scope":{"containerScope":{"containerScope":{"containerScope":{"containerScope":{"containerScope":{"containerScope":{"contributions":{},"includedScopes":[]},"contributions":{},"includedScopes":[]},"contributions":{},"includedScopes":[{"containerScope":{"containerScope":{"containerScope":{"contributions":{},"includedScopes":[]},"contributions":{},"includedScopes":[]},"contributions":{},"includedScopes":[]},"contributions":{},"includedScopes":[]}]},"contributions":{},"includedScopes":[]},"contributions":{},"includedScopes":[]},"contributions":{},"includedScopes":[]},"contributions":{},"includedScopes":[]},"sourceMap":{"end":{"column":38,"line":23,"offset":510},"start":{"column":12,"line":23,"offset":484}}}}],"sourceMap":{"end":{"column":4,"line":24,"offset":514},"start":{"column":34,"line":22,"offset":471}}},"compiled":false,"id":"54fb7250-e36f-422b-9144-c1c6fc01beb1","isOverride":false,"metadata":[],"name":"puedePasar","parameters":[{"id":"4af9e33f-3bd4-4129-b78f-a493654290ec","isVarArg":false,"metadata":[],"name":"unMensajero","scope":{"containerScope":{"containerScope":{"containerScope":{"containerScope":{"contributions":{},"includedScopes":[]},"contributions":{},"includedScopes":[]},"contributions":{},"includedScopes":[{"containerScope":{"containerScope":{"containerScope":{"contributions":{},"includedScopes":[]},"contributions":{},"includedScopes":[]},"contributions":{},"includedScopes":[]},"contributions":{},"includedScopes":[]}]},"contributions":{},"includedScopes":[]},"contributions":{},"includedScopes":[]},"sourceMap":{"end":{"column":32,"line":22,"offset":469},"start":{"column":21,"line":22,"offset":458}}}],"problems":[],"scope":{"containerScope":{"containerScope":{"containerScope":{"contributions":{},"includedScopes":[]},"contributions":{},"includedScopes":[]},"contributions":{},"includedScopes":[{"containerScope":{"containerScope":{"containerScope":{"contributions":{},"includedScopes":[]},"contributions":{},"includedScopes":[]},"contributions":{},"includedScopes":[]},"contributions":{},"includedScopes":[]}]},"contributions":{},"includedScopes":[]},"sourceMap":{"end":{"column":4,"line":24,"offset":514},"start":{"column":3,"line":22,"offset":440}}}],"metadata":[],"name":"puenteDeBrooklyn","problems":[],"scope":{"containerScope":{"containerScope":{"contributions":{},"includedScopes":[]},"contributions":{},"includedScopes":[]},"contributions":{},"includedScopes":[{"containerScope":{"containerScope":{"containerScope":{"contributions":{},"includedScopes":[]},"contributions":{},"includedScopes":[]},"contributions":{},"includedScopes":[]},"contributions":{},"includedScopes":[]}]},"sourceMap":{"end":{"column":2,"line":25,"offset":516},"start":{"column":1,"line":21,"offset":412}},"supertypes":[]},{"id":"26aa5351-9d99-4367-b5c8-0e8cae5ff4e7","members":[{"body":{"id":"464e2ef3-7591-4782-8cf9-d0727a3428ee","metadata":[],"problems":[],"scope":{"containerScope":{"containerScope":{"containerScope":{"containerScope":{"contributions":{},"includedScopes":[]},"contributions":{},"includedScopes":[]},"contributions":{},"includedScopes":[{"containerScope":{"containerScope":{"containerScope":{"contributions":{},"includedScopes":[]},"contributions":{},"includedScopes":[]},"contributions":{},"includedScopes":[]},"contributions":{},"includedScopes":[]}]},"contributions":{},"includedScopes":[]},"contributions":{},"includedScopes":[]},"sentences":[{"id":"7334b189-a3f8-4de7-8c46-7bab6dec8710","metadata":[],"scope":{"containerScope":{"containerScope":{"containerScope":{"containerScope":{"containerScope":{"contributions":{},"includedScopes":[]},"contributions":{},"includedScopes":[]},"contributions":{},"includedScopes":[{"containerScope":{"containerScope":{"containerScope":{"contributions":{},"includedScopes":[]},"contributions":{},"includedScopes":[]},"contributions":{},"includedScopes":[]},"contributions":{},"includedScopes":[]}]},"contributions":{},"includedScopes":[]},"contributions":{},"includedScopes":[]},"contributions":{},"includedScopes":[]},"sourceMap":{"end":{"column":37,"line":29,"offset":607},"start":{"column":5,"line":29,"offset":575}},"value":{"args":[],"id":"c28b268e-f2cd-4517-836b-38c829b8420f","message":"puedeLlamar","metadata":[],"receiver":{"id":"a4f1b915-1d0f-4c13-9955-c79f690f9488","metadata":[],"name":"unMensajero","scope":{"containerScope":{"containerScope":{"containerScope":{"containerScope":{"containerScope":{"containerScope":{"containerScope":{"contributions":{},"includedScopes":[]},"contributions":{},"includedScopes":[]},"contributions":{},"includedScopes":[{"containerScope":{"containerScope":{"containerScope":{"contributions":{},"includedScopes":[]},"contributions":{},"includedScopes":[]},"contributions":{},"includedScopes":[]},"contributions":{},"includedScopes":[]}]},"contributions":{},"includedScopes":[]},"contributions":{},"includedScopes":[]},"contributions":{},"includedScopes":[]},"contributions":{},"includedScopes":[]},"contributions":{},"includedScopes":[]},"sourceMap":{"end":{"column":23,"line":29,"offset":593},"start":{"column":12,"line":29,"offset":582}}},"scope":{"containerScope":{"containerScope":{"containerScope":{"containerScope":{"containerScope":{"containerScope":{"contributions":{},"includedScopes":[]},"contributions":{},"includedScopes":[]},"contributions":{},"includedScopes":[{"containerScope":{"containerScope":{"containerScope":{"contributions":{},"includedScopes":[]},"contributions":{},"includedScopes":[]},"contributions":{},"includedScopes":[]},"contributions":{},"includedScopes":[]}]},"contributions":{},"includedScopes":[]},"contributions":{},"includedScopes":[]},"contributions":{},"includedScopes":[]},"contributions":{},"includedScopes":[]},"sourceMap":{"end":{"column":37,"line":29,"offset":607},"start":{"column":12,"line":29,"offset":582}}}}],"sourceMap":{"end":{"column":4,"line":30,"offset":611},"start":{"column":34,"line":28,"offset":569}}},"compiled":false,"id":"8fac77c9-b649-47c0-864c-a471532000df","isOverride":false,"metadata":[],"name":"puedePasar","parameters":[{"id":"1c4f2d8b-d86b-4301-854b-bb10bc0f6a7a","isVarArg":false,"metadata":[],"name":"unMensajero","scope":{"containerScope":{"containerScope":{"containerScope":{"containerScope":{"contributions":{},"includedScopes":[]},"contributions":{},"includedScopes":[]},"contributions":{},"includedScopes":[{"containerScope":{"containerScope":{"containerScope":{"contributions":{},"includedScopes":[]},"contributions":{},"includedScopes":[]},"contributions":{},"includedScopes":[]},"contributions":{},"includedScopes":[]}]},"contributions":{},"includedScopes":[]},"contributions":{},"includedScopes":[]},"sourceMap":{"end":{"column":32,"line":28,"offset":567},"start":{"column":21,"line":28,"offset":556}}}],"problems":[],"scope":{"containerScope":{"containerScope":{"containerScope":{"contributions":{},"includedScopes":[]},"contributions":{},"includedScopes":[]},"contributions":{},"includedScopes":[{"containerScope":{"containerScope":{"containerScope":{"contributions":{},"includedScopes":[]},"contributions":{},"includedScopes":[]},"contributions":{},"includedScopes":[]},"contributions":{},"includedScopes":[]}]},"contributions":{},"includedScopes":[]},"sourceMap":{"end":{"column":4,"line":30,"offset":611},"start":{"column":3,"line":28,"offset":538}}}],"metadata":[],"name":"laMatrix","problems":[],"scope":{"containerScope":{"containerScope":{"contributions":{},"includedScopes":[]},"contributions":{},"includedScopes":[]},"contributions":{},"includedScopes":[{"containerScope":{"containerScope":{"containerScope":{"contributions":{},"includedScopes":[]},"contributions":{},"includedScopes":[]},"contributions":{},"includedScopes":[]},"contributions":{},"includedScopes":[]}]},"sourceMap":{"end":{"column":2,"line":31,"offset":613},"start":{"column":1,"line":27,"offset":518}},"supertypes":[]},{"id":"7ebec1bc-878c-4cfb-9d44-a979b7b45065","members":[{"id":"c3da856d-7410-4097-a303-cc71c1ecae0d","isConstant":false,"isProperty":false,"metadata":[],"name":"peso","scope":{"containerScope":{"containerScope":{"containerScope":{"contributions":{},"includedScopes":[]},"contributions":{},"includedScopes":[]},"contributions":{},"includedScopes":[{"containerScope":{"containerScope":{"containerScope":{"contributions":{},"includedScopes":[]},"contributions":{},"includedScopes":[]},"contributions":{},"includedScopes":[]},"contributions":{},"includedScopes":[]}]},"contributions":{},"includedScopes":[]},"sourceMap":{"end":{"column":16,"line":34,"offset":647},"start":{"column":3,"line":34,"offset":634}},"value":{"id":"acb5c283-59fa-4413-963f-e7d3d9ed04e3","metadata":[],"scope":{"containerScope":{"containerScope":{"containerScope":{"containerScope":{"contributions":{},"includedScopes":[]},"contributions":{},"includedScopes":[]},"contributions":{},"includedScopes":[{"containerScope":{"containerScope":{"containerScope":{"contributions":{},"includedScopes":[]},"contributions":{},"includedScopes":[]},"contributions":{},"includedScopes":[]},"contributions":{},"includedScopes":[]}]},"contributions":{},"includedScopes":[]},"contributions":{},"includedScopes":[]},"sourceMap":{"end":{"column":16,"line":34,"offset":647},"start":{"column":14,"line":34,"offset":645}},"value":90}},{"body":{"id":"89033387-a0ca-4aae-9a60-edf3f031991e","metadata":[],"problems":[],"scope":{"containerScope":{"containerScope":{"containerScope":{"containerScope":{"contributions":{},"includedScopes":[]},"contributions":{},"includedScopes":[]},"contributions":{},"includedScopes":[{"containerScope":{"containerScope":{"containerScope":{"contributions":{},"includedScopes":[]},"contributions":{},"includedScopes":[]},"contributions":{},"includedScopes":[]},"contributions":{},"includedScopes":[]}]},"contributions":{},"includedScopes":[]},"contributions":{},"includedScopes":[]},"sentences":[{"id":"7ef6b1ac-ffd8-4742-a4a0-b6e4564439fc","metadata":[],"scope":{"containerScope":{"containerScope":{"containerScope":{"containerScope":{"containerScope":{"contributions":{},"includedScopes":[]},"contributions":{},"includedScopes":[]},"contributions":{},"includedScopes":[{"containerScope":{"containerScope":{"containerScope":{"contributions":{},"includedScopes":[]},"contributions":{},"includedScopes":[]},"contributions":{},"includedScopes":[]},"contributions":{},"includedScopes":[]}]},"contributions":{},"includedScopes":[]},"contributions":{},"includedScopes":[]},"contributions":{},"includedScopes":[]},"sourceMap":{"end":{"column":16,"line":36,"offset":681},"start":{"column":5,"line":36,"offset":670}},"value":{"id":"e5599a48-24d9-4c28-9aa8-06dc708b20a9","metadata":[],"name":"peso","scope":{"containerScope":{"containerScope":{"containerScope":{"containerScope":{"containerScope":{"containerScope":{"contributions":{},"includedScopes":[]},"contributions":{},"includedScopes":[]},"contributions":{},"includedScopes":[{"containerScope":{"containerScope":{"containerScope":{"contributions":{},"includedScopes":[]},"contributions":{},"includedScopes":[]},"contributions":{},"includedScopes":[]},"contributions":{},"includedScopes":[]}]},"contributions":{},"includedScopes":[]},"contributions":{},"includedScopes":[]},"contributions":{},"includedScopes":[]},"contributions":{},"includedScopes":[]},"sourceMap":{"end":{"column":16,"line":36,"offset":681},"start":{"column":12,"line":36,"offset":677}}}}],"sourceMap":{"end":{"column":4,"line":37,"offset":685},"start":{"column":17,"line":35,"offset":664}}},"compiled":false,"id":"7435e21c-f302-4fb0-a462-37403b47d91a","isOverride":false,"metadata":[],"name":"peso","parameters":[],"problems":[],"scope":{"containerScope":{"containerScope":{"containerScope":{"contributions":{},"includedScopes":[]},"contributions":{},"includedScopes":[]},"contributions":{},"includedScopes":[{"containerScope":{"containerScope":{"containerScope":{"contributions":{},"includedScopes":[]},"contributions":{},"includedScopes":[]},"contributions":{},"includedScopes":[]},"contributions":{},"includedScopes":[]}]},"contributions":{},"includedScopes":[]},"sourceMap":{"end":{"column":4,"line":37,"offset":685},"start":{"column":3,"line":35,"offset":650}}},{"id":"c9669dbd-839b-4d65-872c-5e253ba993f6","isConstant":false,"isProperty":false,"metadata":[],"name":"metodoDesignado","scope":{"containerScope":{"containerScope":{"containerScope":{"contributions":{},"includedScopes":[]},"contributions":{},"includedScopes":[]},"contributions":{},"includedScopes":[{"containerScope":{"containerScope":{"containerScope":{"contributions":{},"includedScopes":[]},"contributions":{},"includedScopes":[]},"contributions":{},"includedScopes":[]},"contributions":{},"includedScopes":[]}]},"contributions":{},"includedScopes":[]},"sourceMap":{"end":{"column":36,"line":38,"offset":721},"start":{"column":3,"line":38,"offset":688}},"value":{"id":"5733a105-b64a-442c-baaa-33e8a1e411ab","metadata":[],"scope":{"containerScope":{"containerScope":{"containerScope":{"containerScope":{"contributions":{},"includedScopes":[]},"contributions":{},"includedScopes":[]},"contributions":{},"includedScopes":[{"containerScope":{"containerScope":{"containerScope":{"contributions":{},"includedScopes":[]},"contributions":{},"includedScopes":[]},"contributions":{},"includedScopes":[]},"contributions":{},"includedScopes":[]}]},"contributions":{},"includedScopes":[]},"contributions":{},"includedScopes":[]},"sourceMap":{"end":{"column":36,"line":38,"offset":721},"start":{"column":25,"line":38,"offset":710}},"value":"bicicleta"}},{"body":{"id":"53a78a19-17a9-4ea2-b38b-7652b5546d19","metadata":[],"problems":[],"scope":{"containerScope":{"containerScope":{"containerScope":{"containerScope":{"contributions":{},"includedScopes":[]},"contributions":{},"includedScopes":[]},"contributions":{},"includedScopes":[{"containerScope":{"containerScope":{"containerScope":{"contributions":{},"includedScopes":[]},"contributions":{},"includedScopes":[]},"contributions":{},"includedScopes":[]},"contributions":{},"includedScopes":[]}]},"contributions":{},"includedScopes":[]},"contributions":{},"includedScopes":[]},"sentences":[{"id":"79eefcae-40da-4720-8fe3-514c237281ee","metadata":[],"scope":{"containerScope":{"containerScope":{"containerScope":{"containerScope":{"containerScope":{"contributions":{},"includedScopes":[]},"contributions":{},"includedScopes":[]},"contributions":{},"includedScopes":[{"containerScope":{"containerScope":{"containerScope":{"contributions":{},"includedScopes":[]},"contributions":{},"includedScopes":[]},"contributions":{},"includedScopes":[]},"contributions":{},"includedScopes":[]}]},"contributions":{},"includedScopes":[]},"contributions":{},"includedScopes":[]},"contributions":{},"includedScopes":[]},"sourceMap":{"end":{"column":27,"line":40,"offset":775},"start":{"column":5,"line":40,"offset":753}},"value":{"id":"54f22c05-e1d4-4e73-bbf0-2e1126593d28","metadata":[],"name":"metodoDesignado","scope":{"containerScope":{"containerScope":{"containerScope":{"containerScope":{"containerScope":{"containerScope":{"contributions":{},"includedScopes":[]},"contributions":{},"includedScopes":[]},"contributions":{},"includedScopes":[{"containerScope":{"containerScope":{"containerScope":{"contributions":{},"includedScopes":[]},"contributions":{},"includedScopes":[]},"contributions":{},"includedScopes":[]},"contributions":{},"includedScopes":[]}]},"contributions":{},"includedScopes":[]},"contributions":{},"includedScopes":[]},"contributions":{},"includedScopes":[]},"contributions":{},"includedScopes":[]},"sourceMap":{"end":{"column":27,"line":40,"offset":775},"start":{"column":12,"line":40,"offset":760}}}}],"sourceMap":{"end":{"column":4,"line":41,"offset":779},"start":{"column":26,"line":39,"offset":747}}},"compiled":false,"id":"ed309a26-0f34-4ff3-a5cc-ee1c1de582d1","isOverride":false,"metadata":[],"name":"metodoDeEnvio","parameters":[],"problems":[],"scope":{"containerScope":{"containerScope":{"containerScope":{"contributions":{},"includedScopes":[]},"contributions":{},"includedScopes":[]},"contributions":{},"includedScopes":[{"containerScope":{"containerScope":{"containerScope":{"contributions":{},"includedScopes":[]},"contributions":{},"includedScopes":[]},"contributions":{},"includedScopes":[]},"contributions":{},"includedScopes":[]}]},"contributions":{},"includedScopes":[]},"sourceMap":{"end":{"column":4,"line":41,"offset":779},"start":{"column":3,"line":39,"offset":724}}},{"body":{"id":"8e47698f-2e80-43d2-89ef-808893a0d481","metadata":[],"problems":[],"scope":{"containerScope":{"containerScope":{"containerScope":{"containerScope":{"contributions":{},"includedScopes":[]},"contributions":{},"includedScopes":[]},"contributions":{},"includedScopes":[{"containerScope":{"containerScope":{"containerScope":{"contributions":{},"includedScopes":[]},"contributions":{},"includedScopes":[]},"contributions":{},"includedScopes":[]},"contributions":{},"includedScopes":[]}]},"contributions":{},"includedScopes":[]},"contributions":{},"includedScopes":[]},"sentences":[{"id":"27f51b76-f95b-420e-919d-f7e3412d53cb","metadata":[],"scope":{"containerScope":{"containerScope":{"containerScope":{"containerScope":{"containerScope":{"contributions":{},"includedScopes":[]},"contributions":{},"includedScopes":[]},"contributions":{},"includedScopes":[{"containerScope":{"containerScope":{"containerScope":{"contributions":{},"includedScopes":[]},"contributions":{},"includedScopes":[]},"contributions":{},"includedScopes":[]},"contributions":{},"includedScopes":[]}]},"contributions":{},"includedScopes":[]},"contributions":{},"includedScopes":[]},"contributions":{},"includedScopes":[]},"sourceMap":{"end":{"column":31,"line":43,"offset":845},"start":{"column":5,"line":43,"offset":819}},"value":{"id":"44a6c09f-5e03-4eca-b859-2791fa7049d2","metadata":[],"name":"unMetodo","scope":{"containerScope":{"containerScope":{"containerScope":{"containerScope":{"containerScope":{"containerScope":{"contributions":{},"includedScopes":[]},"contributions":{},"includedScopes":[]},"contributions":{},"includedScopes":[{"containerScope":{"containerScope":{"containerScope":{"contributions":{},"includedScopes":[]},"contributions":{},"includedScopes":[]},"contributions":{},"includedScopes":[]},"contributions":{},"includedScopes":[]}]},"contributions":{},"includedScopes":[]},"contributions":{},"includedScopes":[]},"contributions":{},"includedScopes":[]},"contributions":{},"includedScopes":[]},"sourceMap":{"end":{"column":31,"line":43,"offset":845},"start":{"column":23,"line":43,"offset":837}}},"variable":{"id":"b210207a-148a-4a0d-a905-d7bdb961d2f5","metadata":[],"name":"metodoDesignado","scope":{"containerScope":{"containerScope":{"containerScope":{"containerScope":{"containerScope":{"containerScope":{"contributions":{},"includedScopes":[]},"contributions":{},"includedScopes":[]},"contributions":{},"includedScopes":[{"containerScope":{"containerScope":{"containerScope":{"contributions":{},"includedScopes":[]},"contributions":{},"includedScopes":[]},"contributions":{},"includedScopes":[]},"contributions":{},"includedScopes":[]}]},"contributions":{},"includedScopes":[]},"contributions":{},"includedScopes":[]},"contributions":{},"includedScopes":[]},"contributions":{},"includedScopes":[]},"sourceMap":{"end":{"column":20,"line":43,"offset":834},"start":{"column":5,"line":43,"offset":819}}}}],"sourceMap":{"end":{"column":4,"line":44,"offset":849},"start":{"column":34,"line":42,"offset":813}}},"compiled":false,"id":"bf0a4eb5-2531-4072-b123-eabe17526e8d","isOverride":false,"metadata":[],"name":"metodoDeEnvio","parameters":[{"id":"bb25d9d9-0d6b-4f7e-8694-57a0c1b2ac81","isVarArg":false,"metadata":[],"name":"unMetodo","scope":{"containerScope":{"containerScope":{"containerScope":{"containerScope":{"contributions":{},"includedScopes":[]},"contributions":{},"includedScopes":[]},"contributions":{},"includedScopes":[{"containerScope":{"containerScope":{"containerScope":{"contributions":{},"includedScopes":[]},"contributions":{},"includedScopes":[]},"contributions":{},"includedScopes":[]},"contributions":{},"includedScopes":[]}]},"contributions":{},"includedScopes":[]},"contributions":{},"includedScopes":[]},"sourceMap":{"end":{"column":32,"line":42,"offset":811},"start":{"column":24,"line":42,"offset":803}}}],"problems":[],"scope":{"containerScope":{"containerScope":{"containerScope":{"contributions":{},"includedScopes":[]},"contributions":{},"includedScopes":[]},"contributions":{},"includedScopes":[{"containerScope":{"containerScope":{"containerScope":{"contributions":{},"includedScopes":[]},"contributions":{},"includedScopes":[]},"contributions":{},"includedScopes":[]},"contributions":{},"includedScopes":[]}]},"contributions":{},"includedScopes":[]},"sourceMap":{"end":{"column":4,"line":44,"offset":849},"start":{"column":3,"line":42,"offset":782}}},{"body":{"id":"54b3c7be-a870-40bb-976e-c84ce7b33cd9","metadata":[],"problems":[],"scope":{"containerScope":{"containerScope":{"containerScope":{"containerScope":{"contributions":{},"includedScopes":[]},"contributions":{},"includedScopes":[]},"contributions":{},"includedScopes":[{"containerScope":{"containerScope":{"containerScope":{"contributions":{},"includedScopes":[]},"contributions":{},"includedScopes":[]},"contributions":{},"includedScopes":[]},"contributions":{},"includedScopes":[]}]},"contributions":{},"includedScopes":[]},"contributions":{},"includedScopes":[]},"sentences":[{"id":"fb4b4ed1-072b-42c7-ba57-9929255f2683","metadata":[],"scope":{"containerScope":{"containerScope":{"containerScope":{"containerScope":{"containerScope":{"contributions":{},"includedScopes":[]},"contributions":{},"includedScopes":[]},"contributions":{},"includedScopes":[{"containerScope":{"containerScope":{"containerScope":{"contributions":{},"includedScopes":[]},"contributions":{},"includedScopes":[]},"contributions":{},"includedScopes":[]},"contributions":{},"includedScopes":[]}]},"contributions":{},"includedScopes":[]},"contributions":{},"includedScopes":[]},"contributions":{},"includedScopes":[]},"sourceMap":{"end":{"column":14,"line":46,"offset":893},"start":{"column":5,"line":46,"offset":884}},"value":{"args":[{"id":"97a4d1ec-f0dc-4dd3-a638-7f27df2f26fe","metadata":[],"scope":{"containerScope":{"containerScope":{"containerScope":{"containerScope":{"containerScope":{"containerScope":{"containerScope":{"contributions":{},"includedScopes":[]},"contributions":{},"includedScopes":[]},"contributions":{},"includedScopes":[{"containerScope":{"containerScope":{"containerScope":{"contributions":{},"includedScopes":[]},"contributions":{},"includedScopes":[]},"contributions":{},"includedScopes":[]},"contributions":{},"includedScopes":[]}]},"contributions":{},"includedScopes":[]},"contributions":{},"includedScopes":[]},"contributions":{},"includedScopes":[]},"contributions":{},"includedScopes":[]},"contributions":{},"includedScopes":[]},"sourceMap":{"end":{"column":14,"line":46,"offset":893},"start":{"column":13,"line":46,"offset":892}},"value":5}],"id":"8d7af5b5-69fc-4c4d-bff1-03584442319d","message":"+","metadata":[],"receiver":{"id":"a971f80b-f765-438e-959a-08782c717e0c","metadata":[],"name":"peso","scope":{"containerScope":{"containerScope":{"containerScope":{"containerScope":{"containerScope":{"containerScope":{"containerScope":{"contributions":{},"includedScopes":[]},"contributions":{},"includedScopes":[]},"contributions":{},"includedScopes":[{"containerScope":{"containerScope":{"containerScope":{"contributions":{},"includedScopes":[]},"contributions":{},"includedScopes":[]},"contributions":{},"includedScopes":[]},"contributions":{},"includedScopes":[]}]},"contributions":{},"includedScopes":[]},"contributions":{},"includedScopes":[]},"contributions":{},"includedScopes":[]},"contributions":{},"includedScopes":[]},"contributions":{},"includedScopes":[]},"sourceMap":{"end":{"column":9,"line":46,"offset":888},"start":{"column":5,"line":46,"offset":884}}},"scope":{"containerScope":{"containerScope":{"containerScope":{"containerScope":{"containerScope":{"containerScope":{"contributions":{},"includedScopes":[]},"contributions":{},"includedScopes":[]},"contributions":{},"includedScopes":[{"containerScope":{"containerScope":{"containerScope":{"contributions":{},"includedScopes":[]},"contributions":{},"includedScopes":[]},"contributions":{},"includedScopes":[]},"contributions":{},"includedScopes":[]}]},"contributions":{},"includedScopes":[]},"contributions":{},"includedScopes":[]},"contributions":{},"includedScopes":[]},"contributions":{},"includedScopes":[]}},"variable":{"id":"9836762b-a64d-4bb9-bf9f-95bf35cc81a7","metadata":[],"name":"peso","scope":{"containerScope":{"containerScope":{"containerScope":{"containerScope":{"containerScope":{"containerScope":{"contributions":{},"includedScopes":[]},"contributions":{},"includedScopes":[]},"contributions":{},"includedScopes":[{"containerScope":{"containerScope":{"containerScope":{"contributions":{},"includedScopes":[]},"contributions":{},"includedScopes":[]},"contributions":{},"includedScopes":[]},"contributions":{},"includedScopes":[]}]},"contributions":{},"includedScopes":[]},"contributions":{},"includedScopes":[]},"contributions":{},"includedScopes":[]},"contributions":{},"includedScopes":[]},"sourceMap":{"end":{"column":9,"line":46,"offset":888},"start":{"column":5,"line":46,"offset":884}}}},{"id":"fbe3f6f7-5353-4907-b544-d862baca1f4e","metadata":[],"scope":{"containerScope":{"containerScope":{"containerScope":{"containerScope":{"containerScope":{"contributions":{},"includedScopes":[]},"contributions":{},"includedScopes":[]},"contributions":{},"includedScopes":[{"containerScope":{"containerScope":{"containerScope":{"contributions":{},"includedScopes":[]},"contributions":{},"includedScopes":[]},"contributions":{},"includedScopes":[]},"contributions":{},"includedScopes":[]}]},"contributions":{},"includedScopes":[]},"contributions":{},"includedScopes":[]},"contributions":{},"includedScopes":[]},"sourceMap":{"end":{"column":34,"line":47,"offset":927},"start":{"column":5,"line":47,"offset":898}},"value":{"id":"b7dc88fd-87f2-4228-af9f-52528fdc345c","metadata":[],"scope":{"containerScope":{"containerScope":{"containerScope":{"containerScope":{"containerScope":{"containerScope":{"contributions":{},"includedScopes":[]},"contributions":{},"includedScopes":[]},"contributions":{},"includedScopes":[{"containerScope":{"containerScope":{"containerScope":{"contributions":{},"includedScopes":[]},"contributions":{},"includedScopes":[]},"contributions":{},"includedScopes":[]},"contributions":{},"includedScopes":[]}]},"contributions":{},"includedScopes":[]},"contributions":{},"includedScopes":[]},"contributions":{},"includedScopes":[]},"contributions":{},"includedScopes":[]},"sourceMap":{"end":{"column":34,"line":47,"offset":927},"start":{"column":23,"line":47,"offset":916}},"value":"bicicleta"},"variable":{"id":"0cf5d3f9-88eb-47b6-8b69-a6ff6299ea0f","metadata":[],"name":"metodoDesignado","scope":{"containerScope":{"containerScope":{"containerScope":{"containerScope":{"containerScope":{"containerScope":{"contributions":{},"includedScopes":[]},"contributions":{},"includedScopes":[]},"contributions":{},"includedScopes":[{"containerScope":{"containerScope":{"containerScope":{"contributions":{},"includedScopes":[]},"contributions":{},"includedScopes":[]},"contributions":{},"includedScopes":[]},"contributions":{},"includedScopes":[]}]},"contributions":{},"includedScopes":[]},"contributions":{},"includedScopes":[]},"contributions":{},"includedScopes":[]},"contributions":{},"includedScopes":[]},"sourceMap":{"end":{"column":20,"line":47,"offset":913},"start":{"column":5,"line":47,"offset":898}}}}],"sourceMap":{"end":{"column":4,"line":48,"offset":931},"start":{"column":29,"line":45,"offset":878}}},"compiled":false,"id":"83b0dfaf-2af8-416c-b8f2-6bdc72267dbe","isOverride":false,"metadata":[],"name":"viajeEnBicicleta","parameters":[],"problems":[],"scope":{"containerScope":{"containerScope":{"containerScope":{"contributions":{},"includedScopes":[]},"contributions":{},"includedScopes":[]},"contributions":{},"includedScopes":[{"containerScope":{"containerScope":{"containerScope":{"contributions":{},"includedScopes":[]},"contributions":{},"includedScopes":[]},"contributions":{},"includedScopes":[]},"contributions":{},"includedScopes":[]}]},"contributions":{},"includedScopes":[]},"sourceMap":{"end":{"column":4,"line":48,"offset":931},"start":{"column":3,"line":45,"offset":852}}},{"id":"5732ad36-bccf-491c-a847-43143f5f7990","isConstant":false,"isProperty":false,"metadata":[],"name":"cantidadDeAcoplados","scope":{"containerScope":{"containerScope":{"containerScope":{"contributions":{},"includedScopes":[]},"contributions":{},"includedScopes":[]},"contributions":{},"includedScopes":[{"containerScope":{"containerScope":{"containerScope":{"contributions":{},"includedScopes":[]},"contributions":{},"includedScopes":[]},"contributions":{},"includedScopes":[]},"contributions":{},"includedScopes":[]}]},"contributions":{},"includedScopes":[]},"sourceMap":{"end":{"column":30,"line":49,"offset":961},"start":{"column":3,"line":49,"offset":934}},"value":{"id":"e079a448-dbba-4ff3-90ae-61d0026333da","metadata":[],"scope":{"containerScope":{"containerScope":{"containerScope":{"containerScope":{"contributions":{},"includedScopes":[]},"contributions":{},"includedScopes":[]},"contributions":{},"includedScopes":[{"containerScope":{"containerScope":{"containerScope":{"contributions":{},"includedScopes":[]},"contributions":{},"includedScopes":[]},"contributions":{},"includedScopes":[]},"contributions":{},"includedScopes":[]}]},"contributions":{},"includedScopes":[]},"contributions":{},"includedScopes":[]},"sourceMap":{"end":{"column":30,"line":49,"offset":961},"start":{"column":29,"line":49,"offset":960}},"value":0}},{"body":{"id":"12d60609-0edc-4974-aa04-6591be7b1511","metadata":[],"problems":[],"scope":{"containerScope":{"containerScope":{"containerScope":{"containerScope":{"contributions":{},"includedScopes":[]},"contributions":{},"includedScopes":[]},"contributions":{},"includedScopes":[{"containerScope":{"containerScope":{"containerScope":{"contributions":{},"includedScopes":[]},"contributions":{},"includedScopes":[]},"contributions":{},"includedScopes":[]},"contributions":{},"includedScopes":[]}]},"contributions":{},"includedScopes":[]},"contributions":{},"includedScopes":[]},"sentences":[{"id":"e762224e-0c10-46d7-ba74-36ee4f693b79","metadata":[],"scope":{"containerScope":{"containerScope":{"containerScope":{"containerScope":{"containerScope":{"contributions":{},"includedScopes":[]},"contributions":{},"includedScopes":[]},"contributions":{},"includedScopes":[{"containerScope":{"containerScope":{"containerScope":{"contributions":{},"includedScopes":[]},"contributions":{},"includedScopes":[]},"contributions":{},"includedScopes":[]},"contributions":{},"includedScopes":[]}]},"contributions":{},"includedScopes":[]},"contributions":{},"includedScopes":[]},"contributions":{},"includedScopes":[]},"sourceMap":{"end":{"column":29,"line":51,"offset":1011},"start":{"column":5,"line":51,"offset":987}},"value":{"args":[{"id":"83e72d2c-9457-4c6c-b0f3-9cd420ef843f","metadata":[],"scope":{"containerScope":{"containerScope":{"containerScope":{"containerScope":{"containerScope":{"containerScope":{"containerScope":{"contributions":{},"includedScopes":[]},"contributions":{},"includedScopes":[]},"contributions":{},"includedScopes":[{"containerScope":{"containerScope":{"containerScope":{"contributions":{},"includedScopes":[]},"contributions":{},"includedScopes":[]},"contributions":{},"includedScopes":[]},"contributions":{},"includedScopes":[]}]},"contributions":{},"includedScopes":[]},"contributions":{},"includedScopes":[]},"contributions":{},"includedScopes":[]},"contributions":{},"includedScopes":[]},"contributions":{},"includedScopes":[]},"sourceMap":{"end":{"column":29,"line":51,"offset":1011},"start":{"column":28,"line":51,"offset":1010}},"value":1}],"id":"aa460808-ea65-49f6-a560-bee1cc56d2f9","message":"+","metadata":[],"receiver":{"id":"9090f014-8ace-4d5e-bbe0-ce12b23b3b8e","metadata":[],"name":"cantidadDeAcoplados","scope":{"containerScope":{"containerScope":{"containerScope":{"containerScope":{"containerScope":{"containerScope":{"containerScope":{"contributions":{},"includedScopes":[]},"contributions":{},"includedScopes":[]},"contributions":{},"includedScopes":[{"containerScope":{"containerScope":{"containerScope":{"contributions":{},"includedScopes":[]},"contributions":{},"includedScopes":[]},"contributions":{},"includedScopes":[]},"contributions":{},"includedScopes":[]}]},"contributions":{},"includedScopes":[]},"contributions":{},"includedScopes":[]},"contributions":{},"includedScopes":[]},"contributions":{},"includedScopes":[]},"contributions":{},"includedScopes":[]},"sourceMap":{"end":{"column":24,"line":51,"offset":1006},"start":{"column":5,"line":51,"offset":987}}},"scope":{"containerScope":{"containerScope":{"containerScope":{"containerScope":{"containerScope":{"containerScope":{"contributions":{},"includedScopes":[]},"contributions":{},"includedScopes":[]},"contributions":{},"includedScopes":[{"containerScope":{"containerScope":{"containerScope":{"contributions":{},"includedScopes":[]},"contributions":{},"includedScopes":[]},"contributions":{},"includedScopes":[]},"contributions":{},"includedScopes":[]}]},"contributions":{},"includedScopes":[]},"contributions":{},"includedScopes":[]},"contributions":{},"includedScopes":[]},"contributions":{},"includedScopes":[]}},"variable":{"id":"3ff563b4-5155-4c83-b1b3-28e42bf74883","metadata":[],"name":"cantidadDeAcoplados","scope":{"containerScope":{"containerScope":{"containerScope":{"containerScope":{"containerScope":{"containerScope":{"contributions":{},"includedScopes":[]},"contributions":{},"includedScopes":[]},"contributions":{},"includedScopes":[{"containerScope":{"containerScope":{"containerScope":{"contributions":{},"includedScopes":[]},"contributions":{},"includedScopes":[]},"contributions":{},"includedScopes":[]},"contributions":{},"includedScopes":[]}]},"contributions":{},"includedScopes":[]},"contributions":{},"includedScopes":[]},"contributions":{},"includedScopes":[]},"contributions":{},"includedScopes":[]},"sourceMap":{"end":{"column":24,"line":51,"offset":1006},"start":{"column":5,"line":51,"offset":987}}}}],"sourceMap":{"end":{"column":4,"line":52,"offset":1015},"start":{"column":20,"line":50,"offset":981}}},"compiled":false,"id":"cb277d39-2c31-4333-976d-161cd699e605","isOverride":false,"metadata":[],"name":"aclopar","parameters":[],"problems":[],"scope":{"containerScope":{"containerScope":{"containerScope":{"contributions":{},"includedScopes":[]},"contributions":{},"includedScopes":[]},"contributions":{},"includedScopes":[{"containerScope":{"containerScope":{"containerScope":{"contributions":{},"includedScopes":[]},"contributions":{},"includedScopes":[]},"contributions":{},"includedScopes":[]},"contributions":{},"includedScopes":[]}]},"contributions":{},"includedScopes":[]},"sourceMap":{"end":{"column":4,"line":52,"offset":1015},"start":{"column":3,"line":50,"offset":964}}},{"body":{"id":"809bbb8b-d13c-4405-9951-931690c066d0","metadata":[],"problems":[],"scope":{"containerScope":{"containerScope":{"containerScope":{"containerScope":{"contributions":{},"includedScopes":[]},"contributions":{},"includedScopes":[]},"contributions":{},"includedScopes":[{"containerScope":{"containerScope":{"containerScope":{"contributions":{},"includedScopes":[]},"contributions":{},"includedScopes":[]},"contributions":{},"includedScopes":[]},"contributions":{},"includedScopes":[]}]},"contributions":{},"includedScopes":[]},"contributions":{},"includedScopes":[]},"sentences":[{"id":"dca07fa2-bc8e-4d8c-ad9c-b768361eae4a","metadata":[],"scope":{"containerScope":{"containerScope":{"containerScope":{"containerScope":{"containerScope":{"contributions":{},"includedScopes":[]},"contributions":{},"includedScopes":[]},"contributions":{},"includedScopes":[{"containerScope":{"containerScope":{"containerScope":{"contributions":{},"includedScopes":[]},"contributions":{},"includedScopes":[]},"contributions":{},"includedScopes":[]},"contributions":{},"includedScopes":[]}]},"contributions":{},"includedScopes":[]},"contributions":{},"includedScopes":[]},"contributions":{},"includedScopes":[]},"sourceMap":{"end":{"column":39,"line":54,"offset":1081},"start":{"column":5,"line":54,"offset":1047}},"value":{"args":[{"args":[{"id":"6abf9374-7255-41c6-973f-540f5f53c9c6","metadata":[],"name":"cantidadDeAcoplados","scope":{"containerScope":{"containerScope":{"containerScope":{"containerScope":{"containerScope":{"containerScope":{"containerScope":{"containerScope":{"contributions":{},"includedScopes":[]},"contributions":{},"includedScopes":[]},"contributions":{},"includedScopes":[{"containerScope":{"containerScope":{"containerScope":{"contributions":{},"includedScopes":[]},"contributions":{},"includedScopes":[]},"contributions":{},"includedScopes":[]},"contributions":{},"includedScopes":[]}]},"contributions":{},"includedScopes":[]},"contributions":{},"includedScopes":[]},"contributions":{},"includedScopes":[]},"contributions":{},"includedScopes":[]},"contributions":{},"includedScopes":[]},"contributions":{},"includedScopes":[]},"sourceMap":{"end":{"column":39,"line":54,"offset":1081},"start":{"column":20,"line":54,"offset":1062}}}],"id":"275e7a55-b446-45d0-9361-23cb066acd06","message":"*","metadata":[],"receiver":{"id":"bf59189e-5c7a-455c-a8c5-d09b050be216","metadata":[],"scope":{"containerScope":{"containerScope":{"containerScope":{"containerScope":{"containerScope":{"containerScope":{"containerScope":{"containerScope":{"contributions":{},"includedScopes":[]},"contributions":{},"includedScopes":[]},"contributions":{},"includedScopes":[{"containerScope":{"containerScope":{"containerScope":{"contributions":{},"includedScopes":[]},"contributions":{},"includedScopes":[]},"contributions":{},"includedScopes":[]},"contributions":{},"includedScopes":[]}]},"contributions":{},"includedScopes":[]},"contributions":{},"includedScopes":[]},"contributions":{},"includedScopes":[]},"contributions":{},"includedScopes":[]},"contributions":{},"includedScopes":[]},"contributions":{},"includedScopes":[]},"sourceMap":{"end":{"column":17,"line":54,"offset":1059},"start":{"column":13,"line":54,"offset":1055}},"value":5000},"scope":{"containerScope":{"containerScope":{"containerScope":{"containerScope":{"containerScope":{"containerScope":{"containerScope":{"contributions":{},"includedScopes":[]},"contributions":{},"includedScopes":[]},"contributions":{},"includedScopes":[{"containerScope":{"containerScope":{"containerScope":{"contributions":{},"includedScopes":[]},"contributions":{},"includedScopes":[]},"contributions":{},"includedScopes":[]},"contributions":{},"includedScopes":[]}]},"contributions":{},"includedScopes":[]},"contributions":{},"includedScopes":[]},"contributions":{},"includedScopes":[]},"contributions":{},"includedScopes":[]},"contributions":{},"includedScopes":[]},"sourceMap":{"end":{"column":39,"line":54,"offset":1081},"start":{"column":13,"line":54,"offset":1055}}}],"id":"f7c930e9-5811-40ee-80cb-0219ab49e73c","message":"+","metadata":[],"receiver":{"id":"494b7d0f-cbc0-48fb-9f49-5c726f88696c","metadata":[],"name":"peso","scope":{"containerScope":{"containerScope":{"containerScope":{"containerScope":{"containerScope":{"containerScope":{"containerScope":{"contributions":{},"includedScopes":[]},"contributions":{},"includedScopes":[]},"contributions":{},"includedScopes":[{"containerScope":{"containerScope":{"containerScope":{"contributions":{},"includedScopes":[]},"contributions":{},"includedScopes":[]},"contributions":{},"includedScopes":[]},"contributions":{},"includedScopes":[]}]},"contributions":{},"includedScopes":[]},"contributions":{},"includedScopes":[]},"contributions":{},"includedScopes":[]},"contributions":{},"includedScopes":[]},"contributions":{},"includedScopes":[]},"sourceMap":{"end":{"column":9,"line":54,"offset":1051},"start":{"column":5,"line":54,"offset":1047}}},"scope":{"containerScope":{"containerScope":{"containerScope":{"containerScope":{"containerScope":{"containerScope":{"contributions":{},"includedScopes":[]},"contributions":{},"includedScopes":[]},"contributions":{},"includedScopes":[{"containerScope":{"containerScope":{"containerScope":{"contributions":{},"includedScopes":[]},"contributions":{},"includedScopes":[]},"contributions":{},"includedScopes":[]},"contributions":{},"includedScopes":[]}]},"contributions":{},"includedScopes":[]},"contributions":{},"includedScopes":[]},"contributions":{},"includedScopes":[]},"contributions":{},"includedScopes":[]}},"variable":{"id":"cebc05e7-2fac-4f3a-81e0-49da26c81e8a","metadata":[],"name":"peso","scope":{"containerScope":{"containerScope":{"containerScope":{"containerScope":{"containerScope":{"containerScope":{"contributions":{},"includedScopes":[]},"contributions":{},"includedScopes":[]},"contributions":{},"includedScopes":[{"containerScope":{"containerScope":{"containerScope":{"contributions":{},"includedScopes":[]},"contributions":{},"includedScopes":[]},"contributions":{},"includedScopes":[]},"contributions":{},"includedScopes":[]}]},"contributions":{},"includedScopes":[]},"contributions":{},"includedScopes":[]},"contributions":{},"includedScopes":[]},"contributions":{},"includedScopes":[]},"sourceMap":{"end":{"column":9,"line":54,"offset":1051},"start":{"column":5,"line":54,"offset":1047}}}},{"id":"cc41a39c-6f63-4707-a456-fce8d6e8c068","metadata":[],"scope":{"containerScope":{"containerScope":{"containerScope":{"containerScope":{"containerScope":{"contributions":{},"includedScopes":[]},"contributions":{},"includedScopes":[]},"contributions":{},"includedScopes":[{"containerScope":{"containerScope":{"containerScope":{"contributions":{},"includedScopes":[]},"contributions":{},"includedScopes":[]},"contributions":{},"includedScopes":[]},"contributions":{},"includedScopes":[]}]},"contributions":{},"includedScopes":[]},"contributions":{},"includedScopes":[]},"contributions":{},"includedScopes":[]},"sourceMap":{"end":{"column":31,"line":55,"offset":1112},"start":{"column":5,"line":55,"offset":1086}},"value":{"id":"4de4afad-add4-476a-8a2a-cb8444a0936e","metadata":[],"scope":{"containerScope":{"containerScope":{"containerScope":{"containerScope":{"containerScope":{"containerScope":{"contributions":{},"includedScopes":[]},"contributions":{},"includedScopes":[]},"contributions":{},"includedScopes":[{"containerScope":{"containerScope":{"containerScope":{"contributions":{},"includedScopes":[]},"contributions":{},"includedScopes":[]},"contributions":{},"includedScopes":[]},"contributions":{},"includedScopes":[]}]},"contributions":{},"includedScopes":[]},"contributions":{},"includedScopes":[]},"contributions":{},"includedScopes":[]},"contributions":{},"includedScopes":[]},"sourceMap":{"end":{"column":31,"line":55,"offset":1112},"start":{"column":23,"line":55,"offset":1104}},"value":"camion"},"variable":{"id":"f9817685-93e9-49f6-ba4c-ec0cfe836b5e","metadata":[],"name":"metodoDesignado","scope":{"containerScope":{"containerScope":{"containerScope":{"containerScope":{"containerScope":{"containerScope":{"contributions":{},"includedScopes":[]},"contributions":{},"includedScopes":[]},"contributions":{},"includedScopes":[{"containerScope":{"containerScope":{"containerScope":{"contributions":{},"includedScopes":[]},"contributions":{},"includedScopes":[]},"contributions":{},"includedScopes":[]},"contributions":{},"includedScopes":[]}]},"contributions":{},"includedScopes":[]},"contributions":{},"includedScopes":[]},"contributions":{},"includedScopes":[]},"contributions":{},"includedScopes":[]},"sourceMap":{"end":{"column":20,"line":55,"offset":1101},"start":{"column":5,"line":55,"offset":1086}}}}],"sourceMap":{"end":{"column":4,"line":56,"offset":1116},"start":{"column":26,"line":53,"offset":1041}}},"compiled":false,"id":"7ddf5e15-c14f-4ab8-9fa3-6671bc8d17bb","isOverride":false,"metadata":[],"name":"viajeEnCamion","parameters":[],"problems":[],"scope":{"containerScope":{"containerScope":{"containerScope":{"contributions":{},"includedScopes":[]},"contributions":{},"includedScopes":[]},"contributions":{},"includedScopes":[{"containerScope":{"containerScope":{"containerScope":{"contributions":{},"includedScopes":[]},"contributions":{},"includedScopes":[]},"contributions":{},"includedScopes":[]},"contributions":{},"includedScopes":[]}]},"contributions":{},"includedScopes":[]},"sourceMap":{"end":{"column":4,"line":56,"offset":1116},"start":{"column":3,"line":53,"offset":1018}}},{"body":{"id":"aa2c7ab6-4dd1-4c1b-b554-a0cc2e02590d","metadata":[],"problems":[],"scope":{"containerScope":{"containerScope":{"containerScope":{"containerScope":{"contributions":{},"includedScopes":[]},"contributions":{},"includedScopes":[]},"contributions":{},"includedScopes":[{"containerScope":{"containerScope":{"containerScope":{"contributions":{},"includedScopes":[]},"contributions":{},"includedScopes":[]},"contributions":{},"includedScopes":[]},"contributions":{},"includedScopes":[]}]},"contributions":{},"includedScopes":[]},"contributions":{},"includedScopes":[]},"sentences":[{"id":"6a5c3947-ba14-494e-8ad4-5833cf07d936","metadata":[],"scope":{"containerScope":{"containerScope":{"containerScope":{"containerScope":{"containerScope":{"contributions":{},"includedScopes":[]},"contributions":{},"includedScopes":[]},"contributions":{},"includedScopes":[{"containerScope":{"containerScope":{"containerScope":{"contributions":{},"includedScopes":[]},"contributions":{},"includedScopes":[]},"contributions":{},"includedScopes":[]},"contributions":{},"includedScopes":[]}]},"contributions":{},"includedScopes":[]},"contributions":{},"includedScopes":[]},"contributions":{},"includedScopes":[]},"sourceMap":{"end":{"column":17,"line":58,"offset":1158},"start":{"column":5,"line":58,"offset":1146}},"value":{"id":"9b73996e-9ca7-4670-8c47-92470d5198f7","metadata":[],"scope":{"containerScope":{"containerScope":{"containerScope":{"containerScope":{"containerScope":{"containerScope":{"contributions":{},"includedScopes":[]},"contributions":{},"includedScopes":[]},"contributions":{},"includedScopes":[{"containerScope":{"containerScope":{"containerScope":{"contributions":{},"includedScopes":[]},"contributions":{},"includedScopes":[]},"contributions":{},"includedScopes":[]},"contributions":{},"includedScopes":[]}]},"contributions":{},"includedScopes":[]},"contributions":{},"includedScopes":[]},"contributions":{},"includedScopes":[]},"contributions":{},"includedScopes":[]},"sourceMap":{"end":{"column":17,"line":58,"offset":1158},"start":{"column":12,"line":58,"offset":1153}},"value":false}}],"sourceMap":{"end":{"column":4,"line":59,"offset":1162},"start":{"column":24,"line":57,"offset":1140}}},"compiled":false,"id":"8716d1d3-fcf8-4eca-8864-56d76b82efaa","isOverride":false,"metadata":[],"name":"puedeLlamar","parameters":[],"problems":[],"scope":{"containerScope":{"containerScope":{"containerScope":{"contributions":{},"includedScopes":[]},"contributions":{},"includedScopes":[]},"contributions":{},"includedScopes":[{"containerScope":{"containerScope":{"containerScope":{"contributions":{},"includedScopes":[]},"contributions":{},"includedScopes":[]},"contributions":{},"includedScopes":[]},"contributions":{},"includedScopes":[]}]},"contributions":{},"includedScopes":[]},"sourceMap":{"end":{"column":4,"line":59,"offset":1162},"start":{"column":3,"line":57,"offset":1119}}}],"metadata":[],"name":"roberto","problems":[],"scope":{"containerScope":{"containerScope":{"contributions":{},"includedScopes":[]},"contributions":{},"includedScopes":[]},"contributions":{},"includedScopes":[{"containerScope":{"containerScope":{"containerScope":{"contributions":{},"includedScopes":[]},"contributions":{},"includedScopes":[]},"contributions":{},"includedScopes":[]},"contributions":{},"includedScopes":[]}]},"sourceMap":{"end":{"column":2,"line":60,"offset":1164},"start":{"column":1,"line":33,"offset":615}},"supertypes":[]},{"id":"e75543b3-70a7-41b1-aba4-39bda455bf70","members":[{"body":{"id":"3567bc43-1d01-48e3-8a14-ae936589cac9","metadata":[],"problems":[],"scope":{"containerScope":{"containerScope":{"containerScope":{"containerScope":{"contributions":{},"includedScopes":[]},"contributions":{},"includedScopes":[]},"contributions":{},"includedScopes":[{"containerScope":{"containerScope":{"containerScope":{"contributions":{},"includedScopes":[]},"contributions":{},"includedScopes":[]},"contributions":{},"includedScopes":[]},"contributions":{},"includedScopes":[]}]},"contributions":{},"includedScopes":[]},"contributions":{},"includedScopes":[]},"sentences":[{"id":"ebe487ff-08d2-4716-9a00-50cd7942a4c7","metadata":[],"scope":{"containerScope":{"containerScope":{"containerScope":{"containerScope":{"containerScope":{"contributions":{},"includedScopes":[]},"contributions":{},"includedScopes":[]},"contributions":{},"includedScopes":[{"containerScope":{"containerScope":{"containerScope":{"contributions":{},"includedScopes":[]},"contributions":{},"includedScopes":[]},"contributions":{},"includedScopes":[]},"contributions":{},"includedScopes":[]}]},"contributions":{},"includedScopes":[]},"contributions":{},"includedScopes":[]},"contributions":{},"includedScopes":[]},"sourceMap":{"end":{"column":14,"line":64,"offset":1218},"start":{"column":5,"line":64,"offset":1209}},"value":{"id":"6eb9c019-10b3-46f7-bbc7-8f4c092428d7","metadata":[],"scope":{"containerScope":{"containerScope":{"containerScope":{"containerScope":{"containerScope":{"containerScope":{"contributions":{},"includedScopes":[]},"contributions":{},"includedScopes":[]},"contributions":{},"includedScopes":[{"containerScope":{"containerScope":{"containerScope":{"contributions":{},"includedScopes":[]},"contributions":{},"includedScopes":[]},"contributions":{},"includedScopes":[]},"contributions":{},"includedScopes":[]}]},"contributions":{},"includedScopes":[]},"contributions":{},"includedScopes":[]},"contributions":{},"includedScopes":[]},"contributions":{},"includedScopes":[]},"sourceMap":{"end":{"column":14,"line":64,"offset":1218},"start":{"column":12,"line":64,"offset":1216}},"value":80}}],"sourceMap":{"end":{"column":4,"line":65,"offset":1222},"start":{"column":17,"line":63,"offset":1203}}},"compiled":false,"id":"d7f062b2-a648-4772-88fd-b003047121bf","isOverride":false,"metadata":[],"name":"peso","parameters":[],"problems":[],"scope":{"containerScope":{"containerScope":{"containerScope":{"contributions":{},"includedScopes":[]},"contributions":{},"includedScopes":[]},"contributions":{},"includedScopes":[{"containerScope":{"containerScope":{"containerScope":{"contributions":{},"includedScopes":[]},"contributions":{},"includedScopes":[]},"contributions":{},"includedScopes":[]},"contributions":{},"includedScopes":[]}]},"contributions":{},"includedScopes":[]},"sourceMap":{"end":{"column":4,"line":65,"offset":1222},"start":{"column":3,"line":63,"offset":1189}}},{"body":{"id":"924d6ce5-5b3a-49ea-ac17-f0315e272513","metadata":[],"problems":[],"scope":{"containerScope":{"containerScope":{"containerScope":{"containerScope":{"contributions":{},"includedScopes":[]},"contributions":{},"includedScopes":[]},"contributions":{},"includedScopes":[{"containerScope":{"containerScope":{"containerScope":{"contributions":{},"includedScopes":[]},"contributions":{},"includedScopes":[]},"contributions":{},"includedScopes":[]},"contributions":{},"includedScopes":[]}]},"contributions":{},"includedScopes":[]},"contributions":{},"includedScopes":[]},"sentences":[{"id":"0fd0d107-e28f-45bd-839d-e56dc01ab839","metadata":[],"scope":{"containerScope":{"containerScope":{"containerScope":{"containerScope":{"containerScope":{"contributions":{},"includedScopes":[]},"contributions":{},"includedScopes":[]},"contributions":{},"includedScopes":[{"containerScope":{"containerScope":{"containerScope":{"contributions":{},"includedScopes":[]},"contributions":{},"includedScopes":[]},"contributions":{},"includedScopes":[]},"contributions":{},"includedScopes":[]}]},"contributions":{},"includedScopes":[]},"contributions":{},"includedScopes":[]},"contributions":{},"includedScopes":[]},"sourceMap":{"end":{"column":16,"line":67,"offset":1263},"start":{"column":5,"line":67,"offset":1252}},"value":{"id":"96896dd7-5de3-461f-83b2-9c4a17b99e3a","metadata":[],"scope":{"containerScope":{"containerScope":{"containerScope":{"containerScope":{"containerScope":{"containerScope":{"contributions":{},"includedScopes":[]},"contributions":{},"includedScopes":[]},"contributions":{},"includedScopes":[{"containerScope":{"containerScope":{"containerScope":{"contributions":{},"includedScopes":[]},"contributions":{},"includedScopes":[]},"contributions":{},"includedScopes":[]},"contributions":{},"includedScopes":[]}]},"contributions":{},"includedScopes":[]},"contributions":{},"includedScopes":[]},"contributions":{},"includedScopes":[]},"contributions":{},"includedScopes":[]},"sourceMap":{"end":{"column":16,"line":67,"offset":1263},"start":{"column":12,"line":67,"offset":1259}},"value":true}}],"sourceMap":{"end":{"column":4,"line":68,"offset":1267},"start":{"column":24,"line":66,"offset":1246}}},"compiled":false,"id":"027a41e9-50de-41ce-b8d2-54552c3a188f","isOverride":false,"metadata":[],"name":"puedeLlamar","parameters":[],"problems":[],"scope":{"containerScope":{"containerScope":{"containerScope":{"contributions":{},"includedScopes":[]},"contributions":{},"includedScopes":[]},"contributions":{},"includedScopes":[{"containerScope":{"containerScope":{"containerScope":{"contributions":{},"includedScopes":[]},"contributions":{},"includedScopes":[]},"contributions":{},"includedScopes":[]},"contributions":{},"includedScopes":[]}]},"contributions":{},"includedScopes":[]},"sourceMap":{"end":{"column":4,"line":68,"offset":1267},"start":{"column":3,"line":66,"offset":1225}}}],"metadata":[],"name":"chuckNorris","problems":[],"scope":{"containerScope":{"containerScope":{"contributions":{},"includedScopes":[]},"contributions":{},"includedScopes":[]},"contributions":{},"includedScopes":[{"containerScope":{"containerScope":{"containerScope":{"contributions":{},"includedScopes":[]},"contributions":{},"includedScopes":[]},"contributions":{},"includedScopes":[]},"contributions":{},"includedScopes":[]}]},"sourceMap":{"end":{"column":2,"line":69,"offset":1269},"start":{"column":1,"line":62,"offset":1166}},"supertypes":[]}],"metadata":[],"name":"example","problems":[{"code":"malformedEntity","sourceMap":{"end":{"column":2,"line":74,"offset":1308},"start":{"column":1,"line":71,"offset":1271}}}],"scope":{"containerScope":{"contributions":{},"includedScopes":[]},"contributions":{},"includedScopes":[]}},"stack":"Error: Failed to print, found malformed node\n    at c:\\Users\\Admin\\.vscode\\extensions\\uqbar.wollok-lsp-ide-0.5.0\\out\\server\\src\\server.js:68:3585\n    at Dbn (c:\\Users\\Admin\\.vscode\\extensions\\uqbar.wollok-lsp-ide-0.5.0\\out\\server\\src\\server.js:68:3396)\n    at c:\\Users\\Admin\\.vscode\\extensions\\uqbar.wollok-lsp-ide-0.5.0\\out\\server\\src\\server.js:2371:847\n    at c:\\Users\\Admin\\.vscode\\extensions\\uqbar.wollok-lsp-ide-0.5.0\\out\\server\\src\\server.js:2371:8632\n    at c:\\Users\\Admin\\.vscode\\extensions\\uqbar.wollok-lsp-ide-0.5.0\\out\\server\\src\\server.js:37:74770\n    at Ye (c:\\Users\\Admin\\.vscode\\extensions\\uqbar.wollok-lsp-ide-0.5.0\\out\\server\\src\\server.js:7:8527)\n    at Dt (c:\\Users\\Admin\\.vscode\\extensions\\uqbar.wollok-lsp-ide-0.5.0\\out\\server\\src\\server.js:7:6189)\n    at Zi (c:\\Users\\Admin\\.vscode\\extensions\\uqbar.wollok-lsp-ide-0.5.0\\out\\server\\src\\server.js:7:6378)\n    at Immediate._onImmediate (c:\\Users\\Admin\\.vscode\\extensions\\uqbar.wollok-lsp-ide-0.5.0\\out\\server\\src\\server.js:7:6142)\n    at process.processImmediate (node:internal/timers:483:21)","timestamp":"2025-04-28T13:33:48.289Z"}
{"level":"error","message":"✘ Failed to get type description: Error: Failed to print, found malformed node Failed to print, found malformed node","node":{"fileName":"example.wlk","id":"27888a7d-86b0-4734-be2b-288d2dd31087","imports":[],"members":[{"id":"14ac6662-552b-4527-bdbc-d62fbf895a34","members":[{"body":{"id":"b9699d37-a937-46b4-aca6-41f86d8c9e10","metadata":[],"problems":[],"scope":{"containerScope":{"containerScope":{"containerScope":{"containerScope":{"contributions":{},"includedScopes":[]},"contributions":{},"includedScopes":[]},"contributions":{},"includedScopes":[{"containerScope":{"containerScope":{"containerScope":{"contributions":{},"includedScopes":[]},"contributions":{},"includedScopes":[]},"contributions":{},"includedScopes":[]},"contributions":{},"includedScopes":[]}]},"contributions":{},"includedScopes":[]},"contributions":{},"includedScopes":[]},"sentences":[{"id":"2f13d942-8432-4157-a74d-1a2e69f65e73","metadata":[{"args":{"position":"start","text":"// Verifica si el paquete ha sido entregado"},"name":"comment"}],"scope":{"containerScope":{"containerScope":{"containerScope":{"containerScope":{"containerScope":{"contributions":{},"includedScopes":[]},"contributions":{},"includedScopes":[]},"contributions":{},"includedScopes":[{"containerScope":{"containerScope":{"containerScope":{"contributions":{},"includedScopes":[]},"contributions":{},"includedScopes":[]},"contributions":{},"includedScopes":[]},"contributions":{},"includedScopes":[]}]},"contributions":{},"includedScopes":[]},"contributions":{},"includedScopes":[]},"contributions":{},"includedScopes":[]},"sourceMap":{"end":{"column":16,"line":4,"offset":107},"start":{"column":5,"line":4,"offset":96}},"value":{"id":"fd81f8c8-6f6e-48b6-b8f5-c0887390b179","metadata":[],"scope":{"containerScope":{"containerScope":{"containerScope":{"containerScope":{"containerScope":{"containerScope":{"contributions":{},"includedScopes":[]},"contributions":{},"includedScopes":[]},"contributions":{},"includedScopes":[{"containerScope":{"containerScope":{"containerScope":{"contributions":{},"includedScopes":[]},"contributions":{},"includedScopes":[]},"contributions":{},"includedScopes":[]},"contributions":{},"includedScopes":[]}]},"contributions":{},"includedScopes":[]},"contributions":{},"includedScopes":[]},"contributions":{},"includedScopes":[]},"contributions":{},"includedScopes":[]},"sourceMap":{"end":{"column":16,"line":4,"offset":107},"start":{"column":12,"line":4,"offset":103}},"value":true}}],"sourceMap":{"end":{"column":4,"line":5,"offset":112},"start":{"column":26,"line":2,"offset":42}}},"compiled":false,"id":"21510f40-9b7d-47a3-af0b-e70352f8c24d","isOverride":false,"metadata":[],"name":"estaEntregado","parameters":[],"problems":[],"scope":{"containerScope":{"containerScope":{"containerScope":{"contributions":{},"includedScopes":[]},"contributions":{},"includedScopes":[]},"contributions":{},"includedScopes":[{"containerScope":{"containerScope":{"containerScope":{"contributions":{},"includedScopes":[]},"contributions":{},"includedScopes":[]},"contributions":{},"includedScopes":[]},"contributions":{},"includedScopes":[]}]},"contributions":{},"includedScopes":[]},"sourceMap":{"end":{"column":4,"line":5,"offset":112},"start":{"column":3,"line":2,"offset":19}}},{"body":{"id":"2982957b-a4f7-466c-a653-558613c95ef5","metadata":[],"problems":[],"scope":{"containerScope":{"containerScope":{"containerScope":{"containerScope":{"contributions":{},"includedScopes":[]},"contributions":{},"includedScopes":[]},"contributions":{},"includedScopes":[{"containerScope":{"containerScope":{"containerScope":{"contributions":{},"includedScopes":[]},"contributions":{},"includedScopes":[]},"contributions":{},"includedScopes":[]},"contributions":{},"includedScopes":[]}]},"contributions":{},"includedScopes":[]},"contributions":{},"includedScopes":[]},"sentences":[{"id":"50579409-e280-4154-900c-ee670d495058","metadata":[{"args":{"position":"start","text":"// Verifica si el paquete ha sido pagado"},"name":"comment"}],"scope":{"containerScope":{"containerScope":{"containerScope":{"containerScope":{"containerScope":{"contributions":{},"includedScopes":[]},"contributions":{},"includedScopes":[]},"contributions":{},"includedScopes":[{"containerScope":{"containerScope":{"containerScope":{"contributions":{},"includedScopes":[]},"contributions":{},"includedScopes":[]},"contributions":{},"includedScopes":[]},"contributions":{},"includedScopes":[]}]},"contributions":{},"includedScopes":[]},"contributions":{},"includedScopes":[]},"contributions":{},"includedScopes":[]},"sourceMap":{"end":{"column":16,"line":8,"offset":194},"start":{"column":5,"line":8,"offset":183}},"value":{"id":"574606fc-b70c-45c5-acc3-73d95d2b8e3f","metadata":[],"scope":{"containerScope":{"containerScope":{"containerScope":{"containerScope":{"containerScope":{"containerScope":{"contributions":{},"includedScopes":[]},"contributions":{},"includedScopes":[]},"contributions":{},"includedScopes":[{"containerScope":{"containerScope":{"containerScope":{"contributions":{},"includedScopes":[]},"contributions":{},"includedScopes":[]},"contributions":{},"includedScopes":[]},"contributions":{},"includedScopes":[]}]},"contributions":{},"includedScopes":[]},"contributions":{},"includedScopes":[]},"contributions":{},"includedScopes":[]},"contributions":{},"includedScopes":[]},"sourceMap":{"end":{"column":16,"line":8,"offset":194},"start":{"column":12,"line":8,"offset":190}},"value":true}}],"sourceMap":{"end":{"column":4,"line":9,"offset":199},"start":{"column":20,"line":6,"offset":132}}},"compiled":false,"id":"ae93fec0-9344-4d6f-b16c-fa8cf4360135","isOverride":false,"metadata":[],"name":"estaPago","parameters":[],"problems":[],"scope":{"containerScope":{"containerScope":{"containerScope":{"contributions":{},"includedScopes":[]},"contributions":{},"includedScopes":[]},"contributions":{},"includedScopes":[{"containerScope":{"containerScope":{"containerScope":{"contributions":{},"includedScopes":[]},"contributions":{},"includedScopes":[]},"contributions":{},"includedScopes":[]},"contributions":{},"includedScopes":[]}]},"contributions":{},"includedScopes":[]},"sourceMap":{"end":{"column":4,"line":9,"offset":199},"start":{"column":3,"line":6,"offset":115}}},{"body":{"id":"f2984fd7-7c14-4bae-9c4d-2fd8323f52ab","metadata":[],"problems":[],"scope":{"containerScope":{"containerScope":{"containerScope":{"containerScope":{"contributions":{},"includedScopes":[]},"contributions":{},"includedScopes":[]},"contributions":{},"includedScopes":[{"containerScope":{"containerScope":{"containerScope":{"contributions":{},"includedScopes":[]},"contributions":{},"includedScopes":[]},"contributions":{},"includedScopes":[]},"contributions":{},"includedScopes":[]}]},"contributions":{},"includedScopes":[]},"contributions":{},"includedScopes":[]},"sentences":[{"id":"dc5559f7-9acc-4430-bdbf-da21fa0d9bd7","metadata":[],"scope":{"containerScope":{"containerScope":{"containerScope":{"containerScope":{"containerScope":{"contributions":{},"includedScopes":[]},"contributions":{},"includedScopes":[]},"contributions":{},"includedScopes":[{"containerScope":{"containerScope":{"containerScope":{"contributions":{},"includedScopes":[]},"contributions":{},"includedScopes":[]},"contributions":{},"includedScopes":[]},"contributions":{},"includedScopes":[]}]},"contributions":{},"includedScopes":[]},"contributions":{},"includedScopes":[]},"contributions":{},"includedScopes":[]},"sourceMap":{"end":{"column":23,"line":11,"offset":256},"start":{"column":5,"line":11,"offset":238}},"value":{"id":"2d2a7cb7-a9d0-499c-a3f0-d5263d37c205","metadata":[],"name":"unMensajero","scope":{"containerScope":{"containerScope":{"containerScope":{"containerScope":{"containerScope":{"containerScope":{"contributions":{},"includedScopes":[]},"contributions":{},"includedScopes":[]},"contributions":{},"includedScopes":[{"containerScope":{"containerScope":{"containerScope":{"contributions":{},"includedScopes":[]},"contributions":{},"includedScopes":[]},"contributions":{},"includedScopes":[]},"contributions":{},"includedScopes":[]}]},"contributions":{},"includedScopes":[]},"contributions":{},"includedScopes":[]},"contributions":{},"includedScopes":[]},"contributions":{},"includedScopes":[]},"sourceMap":{"end":{"column":23,"line":11,"offset":256},"start":{"column":12,"line":11,"offset":245}}}}],"sourceMap":{"end":{"column":4,"line":12,"offset":260},"start":{"column":33,"line":10,"offset":232}}},"compiled":false,"id":"da04d2fd-0fd6-46c2-a0f9-a3c61a4c500a","isOverride":false,"metadata":[],"name":"mensajero","parameters":[{"id":"68188871-55ba-4d11-acb2-95ff83a9b84c","isVarArg":false,"metadata":[],"name":"unMensajero","scope":{"containerScope":{"containerScope":{"containerScope":{"containerScope":{"contributions":{},"includedScopes":[]},"contributions":{},"includedScopes":[]},"contributions":{},"includedScopes":[{"containerScope":{"containerScope":{"containerScope":{"contributions":{},"includedScopes":[]},"contributions":{},"includedScopes":[]},"contributions":{},"includedScopes":[]},"contributions":{},"includedScopes":[]}]},"contributions":{},"includedScopes":[]},"contributions":{},"includedScopes":[]},"sourceMap":{"end":{"column":31,"line":10,"offset":230},"start":{"column":20,"line":10,"offset":219}}}],"problems":[],"scope":{"containerScope":{"containerScope":{"containerScope":{"contributions":{},"includedScopes":[]},"contributions":{},"includedScopes":[]},"contributions":{},"includedScopes":[{"containerScope":{"containerScope":{"containerScope":{"contributions":{},"includedScopes":[]},"contributions":{},"includedScopes":[]},"contributions":{},"includedScopes":[]},"contributions":{},"includedScopes":[]}]},"contributions":{},"includedScopes":[]},"sourceMap":{"end":{"column":4,"line":12,"offset":260},"start":{"column":3,"line":10,"offset":202}}},{"body":{"id":"d19e3fb4-eab0-455f-a089-93924b22e43e","metadata":[],"problems":[],"scope":{"containerScope":{"containerScope":{"containerScope":{"containerScope":{"contributions":{},"includedScopes":[]},"contributions":{},"includedScopes":[]},"contributions":{},"includedScopes":[{"containerScope":{"containerScope":{"containerScope":{"contributions":{},"includedScopes":[]},"contributions":{},"includedScopes":[]},"contributions":{},"includedScopes":[]},"contributions":{},"includedScopes":[]}]},"contributions":{},"includedScopes":[]},"contributions":{},"includedScopes":[]},"sentences":[{"id":"acb31cfb-88b9-4500-a42c-85d531640592","metadata":[],"scope":{"containerScope":{"containerScope":{"containerScope":{"containerScope":{"containerScope":{"contributions":{},"includedScopes":[]},"contributions":{},"includedScopes":[]},"contributions":{},"includedScopes":[{"containerScope":{"containerScope":{"containerScope":{"contributions":{},"includedScopes":[]},"contributions":{},"includedScopes":[]},"contributions":{},"includedScopes":[]},"contributions":{},"includedScopes":[]}]},"contributions":{},"includedScopes":[]},"contributions":{},"includedScopes":[]},"contributions":{},"includedScopes":[]},"sourceMap":{"end":{"column":39,"line":14,"offset":349},"start":{"column":5,"line":14,"offset":315}},"value":{"args":[],"id":"cf7aa7c2-dc52-4a67-9a1e-91bd770bbb49","message":"metodoDeEnvio","metadata":[],"receiver":{"id":"016a9014-f06b-48dc-b99c-6a74b6729fd8","metadata":[],"name":"unMensajero","scope":{"containerScope":{"containerScope":{"containerScope":{"containerScope":{"containerScope":{"containerScope":{"containerScope":{"contributions":{},"includedScopes":[]},"contributions":{},"includedScopes":[]},"contributions":{},"includedScopes":[{"containerScope":{"containerScope":{"containerScope":{"contributions":{},"includedScopes":[]},"contributions":{},"includedScopes":[]},"contributions":{},"includedScopes":[]},"contributions":{},"includedScopes":[]}]},"contributions":{},"includedScopes":[]},"contributions":{},"includedScopes":[]},"contributions":{},"includedScopes":[]},"contributions":{},"includedScopes":[]},"contributions":{},"includedScopes":[]},"sourceMap":{"end":{"column":23,"line":14,"offset":333},"start":{"column":12,"line":14,"offset":322}}},"scope":{"containerScope":{"containerScope":{"containerScope":{"containerScope":{"containerScope":{"containerScope":{"contributions":{},"includedScopes":[]},"contributions":{},"includedScopes":[]},"contributions":{},"includedScopes":[{"containerScope":{"containerScope":{"containerScope":{"contributions":{},"includedScopes":[]},"contributions":{},"includedScopes":[]},"contributions":{},"includedScopes":[]},"contributions":{},"includedScopes":[]}]},"contributions":{},"includedScopes":[]},"contributions":{},"includedScopes":[]},"contributions":{},"includedScopes":[]},"contributions":{},"includedScopes":[]},"sourceMap":{"end":{"column":39,"line":14,"offset":349},"start":{"column":12,"line":14,"offset":322}}}}],"sourceMap":{"end":{"column":4,"line":15,"offset":353},"start":{"column":49,"line":13,"offset":309}}},"compiled":false,"id":"614a2e17-cfd8-4e08-8054-f59fa656b5da","isOverride":false,"metadata":[],"name":"metodoDeEnvioDelMensajero","parameters":[{"id":"52595a80-13ce-4515-870a-4166df368a5e","isVarArg":false,"metadata":[],"name":"unMensajero","scope":{"containerScope":{"containerScope":{"containerScope":{"containerScope":{"contributions":{},"includedScopes":[]},"contributions":{},"includedScopes":[]},"contributions":{},"includedScopes":[{"containerScope":{"containerScope":{"containerScope":{"contributions":{},"includedScopes":[]},"contributions":{},"includedScopes":[]},"contributions":{},"includedScopes":[]},"contributions":{},"includedScopes":[]}]},"contributions":{},"includedScopes":[]},"contributions":{},"includedScopes":[]},"sourceMap":{"end":{"column":47,"line":13,"offset":307},"start":{"column":36,"line":13,"offset":296}}}],"problems":[],"scope":{"containerScope":{"containerScope":{"containerScope":{"contributions":{},"includedScopes":[]},"contributions":{},"includedScopes":[]},"contributions":{},"includedScopes":[{"containerScope":{"containerScope":{"containerScope":{"contributions":{},"includedScopes":[]},"contributions":{},"includedScopes":[]},"contributions":{},"includedScopes":[]},"contributions":{},"includedScopes":[]}]},"contributions":{},"includedScopes":[]},"sourceMap":{"end":{"column":4,"line":15,"offset":353},"start":{"column":3,"line":13,"offset":263}}},{"body":{"id":"d7f647ef-c9f3-44df-8710-3a590e083c5f","metadata":[],"problems":[],"scope":{"containerScope":{"containerScope":{"containerScope":{"containerScope":{"contributions":{},"includedScopes":[]},"contributions":{},"includedScopes":[]},"contributions":{},"includedScopes":[{"containerScope":{"containerScope":{"containerScope":{"contributions":{},"includedScopes":[]},"contributions":{},"includedScopes":[]},"contributions":{},"includedScopes":[]},"contributions":{},"includedScopes":[]}]},"contributions":{},"includedScopes":[]},"contributions":{},"includedScopes":[]},"sentences":[{"id":"444634d0-a9ce-471f-9c07-37b0e971be62","metadata":[],"scope":{"containerScope":{"containerScope":{"containerScope":{"containerScope":{"containerScope":{"contributions":{},"includedScopes":[]},"contributions":{},"includedScopes":[]},"contributions":{},"includedScopes":[{"containerScope":{"containerScope":{"containerScope":{"contributions":{},"includedScopes":[]},"contributions":{},"includedScopes":[]},"contributions":{},"includedScopes":[]},"contributions":{},"includedScopes":[]}]},"contributions":{},"includedScopes":[]},"contributions":{},"includedScopes":[]},"contributions":{},"includedScopes":[]},"sourceMap":{"end":{"column":21,"line":17,"offset":404},"start":{"column":5,"line":17,"offset":388}},"value":{"id":"5e26f164-fa9f-49fe-a23d-5ed8219f5d1a","metadata":[],"name":"unDestino","scope":{"containerScope":{"containerScope":{"containerScope":{"containerScope":{"containerScope":{"containerScope":{"contributions":{},"includedScopes":[]},"contributions":{},"includedScopes":[]},"contributions":{},"includedScopes":[{"containerScope":{"containerScope":{"containerScope":{"contributions":{},"includedScopes":[]},"contributions":{},"includedScopes":[]},"contributions":{},"includedScopes":[]},"contributions":{},"includedScopes":[]}]},"contributions":{},"includedScopes":[]},"contributions":{},"includedScopes":[]},"contributions":{},"includedScopes":[]},"contributions":{},"includedScopes":[]},"sourceMap":{"end":{"column":21,"line":17,"offset":404},"start":{"column":12,"line":17,"offset":395}}}}],"sourceMap":{"end":{"column":4,"line":18,"offset":408},"start":{"column":29,"line":16,"offset":382}}},"compiled":false,"id":"5f609ea2-26a3-4eb1-8590-deac06816c7e","isOverride":false,"metadata":[],"name":"destino","parameters":[{"id":"a10cbe18-922d-4214-9d13-a1c0d5b23b39","isVarArg":false,"metadata":[],"name":"unDestino","scope":{"containerScope":{"containerScope":{"containerScope":{"containerScope":{"contributions":{},"includedScopes":[]},"contributions":{},"includedScopes":[]},"contributions":{},"includedScopes":[{"containerScope":{"containerScope":{"containerScope":{"contributions":{},"includedScopes":[]},"contributions":{},"includedScopes":[]},"contributions":{},"includedScopes":[]},"contributions":{},"includedScopes":[]}]},"contributions":{},"includedScopes":[]},"contributions":{},"includedScopes":[]},"sourceMap":{"end":{"column":27,"line":16,"offset":380},"start":{"column":18,"line":16,"offset":371}}}],"problems":[],"scope":{"containerScope":{"containerScope":{"containerScope":{"contributions":{},"includedScopes":[]},"contributions":{},"includedScopes":[]},"contributions":{},"includedScopes":[{"containerScope":{"containerScope":{"containerScope":{"contributions":{},"includedScopes":[]},"contributions":{},"includedScopes":[]},"contributions":{},"includedScopes":[]},"contributions":{},"includedScopes":[]}]},"contributions":{},"includedScopes":[]},"sourceMap":{"end":{"column":4,"line":18,"offset":408},"start":{"column":3,"line":16,"offset":356}}}],"metadata":[],"name":"paquete","problems":[],"scope":{"containerScope":{"containerScope":{"contributions":{},"includedScopes":[]},"contributions":{},"includedScopes":[]},"contributions":{},"includedScopes":[{"containerScope":{"containerScope":{"containerScope":{"contributions":{},"includedScopes":[]},"contributions":{},"includedScopes":[]},"contributions":{},"includedScopes":[]},"contributions":{},"includedScopes":[]}]},"sourceMap":{"end":{"column":2,"line":19,"offset":410},"start":{"column":1,"line":1,"offset":0}},"supertypes":[]},{"id":"83d85df1-181d-45c7-858c-f0b7054d3487","members":[{"body":{"id":"f38f134d-f288-4db9-b39d-b91b219999d8","metadata":[],"problems":[],"scope":{"containerScope":{"containerScope":{"containerScope":{"containerScope":{"contributions":{},"includedScopes":[]},"contributions":{},"includedScopes":[]},"contributions":{},"includedScopes":[{"containerScope":{"containerScope":{"containerScope":{"contributions":{},"includedScopes":[]},"contributions":{},"includedScopes":[]},"contributions":{},"includedScopes":[]},"contributions":{},"includedScopes":[]}]},"contributions":{},"includedScopes":[]},"contributions":{},"includedScopes":[]},"sentences":[{"id":"df270826-4681-410f-a61e-61fbeaa64436","metadata":[],"scope":{"containerScope":{"containerScope":{"containerScope":{"containerScope":{"containerScope":{"contributions":{},"includedScopes":[]},"contributions":{},"includedScopes":[]},"contributions":{},"includedScopes":[{"containerScope":{"containerScope":{"containerScope":{"contributions":{},"includedScopes":[]},"contributions":{},"includedScopes":[]},"contributions":{},"includedScopes":[]},"contributions":{},"includedScopes":[]}]},"contributions":{},"includedScopes":[]},"contributions":{},"includedScopes":[]},"contributions":{},"includedScopes":[]},"sourceMap":{"end":{"column":38,"line":23,"offset":510},"start":{"column":5,"line":23,"offset":477}},"value":{"args":[{"id":"6c951f37-6cc3-4536-b919-3e690b84f5cc","metadata":[],"scope":{"containerScope":{"containerScope":{"containerScope":{"containerScope":{"containerScope":{"containerScope":{"containerScope":{"contributions":{},"includedScopes":[]},"contributions":{},"includedScopes":[]},"contributions":{},"includedScopes":[{"containerScope":{"containerScope":{"containerScope":{"contributions":{},"includedScopes":[]},"contributions":{},"includedScopes":[]},"contributions":{},"includedScopes":[]},"contributions":{},"includedScopes":[]}]},"contributions":{},"includedScopes":[]},"contributions":{},"includedScopes":[]},"contributions":{},"includedScopes":[]},"contributions":{},"includedScopes":[]},"contributions":{},"includedScopes":[]},"sourceMap":{"end":{"column":38,"line":23,"offset":510},"start":{"column":33,"line":23,"offset":505}},"value":10000}],"id":"72be25e4-3753-4a3d-8918-65d7113c505e","message":">","metadata":[],"receiver":{"args":[],"id":"3cde3f99-e638-4ebf-8f01-c804d2d38a58","message":"peso","metadata":[],"receiver":{"id":"dbe0ef6a-b3a7-4067-b277-c52fe153bb8b","metadata":[],"name":"unMensajero","scope":{"containerScope":{"containerScope":{"containerScope":{"containerScope":{"containerScope":{"containerScope":{"containerScope":{"containerScope":{"contributions":{},"includedScopes":[]},"contributions":{},"includedScopes":[]},"contributions":{},"includedScopes":[{"containerScope":{"containerScope":{"containerScope":{"contributions":{},"includedScopes":[]},"contributions":{},"includedScopes":[]},"contributions":{},"includedScopes":[]},"contributions":{},"includedScopes":[]}]},"contributions":{},"includedScopes":[]},"contributions":{},"includedScopes":[]},"contributions":{},"includedScopes":[]},"contributions":{},"includedScopes":[]},"contributions":{},"includedScopes":[]},"contributions":{},"includedScopes":[]},"sourceMap":{"end":{"column":23,"line":23,"offset":495},"start":{"column":12,"line":23,"offset":484}}},"scope":{"containerScope":{"containerScope":{"containerScope":{"containerScope":{"containerScope":{"containerScope":{"containerScope":{"contributions":{},"includedScopes":[]},"contributions":{},"includedScopes":[]},"contributions":{},"includedScopes":[{"containerScope":{"containerScope":{"containerScope":{"contributions":{},"includedScopes":[]},"contributions":{},"includedScopes":[]},"contributions":{},"includedScopes":[]},"contributions":{},"includedScopes":[]}]},"contributions":{},"includedScopes":[]},"contributions":{},"includedScopes":[]},"contributions":{},"includedScopes":[]},"contributions":{},"includedScopes":[]},"contributions":{},"includedScopes":[]},"sourceMap":{"end":{"column":30,"line":23,"offset":502},"start":{"column":12,"line":23,"offset":484}}},"scope":{"containerScope":{"containerScope":{"containerScope":{"containerScope":{"containerScope":{"containerScope":{"contributions":{},"includedScopes":[]},"contributions":{},"includedScopes":[]},"contributions":{},"includedScopes":[{"containerScope":{"containerScope":{"containerScope":{"contributions":{},"includedScopes":[]},"contributions":{},"includedScopes":[]},"contributions":{},"includedScopes":[]},"contributions":{},"includedScopes":[]}]},"contributions":{},"includedScopes":[]},"contributions":{},"includedScopes":[]},"contributions":{},"includedScopes":[]},"contributions":{},"includedScopes":[]},"sourceMap":{"end":{"column":38,"line":23,"offset":510},"start":{"column":12,"line":23,"offset":484}}}}],"sourceMap":{"end":{"column":4,"line":24,"offset":514},"start":{"column":34,"line":22,"offset":471}}},"compiled":false,"id":"54fb7250-e36f-422b-9144-c1c6fc01beb1","isOverride":false,"metadata":[],"name":"puedePasar","parameters":[{"id":"4af9e33f-3bd4-4129-b78f-a493654290ec","isVarArg":false,"metadata":[],"name":"unMensajero","scope":{"containerScope":{"containerScope":{"containerScope":{"containerScope":{"contributions":{},"includedScopes":[]},"contributions":{},"includedScopes":[]},"contributions":{},"includedScopes":[{"containerScope":{"containerScope":{"containerScope":{"contributions":{},"includedScopes":[]},"contributions":{},"includedScopes":[]},"contributions":{},"includedScopes":[]},"contributions":{},"includedScopes":[]}]},"contributions":{},"includedScopes":[]},"contributions":{},"includedScopes":[]},"sourceMap":{"end":{"column":32,"line":22,"offset":469},"start":{"column":21,"line":22,"offset":458}}}],"problems":[],"scope":{"containerScope":{"containerScope":{"containerScope":{"contributions":{},"includedScopes":[]},"contributions":{},"includedScopes":[]},"contributions":{},"includedScopes":[{"containerScope":{"containerScope":{"containerScope":{"contributions":{},"includedScopes":[]},"contributions":{},"includedScopes":[]},"contributions":{},"includedScopes":[]},"contributions":{},"includedScopes":[]}]},"contributions":{},"includedScopes":[]},"sourceMap":{"end":{"column":4,"line":24,"offset":514},"start":{"column":3,"line":22,"offset":440}}}],"metadata":[],"name":"puenteDeBrooklyn","problems":[],"scope":{"containerScope":{"containerScope":{"contributions":{},"includedScopes":[]},"contributions":{},"includedScopes":[]},"contributions":{},"includedScopes":[{"containerScope":{"containerScope":{"containerScope":{"contributions":{},"includedScopes":[]},"contributions":{},"includedScopes":[]},"contributions":{},"includedScopes":[]},"contributions":{},"includedScopes":[]}]},"sourceMap":{"end":{"column":2,"line":25,"offset":516},"start":{"column":1,"line":21,"offset":412}},"supertypes":[]},{"id":"26aa5351-9d99-4367-b5c8-0e8cae5ff4e7","members":[{"body":{"id":"464e2ef3-7591-4782-8cf9-d0727a3428ee","metadata":[],"problems":[],"scope":{"containerScope":{"containerScope":{"containerScope":{"containerScope":{"contributions":{},"includedScopes":[]},"contributions":{},"includedScopes":[]},"contributions":{},"includedScopes":[{"containerScope":{"containerScope":{"containerScope":{"contributions":{},"includedScopes":[]},"contributions":{},"includedScopes":[]},"contributions":{},"includedScopes":[]},"contributions":{},"includedScopes":[]}]},"contributions":{},"includedScopes":[]},"contributions":{},"includedScopes":[]},"sentences":[{"id":"7334b189-a3f8-4de7-8c46-7bab6dec8710","metadata":[],"scope":{"containerScope":{"containerScope":{"containerScope":{"containerScope":{"containerScope":{"contributions":{},"includedScopes":[]},"contributions":{},"includedScopes":[]},"contributions":{},"includedScopes":[{"containerScope":{"containerScope":{"containerScope":{"contributions":{},"includedScopes":[]},"contributions":{},"includedScopes":[]},"contributions":{},"includedScopes":[]},"contributions":{},"includedScopes":[]}]},"contributions":{},"includedScopes":[]},"contributions":{},"includedScopes":[]},"contributions":{},"includedScopes":[]},"sourceMap":{"end":{"column":37,"line":29,"offset":607},"start":{"column":5,"line":29,"offset":575}},"value":{"args":[],"id":"c28b268e-f2cd-4517-836b-38c829b8420f","message":"puedeLlamar","metadata":[],"receiver":{"id":"a4f1b915-1d0f-4c13-9955-c79f690f9488","metadata":[],"name":"unMensajero","scope":{"containerScope":{"containerScope":{"containerScope":{"containerScope":{"containerScope":{"containerScope":{"containerScope":{"contributions":{},"includedScopes":[]},"contributions":{},"includedScopes":[]},"contributions":{},"includedScopes":[{"containerScope":{"containerScope":{"containerScope":{"contributions":{},"includedScopes":[]},"contributions":{},"includedScopes":[]},"contributions":{},"includedScopes":[]},"contributions":{},"includedScopes":[]}]},"contributions":{},"includedScopes":[]},"contributions":{},"includedScopes":[]},"contributions":{},"includedScopes":[]},"contributions":{},"includedScopes":[]},"contributions":{},"includedScopes":[]},"sourceMap":{"end":{"column":23,"line":29,"offset":593},"start":{"column":12,"line":29,"offset":582}}},"scope":{"containerScope":{"containerScope":{"containerScope":{"containerScope":{"containerScope":{"containerScope":{"contributions":{},"includedScopes":[]},"contributions":{},"includedScopes":[]},"contributions":{},"includedScopes":[{"containerScope":{"containerScope":{"containerScope":{"contributions":{},"includedScopes":[]},"contributions":{},"includedScopes":[]},"contributions":{},"includedScopes":[]},"contributions":{},"includedScopes":[]}]},"contributions":{},"includedScopes":[]},"contributions":{},"includedScopes":[]},"contributions":{},"includedScopes":[]},"contributions":{},"includedScopes":[]},"sourceMap":{"end":{"column":37,"line":29,"offset":607},"start":{"column":12,"line":29,"offset":582}}}}],"sourceMap":{"end":{"column":4,"line":30,"offset":611},"start":{"column":34,"line":28,"offset":569}}},"compiled":false,"id":"8fac77c9-b649-47c0-864c-a471532000df","isOverride":false,"metadata":[],"name":"puedePasar","parameters":[{"id":"1c4f2d8b-d86b-4301-854b-bb10bc0f6a7a","isVarArg":false,"metadata":[],"name":"unMensajero","scope":{"containerScope":{"containerScope":{"containerScope":{"containerScope":{"contributions":{},"includedScopes":[]},"contributions":{},"includedScopes":[]},"contributions":{},"includedScopes":[{"containerScope":{"containerScope":{"containerScope":{"contributions":{},"includedScopes":[]},"contributions":{},"includedScopes":[]},"contributions":{},"includedScopes":[]},"contributions":{},"includedScopes":[]}]},"contributions":{},"includedScopes":[]},"contributions":{},"includedScopes":[]},"sourceMap":{"end":{"column":32,"line":28,"offset":567},"start":{"column":21,"line":28,"offset":556}}}],"problems":[],"scope":{"containerScope":{"containerScope":{"containerScope":{"contributions":{},"includedScopes":[]},"contributions":{},"includedScopes":[]},"contributions":{},"includedScopes":[{"containerScope":{"containerScope":{"containerScope":{"contributions":{},"includedScopes":[]},"contributions":{},"includedScopes":[]},"contributions":{},"includedScopes":[]},"contributions":{},"includedScopes":[]}]},"contributions":{},"includedScopes":[]},"sourceMap":{"end":{"column":4,"line":30,"offset":611},"start":{"column":3,"line":28,"offset":538}}}],"metadata":[],"name":"laMatrix","problems":[],"scope":{"containerScope":{"containerScope":{"contributions":{},"includedScopes":[]},"contributions":{},"includedScopes":[]},"contributions":{},"includedScopes":[{"containerScope":{"containerScope":{"containerScope":{"contributions":{},"includedScopes":[]},"contributions":{},"includedScopes":[]},"contributions":{},"includedScopes":[]},"contributions":{},"includedScopes":[]}]},"sourceMap":{"end":{"column":2,"line":31,"offset":613},"start":{"column":1,"line":27,"offset":518}},"supertypes":[]},{"id":"7ebec1bc-878c-4cfb-9d44-a979b7b45065","members":[{"id":"c3da856d-7410-4097-a303-cc71c1ecae0d","isConstant":false,"isProperty":false,"metadata":[],"name":"peso","scope":{"containerScope":{"containerScope":{"containerScope":{"contributions":{},"includedScopes":[]},"contributions":{},"includedScopes":[]},"contributions":{},"includedScopes":[{"containerScope":{"containerScope":{"containerScope":{"contributions":{},"includedScopes":[]},"contributions":{},"includedScopes":[]},"contributions":{},"includedScopes":[]},"contributions":{},"includedScopes":[]}]},"contributions":{},"includedScopes":[]},"sourceMap":{"end":{"column":16,"line":34,"offset":647},"start":{"column":3,"line":34,"offset":634}},"value":{"id":"acb5c283-59fa-4413-963f-e7d3d9ed04e3","metadata":[],"scope":{"containerScope":{"containerScope":{"containerScope":{"containerScope":{"contributions":{},"includedScopes":[]},"contributions":{},"includedScopes":[]},"contributions":{},"includedScopes":[{"containerScope":{"containerScope":{"containerScope":{"contributions":{},"includedScopes":[]},"contributions":{},"includedScopes":[]},"contributions":{},"includedScopes":[]},"contributions":{},"includedScopes":[]}]},"contributions":{},"includedScopes":[]},"contributions":{},"includedScopes":[]},"sourceMap":{"end":{"column":16,"line":34,"offset":647},"start":{"column":14,"line":34,"offset":645}},"value":90}},{"body":{"id":"89033387-a0ca-4aae-9a60-edf3f031991e","metadata":[],"problems":[],"scope":{"containerScope":{"containerScope":{"containerScope":{"containerScope":{"contributions":{},"includedScopes":[]},"contributions":{},"includedScopes":[]},"contributions":{},"includedScopes":[{"containerScope":{"containerScope":{"containerScope":{"contributions":{},"includedScopes":[]},"contributions":{},"includedScopes":[]},"contributions":{},"includedScopes":[]},"contributions":{},"includedScopes":[]}]},"contributions":{},"includedScopes":[]},"contributions":{},"includedScopes":[]},"sentences":[{"id":"7ef6b1ac-ffd8-4742-a4a0-b6e4564439fc","metadata":[],"scope":{"containerScope":{"containerScope":{"containerScope":{"containerScope":{"containerScope":{"contributions":{},"includedScopes":[]},"contributions":{},"includedScopes":[]},"contributions":{},"includedScopes":[{"containerScope":{"containerScope":{"containerScope":{"contributions":{},"includedScopes":[]},"contributions":{},"includedScopes":[]},"contributions":{},"includedScopes":[]},"contributions":{},"includedScopes":[]}]},"contributions":{},"includedScopes":[]},"contributions":{},"includedScopes":[]},"contributions":{},"includedScopes":[]},"sourceMap":{"end":{"column":16,"line":36,"offset":681},"start":{"column":5,"line":36,"offset":670}},"value":{"id":"e5599a48-24d9-4c28-9aa8-06dc708b20a9","metadata":[],"name":"peso","scope":{"containerScope":{"containerScope":{"containerScope":{"containerScope":{"containerScope":{"containerScope":{"contributions":{},"includedScopes":[]},"contributions":{},"includedScopes":[]},"contributions":{},"includedScopes":[{"containerScope":{"containerScope":{"containerScope":{"contributions":{},"includedScopes":[]},"contributions":{},"includedScopes":[]},"contributions":{},"includedScopes":[]},"contributions":{},"includedScopes":[]}]},"contributions":{},"includedScopes":[]},"contributions":{},"includedScopes":[]},"contributions":{},"includedScopes":[]},"contributions":{},"includedScopes":[]},"sourceMap":{"end":{"column":16,"line":36,"offset":681},"start":{"column":12,"line":36,"offset":677}}}}],"sourceMap":{"end":{"column":4,"line":37,"offset":685},"start":{"column":17,"line":35,"offset":664}}},"compiled":false,"id":"7435e21c-f302-4fb0-a462-37403b47d91a","isOverride":false,"metadata":[],"name":"peso","parameters":[],"problems":[],"scope":{"containerScope":{"containerScope":{"containerScope":{"contributions":{},"includedScopes":[]},"contributions":{},"includedScopes":[]},"contributions":{},"includedScopes":[{"containerScope":{"containerScope":{"containerScope":{"contributions":{},"includedScopes":[]},"contributions":{},"includedScopes":[]},"contributions":{},"includedScopes":[]},"contributions":{},"includedScopes":[]}]},"contributions":{},"includedScopes":[]},"sourceMap":{"end":{"column":4,"line":37,"offset":685},"start":{"column":3,"line":35,"offset":650}}},{"id":"c9669dbd-839b-4d65-872c-5e253ba993f6","isConstant":false,"isProperty":false,"metadata":[],"name":"metodoDesignado","scope":{"containerScope":{"containerScope":{"containerScope":{"contributions":{},"includedScopes":[]},"contributions":{},"includedScopes":[]},"contributions":{},"includedScopes":[{"containerScope":{"containerScope":{"containerScope":{"contributions":{},"includedScopes":[]},"contributions":{},"includedScopes":[]},"contributions":{},"includedScopes":[]},"contributions":{},"includedScopes":[]}]},"contributions":{},"includedScopes":[]},"sourceMap":{"end":{"column":36,"line":38,"offset":721},"start":{"column":3,"line":38,"offset":688}},"value":{"id":"5733a105-b64a-442c-baaa-33e8a1e411ab","metadata":[],"scope":{"containerScope":{"containerScope":{"containerScope":{"containerScope":{"contributions":{},"includedScopes":[]},"contributions":{},"includedScopes":[]},"contributions":{},"includedScopes":[{"containerScope":{"containerScope":{"containerScope":{"contributions":{},"includedScopes":[]},"contributions":{},"includedScopes":[]},"contributions":{},"includedScopes":[]},"contributions":{},"includedScopes":[]}]},"contributions":{},"includedScopes":[]},"contributions":{},"includedScopes":[]},"sourceMap":{"end":{"column":36,"line":38,"offset":721},"start":{"column":25,"line":38,"offset":710}},"value":"bicicleta"}},{"body":{"id":"53a78a19-17a9-4ea2-b38b-7652b5546d19","metadata":[],"problems":[],"scope":{"containerScope":{"containerScope":{"containerScope":{"containerScope":{"contributions":{},"includedScopes":[]},"contributions":{},"includedScopes":[]},"contributions":{},"includedScopes":[{"containerScope":{"containerScope":{"containerScope":{"contributions":{},"includedScopes":[]},"contributions":{},"includedScopes":[]},"contributions":{},"includedScopes":[]},"contributions":{},"includedScopes":[]}]},"contributions":{},"includedScopes":[]},"contributions":{},"includedScopes":[]},"sentences":[{"id":"79eefcae-40da-4720-8fe3-514c237281ee","metadata":[],"scope":{"containerScope":{"containerScope":{"containerScope":{"containerScope":{"containerScope":{"contributions":{},"includedScopes":[]},"contributions":{},"includedScopes":[]},"contributions":{},"includedScopes":[{"containerScope":{"containerScope":{"containerScope":{"contributions":{},"includedScopes":[]},"contributions":{},"includedScopes":[]},"contributions":{},"includedScopes":[]},"contributions":{},"includedScopes":[]}]},"contributions":{},"includedScopes":[]},"contributions":{},"includedScopes":[]},"contributions":{},"includedScopes":[]},"sourceMap":{"end":{"column":27,"line":40,"offset":775},"start":{"column":5,"line":40,"offset":753}},"value":{"id":"54f22c05-e1d4-4e73-bbf0-2e1126593d28","metadata":[],"name":"metodoDesignado","scope":{"containerScope":{"containerScope":{"containerScope":{"containerScope":{"containerScope":{"containerScope":{"contributions":{},"includedScopes":[]},"contributions":{},"includedScopes":[]},"contributions":{},"includedScopes":[{"containerScope":{"containerScope":{"containerScope":{"contributions":{},"includedScopes":[]},"contributions":{},"includedScopes":[]},"contributions":{},"includedScopes":[]},"contributions":{},"includedScopes":[]}]},"contributions":{},"includedScopes":[]},"contributions":{},"includedScopes":[]},"contributions":{},"includedScopes":[]},"contributions":{},"includedScopes":[]},"sourceMap":{"end":{"column":27,"line":40,"offset":775},"start":{"column":12,"line":40,"offset":760}}}}],"sourceMap":{"end":{"column":4,"line":41,"offset":779},"start":{"column":26,"line":39,"offset":747}}},"compiled":false,"id":"ed309a26-0f34-4ff3-a5cc-ee1c1de582d1","isOverride":false,"metadata":[],"name":"metodoDeEnvio","parameters":[],"problems":[],"scope":{"containerScope":{"containerScope":{"containerScope":{"contributions":{},"includedScopes":[]},"contributions":{},"includedScopes":[]},"contributions":{},"includedScopes":[{"containerScope":{"containerScope":{"containerScope":{"contributions":{},"includedScopes":[]},"contributions":{},"includedScopes":[]},"contributions":{},"includedScopes":[]},"contributions":{},"includedScopes":[]}]},"contributions":{},"includedScopes":[]},"sourceMap":{"end":{"column":4,"line":41,"offset":779},"start":{"column":3,"line":39,"offset":724}}},{"body":{"id":"8e47698f-2e80-43d2-89ef-808893a0d481","metadata":[],"problems":[],"scope":{"containerScope":{"containerScope":{"containerScope":{"containerScope":{"contributions":{},"includedScopes":[]},"contributions":{},"includedScopes":[]},"contributions":{},"includedScopes":[{"containerScope":{"containerScope":{"containerScope":{"contributions":{},"includedScopes":[]},"contributions":{},"includedScopes":[]},"contributions":{},"includedScopes":[]},"contributions":{},"includedScopes":[]}]},"contributions":{},"includedScopes":[]},"contributions":{},"includedScopes":[]},"sentences":[{"id":"27f51b76-f95b-420e-919d-f7e3412d53cb","metadata":[],"scope":{"containerScope":{"containerScope":{"containerScope":{"containerScope":{"containerScope":{"contributions":{},"includedScopes":[]},"contributions":{},"includedScopes":[]},"contributions":{},"includedScopes":[{"containerScope":{"containerScope":{"containerScope":{"contributions":{},"includedScopes":[]},"contributions":{},"includedScopes":[]},"contributions":{},"includedScopes":[]},"contributions":{},"includedScopes":[]}]},"contributions":{},"includedScopes":[]},"contributions":{},"includedScopes":[]},"contributions":{},"includedScopes":[]},"sourceMap":{"end":{"column":31,"line":43,"offset":845},"start":{"column":5,"line":43,"offset":819}},"value":{"id":"44a6c09f-5e03-4eca-b859-2791fa7049d2","metadata":[],"name":"unMetodo","scope":{"containerScope":{"containerScope":{"containerScope":{"containerScope":{"containerScope":{"containerScope":{"contributions":{},"includedScopes":[]},"contributions":{},"includedScopes":[]},"contributions":{},"includedScopes":[{"containerScope":{"containerScope":{"containerScope":{"contributions":{},"includedScopes":[]},"contributions":{},"includedScopes":[]},"contributions":{},"includedScopes":[]},"contributions":{},"includedScopes":[]}]},"contributions":{},"includedScopes":[]},"contributions":{},"includedScopes":[]},"contributions":{},"includedScopes":[]},"contributions":{},"includedScopes":[]},"sourceMap":{"end":{"column":31,"line":43,"offset":845},"start":{"column":23,"line":43,"offset":837}}},"variable":{"id":"b210207a-148a-4a0d-a905-d7bdb961d2f5","metadata":[],"name":"metodoDesignado","scope":{"containerScope":{"containerScope":{"containerScope":{"containerScope":{"containerScope":{"containerScope":{"contributions":{},"includedScopes":[]},"contributions":{},"includedScopes":[]},"contributions":{},"includedScopes":[{"containerScope":{"containerScope":{"containerScope":{"contributions":{},"includedScopes":[]},"contributions":{},"includedScopes":[]},"contributions":{},"includedScopes":[]},"contributions":{},"includedScopes":[]}]},"contributions":{},"includedScopes":[]},"contributions":{},"includedScopes":[]},"contributions":{},"includedScopes":[]},"contributions":{},"includedScopes":[]},"sourceMap":{"end":{"column":20,"line":43,"offset":834},"start":{"column":5,"line":43,"offset":819}}}}],"sourceMap":{"end":{"column":4,"line":44,"offset":849},"start":{"column":34,"line":42,"offset":813}}},"compiled":false,"id":"bf0a4eb5-2531-4072-b123-eabe17526e8d","isOverride":false,"metadata":[],"name":"metodoDeEnvio","parameters":[{"id":"bb25d9d9-0d6b-4f7e-8694-57a0c1b2ac81","isVarArg":false,"metadata":[],"name":"unMetodo","scope":{"containerScope":{"containerScope":{"containerScope":{"containerScope":{"contributions":{},"includedScopes":[]},"contributions":{},"includedScopes":[]},"contributions":{},"includedScopes":[{"containerScope":{"containerScope":{"containerScope":{"contributions":{},"includedScopes":[]},"contributions":{},"includedScopes":[]},"contributions":{},"includedScopes":[]},"contributions":{},"includedScopes":[]}]},"contributions":{},"includedScopes":[]},"contributions":{},"includedScopes":[]},"sourceMap":{"end":{"column":32,"line":42,"offset":811},"start":{"column":24,"line":42,"offset":803}}}],"problems":[],"scope":{"containerScope":{"containerScope":{"containerScope":{"contributions":{},"includedScopes":[]},"contributions":{},"includedScopes":[]},"contributions":{},"includedScopes":[{"containerScope":{"containerScope":{"containerScope":{"contributions":{},"includedScopes":[]},"contributions":{},"includedScopes":[]},"contributions":{},"includedScopes":[]},"contributions":{},"includedScopes":[]}]},"contributions":{},"includedScopes":[]},"sourceMap":{"end":{"column":4,"line":44,"offset":849},"start":{"column":3,"line":42,"offset":782}}},{"body":{"id":"54b3c7be-a870-40bb-976e-c84ce7b33cd9","metadata":[],"problems":[],"scope":{"containerScope":{"containerScope":{"containerScope":{"containerScope":{"contributions":{},"includedScopes":[]},"contributions":{},"includedScopes":[]},"contributions":{},"includedScopes":[{"containerScope":{"containerScope":{"containerScope":{"contributions":{},"includedScopes":[]},"contributions":{},"includedScopes":[]},"contributions":{},"includedScopes":[]},"contributions":{},"includedScopes":[]}]},"contributions":{},"includedScopes":[]},"contributions":{},"includedScopes":[]},"sentences":[{"id":"fb4b4ed1-072b-42c7-ba57-9929255f2683","metadata":[],"scope":{"containerScope":{"containerScope":{"containerScope":{"containerScope":{"containerScope":{"contributions":{},"includedScopes":[]},"contributions":{},"includedScopes":[]},"contributions":{},"includedScopes":[{"containerScope":{"containerScope":{"containerScope":{"contributions":{},"includedScopes":[]},"contributions":{},"includedScopes":[]},"contributions":{},"includedScopes":[]},"contributions":{},"includedScopes":[]}]},"contributions":{},"includedScopes":[]},"contributions":{},"includedScopes":[]},"contributions":{},"includedScopes":[]},"sourceMap":{"end":{"column":14,"line":46,"offset":893},"start":{"column":5,"line":46,"offset":884}},"value":{"args":[{"id":"97a4d1ec-f0dc-4dd3-a638-7f27df2f26fe","metadata":[],"scope":{"containerScope":{"containerScope":{"containerScope":{"containerScope":{"containerScope":{"containerScope":{"containerScope":{"contributions":{},"includedScopes":[]},"contributions":{},"includedScopes":[]},"contributions":{},"includedScopes":[{"containerScope":{"containerScope":{"containerScope":{"contributions":{},"includedScopes":[]},"contributions":{},"includedScopes":[]},"contributions":{},"includedScopes":[]},"contributions":{},"includedScopes":[]}]},"contributions":{},"includedScopes":[]},"contributions":{},"includedScopes":[]},"contributions":{},"includedScopes":[]},"contributions":{},"includedScopes":[]},"contributions":{},"includedScopes":[]},"sourceMap":{"end":{"column":14,"line":46,"offset":893},"start":{"column":13,"line":46,"offset":892}},"value":5}],"id":"8d7af5b5-69fc-4c4d-bff1-03584442319d","message":"+","metadata":[],"receiver":{"id":"a971f80b-f765-438e-959a-08782c717e0c","metadata":[],"name":"peso","scope":{"containerScope":{"containerScope":{"containerScope":{"containerScope":{"containerScope":{"containerScope":{"containerScope":{"contributions":{},"includedScopes":[]},"contributions":{},"includedScopes":[]},"contributions":{},"includedScopes":[{"containerScope":{"containerScope":{"containerScope":{"contributions":{},"includedScopes":[]},"contributions":{},"includedScopes":[]},"contributions":{},"includedScopes":[]},"contributions":{},"includedScopes":[]}]},"contributions":{},"includedScopes":[]},"contributions":{},"includedScopes":[]},"contributions":{},"includedScopes":[]},"contributions":{},"includedScopes":[]},"contributions":{},"includedScopes":[]},"sourceMap":{"end":{"column":9,"line":46,"offset":888},"start":{"column":5,"line":46,"offset":884}}},"scope":{"containerScope":{"containerScope":{"containerScope":{"containerScope":{"containerScope":{"containerScope":{"contributions":{},"includedScopes":[]},"contributions":{},"includedScopes":[]},"contributions":{},"includedScopes":[{"containerScope":{"containerScope":{"containerScope":{"contributions":{},"includedScopes":[]},"contributions":{},"includedScopes":[]},"contributions":{},"includedScopes":[]},"contributions":{},"includedScopes":[]}]},"contributions":{},"includedScopes":[]},"contributions":{},"includedScopes":[]},"contributions":{},"includedScopes":[]},"contributions":{},"includedScopes":[]}},"variable":{"id":"9836762b-a64d-4bb9-bf9f-95bf35cc81a7","metadata":[],"name":"peso","scope":{"containerScope":{"containerScope":{"containerScope":{"containerScope":{"containerScope":{"containerScope":{"contributions":{},"includedScopes":[]},"contributions":{},"includedScopes":[]},"contributions":{},"includedScopes":[{"containerScope":{"containerScope":{"containerScope":{"contributions":{},"includedScopes":[]},"contributions":{},"includedScopes":[]},"contributions":{},"includedScopes":[]},"contributions":{},"includedScopes":[]}]},"contributions":{},"includedScopes":[]},"contributions":{},"includedScopes":[]},"contributions":{},"includedScopes":[]},"contributions":{},"includedScopes":[]},"sourceMap":{"end":{"column":9,"line":46,"offset":888},"start":{"column":5,"line":46,"offset":884}}}},{"id":"fbe3f6f7-5353-4907-b544-d862baca1f4e","metadata":[],"scope":{"containerScope":{"containerScope":{"containerScope":{"containerScope":{"containerScope":{"contributions":{},"includedScopes":[]},"contributions":{},"includedScopes":[]},"contributions":{},"includedScopes":[{"containerScope":{"containerScope":{"containerScope":{"contributions":{},"includedScopes":[]},"contributions":{},"includedScopes":[]},"contributions":{},"includedScopes":[]},"contributions":{},"includedScopes":[]}]},"contributions":{},"includedScopes":[]},"contributions":{},"includedScopes":[]},"contributions":{},"includedScopes":[]},"sourceMap":{"end":{"column":34,"line":47,"offset":927},"start":{"column":5,"line":47,"offset":898}},"value":{"id":"b7dc88fd-87f2-4228-af9f-52528fdc345c","metadata":[],"scope":{"containerScope":{"containerScope":{"containerScope":{"containerScope":{"containerScope":{"containerScope":{"contributions":{},"includedScopes":[]},"contributions":{},"includedScopes":[]},"contributions":{},"includedScopes":[{"containerScope":{"containerScope":{"containerScope":{"contributions":{},"includedScopes":[]},"contributions":{},"includedScopes":[]},"contributions":{},"includedScopes":[]},"contributions":{},"includedScopes":[]}]},"contributions":{},"includedScopes":[]},"contributions":{},"includedScopes":[]},"contributions":{},"includedScopes":[]},"contributions":{},"includedScopes":[]},"sourceMap":{"end":{"column":34,"line":47,"offset":927},"start":{"column":23,"line":47,"offset":916}},"value":"bicicleta"},"variable":{"id":"0cf5d3f9-88eb-47b6-8b69-a6ff6299ea0f","metadata":[],"name":"metodoDesignado","scope":{"containerScope":{"containerScope":{"containerScope":{"containerScope":{"containerScope":{"containerScope":{"contributions":{},"includedScopes":[]},"contributions":{},"includedScopes":[]},"contributions":{},"includedScopes":[{"containerScope":{"containerScope":{"containerScope":{"contributions":{},"includedScopes":[]},"contributions":{},"includedScopes":[]},"contributions":{},"includedScopes":[]},"contributions":{},"includedScopes":[]}]},"contributions":{},"includedScopes":[]},"contributions":{},"includedScopes":[]},"contributions":{},"includedScopes":[]},"contributions":{},"includedScopes":[]},"sourceMap":{"end":{"column":20,"line":47,"offset":913},"start":{"column":5,"line":47,"offset":898}}}}],"sourceMap":{"end":{"column":4,"line":48,"offset":931},"start":{"column":29,"line":45,"offset":878}}},"compiled":false,"id":"83b0dfaf-2af8-416c-b8f2-6bdc72267dbe","isOverride":false,"metadata":[],"name":"viajeEnBicicleta","parameters":[],"problems":[],"scope":{"containerScope":{"containerScope":{"containerScope":{"contributions":{},"includedScopes":[]},"contributions":{},"includedScopes":[]},"contributions":{},"includedScopes":[{"containerScope":{"containerScope":{"containerScope":{"contributions":{},"includedScopes":[]},"contributions":{},"includedScopes":[]},"contributions":{},"includedScopes":[]},"contributions":{},"includedScopes":[]}]},"contributions":{},"includedScopes":[]},"sourceMap":{"end":{"column":4,"line":48,"offset":931},"start":{"column":3,"line":45,"offset":852}}},{"id":"5732ad36-bccf-491c-a847-43143f5f7990","isConstant":false,"isProperty":false,"metadata":[],"name":"cantidadDeAcoplados","scope":{"containerScope":{"containerScope":{"containerScope":{"contributions":{},"includedScopes":[]},"contributions":{},"includedScopes":[]},"contributions":{},"includedScopes":[{"containerScope":{"containerScope":{"containerScope":{"contributions":{},"includedScopes":[]},"contributions":{},"includedScopes":[]},"contributions":{},"includedScopes":[]},"contributions":{},"includedScopes":[]}]},"contributions":{},"includedScopes":[]},"sourceMap":{"end":{"column":30,"line":49,"offset":961},"start":{"column":3,"line":49,"offset":934}},"value":{"id":"e079a448-dbba-4ff3-90ae-61d0026333da","metadata":[],"scope":{"containerScope":{"containerScope":{"containerScope":{"containerScope":{"contributions":{},"includedScopes":[]},"contributions":{},"includedScopes":[]},"contributions":{},"includedScopes":[{"containerScope":{"containerScope":{"containerScope":{"contributions":{},"includedScopes":[]},"contributions":{},"includedScopes":[]},"contributions":{},"includedScopes":[]},"contributions":{},"includedScopes":[]}]},"contributions":{},"includedScopes":[]},"contributions":{},"includedScopes":[]},"sourceMap":{"end":{"column":30,"line":49,"offset":961},"start":{"column":29,"line":49,"offset":960}},"value":0}},{"body":{"id":"12d60609-0edc-4974-aa04-6591be7b1511","metadata":[],"problems":[],"scope":{"containerScope":{"containerScope":{"containerScope":{"containerScope":{"contributions":{},"includedScopes":[]},"contributions":{},"includedScopes":[]},"contributions":{},"includedScopes":[{"containerScope":{"containerScope":{"containerScope":{"contributions":{},"includedScopes":[]},"contributions":{},"includedScopes":[]},"contributions":{},"includedScopes":[]},"contributions":{},"includedScopes":[]}]},"contributions":{},"includedScopes":[]},"contributions":{},"includedScopes":[]},"sentences":[{"id":"e762224e-0c10-46d7-ba74-36ee4f693b79","metadata":[],"scope":{"containerScope":{"containerScope":{"containerScope":{"containerScope":{"containerScope":{"contributions":{},"includedScopes":[]},"contributions":{},"includedScopes":[]},"contributions":{},"includedScopes":[{"containerScope":{"containerScope":{"containerScope":{"contributions":{},"includedScopes":[]},"contributions":{},"includedScopes":[]},"contributions":{},"includedScopes":[]},"contributions":{},"includedScopes":[]}]},"contributions":{},"includedScopes":[]},"contributions":{},"includedScopes":[]},"contributions":{},"includedScopes":[]},"sourceMap":{"end":{"column":29,"line":51,"offset":1011},"start":{"column":5,"line":51,"offset":987}},"value":{"args":[{"id":"83e72d2c-9457-4c6c-b0f3-9cd420ef843f","metadata":[],"scope":{"containerScope":{"containerScope":{"containerScope":{"containerScope":{"containerScope":{"containerScope":{"containerScope":{"contributions":{},"includedScopes":[]},"contributions":{},"includedScopes":[]},"contributions":{},"includedScopes":[{"containerScope":{"containerScope":{"containerScope":{"contributions":{},"includedScopes":[]},"contributions":{},"includedScopes":[]},"contributions":{},"includedScopes":[]},"contributions":{},"includedScopes":[]}]},"contributions":{},"includedScopes":[]},"contributions":{},"includedScopes":[]},"contributions":{},"includedScopes":[]},"contributions":{},"includedScopes":[]},"contributions":{},"includedScopes":[]},"sourceMap":{"end":{"column":29,"line":51,"offset":1011},"start":{"column":28,"line":51,"offset":1010}},"value":1}],"id":"aa460808-ea65-49f6-a560-bee1cc56d2f9","message":"+","metadata":[],"receiver":{"id":"9090f014-8ace-4d5e-bbe0-ce12b23b3b8e","metadata":[],"name":"cantidadDeAcoplados","scope":{"containerScope":{"containerScope":{"containerScope":{"containerScope":{"containerScope":{"containerScope":{"containerScope":{"contributions":{},"includedScopes":[]},"contributions":{},"includedScopes":[]},"contributions":{},"includedScopes":[{"containerScope":{"containerScope":{"containerScope":{"contributions":{},"includedScopes":[]},"contributions":{},"includedScopes":[]},"contributions":{},"includedScopes":[]},"contributions":{},"includedScopes":[]}]},"contributions":{},"includedScopes":[]},"contributions":{},"includedScopes":[]},"contributions":{},"includedScopes":[]},"contributions":{},"includedScopes":[]},"contributions":{},"includedScopes":[]},"sourceMap":{"end":{"column":24,"line":51,"offset":1006},"start":{"column":5,"line":51,"offset":987}}},"scope":{"containerScope":{"containerScope":{"containerScope":{"containerScope":{"containerScope":{"containerScope":{"contributions":{},"includedScopes":[]},"contributions":{},"includedScopes":[]},"contributions":{},"includedScopes":[{"containerScope":{"containerScope":{"containerScope":{"contributions":{},"includedScopes":[]},"contributions":{},"includedScopes":[]},"contributions":{},"includedScopes":[]},"contributions":{},"includedScopes":[]}]},"contributions":{},"includedScopes":[]},"contributions":{},"includedScopes":[]},"contributions":{},"includedScopes":[]},"contributions":{},"includedScopes":[]}},"variable":{"id":"3ff563b4-5155-4c83-b1b3-28e42bf74883","metadata":[],"name":"cantidadDeAcoplados","scope":{"containerScope":{"containerScope":{"containerScope":{"containerScope":{"containerScope":{"containerScope":{"contributions":{},"includedScopes":[]},"contributions":{},"includedScopes":[]},"contributions":{},"includedScopes":[{"containerScope":{"containerScope":{"containerScope":{"contributions":{},"includedScopes":[]},"contributions":{},"includedScopes":[]},"contributions":{},"includedScopes":[]},"contributions":{},"includedScopes":[]}]},"contributions":{},"includedScopes":[]},"contributions":{},"includedScopes":[]},"contributions":{},"includedScopes":[]},"contributions":{},"includedScopes":[]},"sourceMap":{"end":{"column":24,"line":51,"offset":1006},"start":{"column":5,"line":51,"offset":987}}}}],"sourceMap":{"end":{"column":4,"line":52,"offset":1015},"start":{"column":20,"line":50,"offset":981}}},"compiled":false,"id":"cb277d39-2c31-4333-976d-161cd699e605","isOverride":false,"metadata":[],"name":"aclopar","parameters":[],"problems":[],"scope":{"containerScope":{"containerScope":{"containerScope":{"contributions":{},"includedScopes":[]},"contributions":{},"includedScopes":[]},"contributions":{},"includedScopes":[{"containerScope":{"containerScope":{"containerScope":{"contributions":{},"includedScopes":[]},"contributions":{},"includedScopes":[]},"contributions":{},"includedScopes":[]},"contributions":{},"includedScopes":[]}]},"contributions":{},"includedScopes":[]},"sourceMap":{"end":{"column":4,"line":52,"offset":1015},"start":{"column":3,"line":50,"offset":964}}},{"body":{"id":"809bbb8b-d13c-4405-9951-931690c066d0","metadata":[],"problems":[],"scope":{"containerScope":{"containerScope":{"containerScope":{"containerScope":{"contributions":{},"includedScopes":[]},"contributions":{},"includedScopes":[]},"contributions":{},"includedScopes":[{"containerScope":{"containerScope":{"containerScope":{"contributions":{},"includedScopes":[]},"contributions":{},"includedScopes":[]},"contributions":{},"includedScopes":[]},"contributions":{},"includedScopes":[]}]},"contributions":{},"includedScopes":[]},"contributions":{},"includedScopes":[]},"sentences":[{"id":"dca07fa2-bc8e-4d8c-ad9c-b768361eae4a","metadata":[],"scope":{"containerScope":{"containerScope":{"containerScope":{"containerScope":{"containerScope":{"contributions":{},"includedScopes":[]},"contributions":{},"includedScopes":[]},"contributions":{},"includedScopes":[{"containerScope":{"containerScope":{"containerScope":{"contributions":{},"includedScopes":[]},"contributions":{},"includedScopes":[]},"contributions":{},"includedScopes":[]},"contributions":{},"includedScopes":[]}]},"contributions":{},"includedScopes":[]},"contributions":{},"includedScopes":[]},"contributions":{},"includedScopes":[]},"sourceMap":{"end":{"column":39,"line":54,"offset":1081},"start":{"column":5,"line":54,"offset":1047}},"value":{"args":[{"args":[{"id":"6abf9374-7255-41c6-973f-540f5f53c9c6","metadata":[],"name":"cantidadDeAcoplados","scope":{"containerScope":{"containerScope":{"containerScope":{"containerScope":{"containerScope":{"containerScope":{"containerScope":{"containerScope":{"contributions":{},"includedScopes":[]},"contributions":{},"includedScopes":[]},"contributions":{},"includedScopes":[{"containerScope":{"containerScope":{"containerScope":{"contributions":{},"includedScopes":[]},"contributions":{},"includedScopes":[]},"contributions":{},"includedScopes":[]},"contributions":{},"includedScopes":[]}]},"contributions":{},"includedScopes":[]},"contributions":{},"includedScopes":[]},"contributions":{},"includedScopes":[]},"contributions":{},"includedScopes":[]},"contributions":{},"includedScopes":[]},"contributions":{},"includedScopes":[]},"sourceMap":{"end":{"column":39,"line":54,"offset":1081},"start":{"column":20,"line":54,"offset":1062}}}],"id":"275e7a55-b446-45d0-9361-23cb066acd06","message":"*","metadata":[],"receiver":{"id":"bf59189e-5c7a-455c-a8c5-d09b050be216","metadata":[],"scope":{"containerScope":{"containerScope":{"containerScope":{"containerScope":{"containerScope":{"containerScope":{"containerScope":{"containerScope":{"contributions":{},"includedScopes":[]},"contributions":{},"includedScopes":[]},"contributions":{},"includedScopes":[{"containerScope":{"containerScope":{"containerScope":{"contributions":{},"includedScopes":[]},"contributions":{},"includedScopes":[]},"contributions":{},"includedScopes":[]},"contributions":{},"includedScopes":[]}]},"contributions":{},"includedScopes":[]},"contributions":{},"includedScopes":[]},"contributions":{},"includedScopes":[]},"contributions":{},"includedScopes":[]},"contributions":{},"includedScopes":[]},"contributions":{},"includedScopes":[]},"sourceMap":{"end":{"column":17,"line":54,"offset":1059},"start":{"column":13,"line":54,"offset":1055}},"value":5000},"scope":{"containerScope":{"containerScope":{"containerScope":{"containerScope":{"containerScope":{"containerScope":{"containerScope":{"contributions":{},"includedScopes":[]},"contributions":{},"includedScopes":[]},"contributions":{},"includedScopes":[{"containerScope":{"containerScope":{"containerScope":{"contributions":{},"includedScopes":[]},"contributions":{},"includedScopes":[]},"contributions":{},"includedScopes":[]},"contributions":{},"includedScopes":[]}]},"contributions":{},"includedScopes":[]},"contributions":{},"includedScopes":[]},"contributions":{},"includedScopes":[]},"contributions":{},"includedScopes":[]},"contributions":{},"includedScopes":[]},"sourceMap":{"end":{"column":39,"line":54,"offset":1081},"start":{"column":13,"line":54,"offset":1055}}}],"id":"f7c930e9-5811-40ee-80cb-0219ab49e73c","message":"+","metadata":[],"receiver":{"id":"494b7d0f-cbc0-48fb-9f49-5c726f88696c","metadata":[],"name":"peso","scope":{"containerScope":{"containerScope":{"containerScope":{"containerScope":{"containerScope":{"containerScope":{"containerScope":{"contributions":{},"includedScopes":[]},"contributions":{},"includedScopes":[]},"contributions":{},"includedScopes":[{"containerScope":{"containerScope":{"containerScope":{"contributions":{},"includedScopes":[]},"contributions":{},"includedScopes":[]},"contributions":{},"includedScopes":[]},"contributions":{},"includedScopes":[]}]},"contributions":{},"includedScopes":[]},"contributions":{},"includedScopes":[]},"contributions":{},"includedScopes":[]},"contributions":{},"includedScopes":[]},"contributions":{},"includedScopes":[]},"sourceMap":{"end":{"column":9,"line":54,"offset":1051},"start":{"column":5,"line":54,"offset":1047}}},"scope":{"containerScope":{"containerScope":{"containerScope":{"containerScope":{"containerScope":{"containerScope":{"contributions":{},"includedScopes":[]},"contributions":{},"includedScopes":[]},"contributions":{},"includedScopes":[{"containerScope":{"containerScope":{"containerScope":{"contributions":{},"includedScopes":[]},"contributions":{},"includedScopes":[]},"contributions":{},"includedScopes":[]},"contributions":{},"includedScopes":[]}]},"contributions":{},"includedScopes":[]},"contributions":{},"includedScopes":[]},"contributions":{},"includedScopes":[]},"contributions":{},"includedScopes":[]}},"variable":{"id":"cebc05e7-2fac-4f3a-81e0-49da26c81e8a","metadata":[],"name":"peso","scope":{"containerScope":{"containerScope":{"containerScope":{"containerScope":{"containerScope":{"containerScope":{"contributions":{},"includedScopes":[]},"contributions":{},"includedScopes":[]},"contributions":{},"includedScopes":[{"containerScope":{"containerScope":{"containerScope":{"contributions":{},"includedScopes":[]},"contributions":{},"includedScopes":[]},"contributions":{},"includedScopes":[]},"contributions":{},"includedScopes":[]}]},"contributions":{},"includedScopes":[]},"contributions":{},"includedScopes":[]},"contributions":{},"includedScopes":[]},"contributions":{},"includedScopes":[]},"sourceMap":{"end":{"column":9,"line":54,"offset":1051},"start":{"column":5,"line":54,"offset":1047}}}},{"id":"cc41a39c-6f63-4707-a456-fce8d6e8c068","metadata":[],"scope":{"containerScope":{"containerScope":{"containerScope":{"containerScope":{"containerScope":{"contributions":{},"includedScopes":[]},"contributions":{},"includedScopes":[]},"contributions":{},"includedScopes":[{"containerScope":{"containerScope":{"containerScope":{"contributions":{},"includedScopes":[]},"contributions":{},"includedScopes":[]},"contributions":{},"includedScopes":[]},"contributions":{},"includedScopes":[]}]},"contributions":{},"includedScopes":[]},"contributions":{},"includedScopes":[]},"contributions":{},"includedScopes":[]},"sourceMap":{"end":{"column":31,"line":55,"offset":1112},"start":{"column":5,"line":55,"offset":1086}},"value":{"id":"4de4afad-add4-476a-8a2a-cb8444a0936e","metadata":[],"scope":{"containerScope":{"containerScope":{"containerScope":{"containerScope":{"containerScope":{"containerScope":{"contributions":{},"includedScopes":[]},"contributions":{},"includedScopes":[]},"contributions":{},"includedScopes":[{"containerScope":{"containerScope":{"containerScope":{"contributions":{},"includedScopes":[]},"contributions":{},"includedScopes":[]},"contributions":{},"includedScopes":[]},"contributions":{},"includedScopes":[]}]},"contributions":{},"includedScopes":[]},"contributions":{},"includedScopes":[]},"contributions":{},"includedScopes":[]},"contributions":{},"includedScopes":[]},"sourceMap":{"end":{"column":31,"line":55,"offset":1112},"start":{"column":23,"line":55,"offset":1104}},"value":"camion"},"variable":{"id":"f9817685-93e9-49f6-ba4c-ec0cfe836b5e","metadata":[],"name":"metodoDesignado","scope":{"containerScope":{"containerScope":{"containerScope":{"containerScope":{"containerScope":{"containerScope":{"contributions":{},"includedScopes":[]},"contributions":{},"includedScopes":[]},"contributions":{},"includedScopes":[{"containerScope":{"containerScope":{"containerScope":{"contributions":{},"includedScopes":[]},"contributions":{},"includedScopes":[]},"contributions":{},"includedScopes":[]},"contributions":{},"includedScopes":[]}]},"contributions":{},"includedScopes":[]},"contributions":{},"includedScopes":[]},"contributions":{},"includedScopes":[]},"contributions":{},"includedScopes":[]},"sourceMap":{"end":{"column":20,"line":55,"offset":1101},"start":{"column":5,"line":55,"offset":1086}}}}],"sourceMap":{"end":{"column":4,"line":56,"offset":1116},"start":{"column":26,"line":53,"offset":1041}}},"compiled":false,"id":"7ddf5e15-c14f-4ab8-9fa3-6671bc8d17bb","isOverride":false,"metadata":[],"name":"viajeEnCamion","parameters":[],"problems":[],"scope":{"containerScope":{"containerScope":{"containerScope":{"contributions":{},"includedScopes":[]},"contributions":{},"includedScopes":[]},"contributions":{},"includedScopes":[{"containerScope":{"containerScope":{"containerScope":{"contributions":{},"includedScopes":[]},"contributions":{},"includedScopes":[]},"contributions":{},"includedScopes":[]},"contributions":{},"includedScopes":[]}]},"contributions":{},"includedScopes":[]},"sourceMap":{"end":{"column":4,"line":56,"offset":1116},"start":{"column":3,"line":53,"offset":1018}}},{"body":{"id":"aa2c7ab6-4dd1-4c1b-b554-a0cc2e02590d","metadata":[],"problems":[],"scope":{"containerScope":{"containerScope":{"containerScope":{"containerScope":{"contributions":{},"includedScopes":[]},"contributions":{},"includedScopes":[]},"contributions":{},"includedScopes":[{"containerScope":{"containerScope":{"containerScope":{"contributions":{},"includedScopes":[]},"contributions":{},"includedScopes":[]},"contributions":{},"includedScopes":[]},"contributions":{},"includedScopes":[]}]},"contributions":{},"includedScopes":[]},"contributions":{},"includedScopes":[]},"sentences":[{"id":"6a5c3947-ba14-494e-8ad4-5833cf07d936","metadata":[],"scope":{"containerScope":{"containerScope":{"containerScope":{"containerScope":{"containerScope":{"contributions":{},"includedScopes":[]},"contributions":{},"includedScopes":[]},"contributions":{},"includedScopes":[{"containerScope":{"containerScope":{"containerScope":{"contributions":{},"includedScopes":[]},"contributions":{},"includedScopes":[]},"contributions":{},"includedScopes":[]},"contributions":{},"includedScopes":[]}]},"contributions":{},"includedScopes":[]},"contributions":{},"includedScopes":[]},"contributions":{},"includedScopes":[]},"sourceMap":{"end":{"column":17,"line":58,"offset":1158},"start":{"column":5,"line":58,"offset":1146}},"value":{"id":"9b73996e-9ca7-4670-8c47-92470d5198f7","metadata":[],"scope":{"containerScope":{"containerScope":{"containerScope":{"containerScope":{"containerScope":{"containerScope":{"contributions":{},"includedScopes":[]},"contributions":{},"includedScopes":[]},"contributions":{},"includedScopes":[{"containerScope":{"containerScope":{"containerScope":{"contributions":{},"includedScopes":[]},"contributions":{},"includedScopes":[]},"contributions":{},"includedScopes":[]},"contributions":{},"includedScopes":[]}]},"contributions":{},"includedScopes":[]},"contributions":{},"includedScopes":[]},"contributions":{},"includedScopes":[]},"contributions":{},"includedScopes":[]},"sourceMap":{"end":{"column":17,"line":58,"offset":1158},"start":{"column":12,"line":58,"offset":1153}},"value":false}}],"sourceMap":{"end":{"column":4,"line":59,"offset":1162},"start":{"column":24,"line":57,"offset":1140}}},"compiled":false,"id":"8716d1d3-fcf8-4eca-8864-56d76b82efaa","isOverride":false,"metadata":[],"name":"puedeLlamar","parameters":[],"problems":[],"scope":{"containerScope":{"containerScope":{"containerScope":{"contributions":{},"includedScopes":[]},"contributions":{},"includedScopes":[]},"contributions":{},"includedScopes":[{"containerScope":{"containerScope":{"containerScope":{"contributions":{},"includedScopes":[]},"contributions":{},"includedScopes":[]},"contributions":{},"includedScopes":[]},"contributions":{},"includedScopes":[]}]},"contributions":{},"includedScopes":[]},"sourceMap":{"end":{"column":4,"line":59,"offset":1162},"start":{"column":3,"line":57,"offset":1119}}}],"metadata":[],"name":"roberto","problems":[],"scope":{"containerScope":{"containerScope":{"contributions":{},"includedScopes":[]},"contributions":{},"includedScopes":[]},"contributions":{},"includedScopes":[{"containerScope":{"containerScope":{"containerScope":{"contributions":{},"includedScopes":[]},"contributions":{},"includedScopes":[]},"contributions":{},"includedScopes":[]},"contributions":{},"includedScopes":[]}]},"sourceMap":{"end":{"column":2,"line":60,"offset":1164},"start":{"column":1,"line":33,"offset":615}},"supertypes":[]},{"id":"e75543b3-70a7-41b1-aba4-39bda455bf70","members":[{"body":{"id":"3567bc43-1d01-48e3-8a14-ae936589cac9","metadata":[],"problems":[],"scope":{"containerScope":{"containerScope":{"containerScope":{"containerScope":{"contributions":{},"includedScopes":[]},"contributions":{},"includedScopes":[]},"contributions":{},"includedScopes":[{"containerScope":{"containerScope":{"containerScope":{"contributions":{},"includedScopes":[]},"contributions":{},"includedScopes":[]},"contributions":{},"includedScopes":[]},"contributions":{},"includedScopes":[]}]},"contributions":{},"includedScopes":[]},"contributions":{},"includedScopes":[]},"sentences":[{"id":"ebe487ff-08d2-4716-9a00-50cd7942a4c7","metadata":[],"scope":{"containerScope":{"containerScope":{"containerScope":{"containerScope":{"containerScope":{"contributions":{},"includedScopes":[]},"contributions":{},"includedScopes":[]},"contributions":{},"includedScopes":[{"containerScope":{"containerScope":{"containerScope":{"contributions":{},"includedScopes":[]},"contributions":{},"includedScopes":[]},"contributions":{},"includedScopes":[]},"contributions":{},"includedScopes":[]}]},"contributions":{},"includedScopes":[]},"contributions":{},"includedScopes":[]},"contributions":{},"includedScopes":[]},"sourceMap":{"end":{"column":14,"line":64,"offset":1218},"start":{"column":5,"line":64,"offset":1209}},"value":{"id":"6eb9c019-10b3-46f7-bbc7-8f4c092428d7","metadata":[],"scope":{"containerScope":{"containerScope":{"containerScope":{"containerScope":{"containerScope":{"containerScope":{"contributions":{},"includedScopes":[]},"contributions":{},"includedScopes":[]},"contributions":{},"includedScopes":[{"containerScope":{"containerScope":{"containerScope":{"contributions":{},"includedScopes":[]},"contributions":{},"includedScopes":[]},"contributions":{},"includedScopes":[]},"contributions":{},"includedScopes":[]}]},"contributions":{},"includedScopes":[]},"contributions":{},"includedScopes":[]},"contributions":{},"includedScopes":[]},"contributions":{},"includedScopes":[]},"sourceMap":{"end":{"column":14,"line":64,"offset":1218},"start":{"column":12,"line":64,"offset":1216}},"value":80}}],"sourceMap":{"end":{"column":4,"line":65,"offset":1222},"start":{"column":17,"line":63,"offset":1203}}},"compiled":false,"id":"d7f062b2-a648-4772-88fd-b003047121bf","isOverride":false,"metadata":[],"name":"peso","parameters":[],"problems":[],"scope":{"containerScope":{"containerScope":{"containerScope":{"contributions":{},"includedScopes":[]},"contributions":{},"includedScopes":[]},"contributions":{},"includedScopes":[{"containerScope":{"containerScope":{"containerScope":{"contributions":{},"includedScopes":[]},"contributions":{},"includedScopes":[]},"contributions":{},"includedScopes":[]},"contributions":{},"includedScopes":[]}]},"contributions":{},"includedScopes":[]},"sourceMap":{"end":{"column":4,"line":65,"offset":1222},"start":{"column":3,"line":63,"offset":1189}}},{"body":{"id":"924d6ce5-5b3a-49ea-ac17-f0315e272513","metadata":[],"problems":[],"scope":{"containerScope":{"containerScope":{"containerScope":{"containerScope":{"contributions":{},"includedScopes":[]},"contributions":{},"includedScopes":[]},"contributions":{},"includedScopes":[{"containerScope":{"containerScope":{"containerScope":{"contributions":{},"includedScopes":[]},"contributions":{},"includedScopes":[]},"contributions":{},"includedScopes":[]},"contributions":{},"includedScopes":[]}]},"contributions":{},"includedScopes":[]},"contributions":{},"includedScopes":[]},"sentences":[{"id":"0fd0d107-e28f-45bd-839d-e56dc01ab839","metadata":[],"scope":{"containerScope":{"containerScope":{"containerScope":{"containerScope":{"containerScope":{"contributions":{},"includedScopes":[]},"contributions":{},"includedScopes":[]},"contributions":{},"includedScopes":[{"containerScope":{"containerScope":{"containerScope":{"contributions":{},"includedScopes":[]},"contributions":{},"includedScopes":[]},"contributions":{},"includedScopes":[]},"contributions":{},"includedScopes":[]}]},"contributions":{},"includedScopes":[]},"contributions":{},"includedScopes":[]},"contributions":{},"includedScopes":[]},"sourceMap":{"end":{"column":16,"line":67,"offset":1263},"start":{"column":5,"line":67,"offset":1252}},"value":{"id":"96896dd7-5de3-461f-83b2-9c4a17b99e3a","metadata":[],"scope":{"containerScope":{"containerScope":{"containerScope":{"containerScope":{"containerScope":{"containerScope":{"contributions":{},"includedScopes":[]},"contributions":{},"includedScopes":[]},"contributions":{},"includedScopes":[{"containerScope":{"containerScope":{"containerScope":{"contributions":{},"includedScopes":[]},"contributions":{},"includedScopes":[]},"contributions":{},"includedScopes":[]},"contributions":{},"includedScopes":[]}]},"contributions":{},"includedScopes":[]},"contributions":{},"includedScopes":[]},"contributions":{},"includedScopes":[]},"contributions":{},"includedScopes":[]},"sourceMap":{"end":{"column":16,"line":67,"offset":1263},"start":{"column":12,"line":67,"offset":1259}},"value":true}}],"sourceMap":{"end":{"column":4,"line":68,"offset":1267},"start":{"column":24,"line":66,"offset":1246}}},"compiled":false,"id":"027a41e9-50de-41ce-b8d2-54552c3a188f","isOverride":false,"metadata":[],"name":"puedeLlamar","parameters":[],"problems":[],"scope":{"containerScope":{"containerScope":{"containerScope":{"contributions":{},"includedScopes":[]},"contributions":{},"includedScopes":[]},"contributions":{},"includedScopes":[{"containerScope":{"containerScope":{"containerScope":{"contributions":{},"includedScopes":[]},"contributions":{},"includedScopes":[]},"contributions":{},"includedScopes":[]},"contributions":{},"includedScopes":[]}]},"contributions":{},"includedScopes":[]},"sourceMap":{"end":{"column":4,"line":68,"offset":1267},"start":{"column":3,"line":66,"offset":1225}}}],"metadata":[],"name":"chuckNorris","problems":[],"scope":{"containerScope":{"containerScope":{"contributions":{},"includedScopes":[]},"contributions":{},"includedScopes":[]},"contributions":{},"includedScopes":[{"containerScope":{"containerScope":{"containerScope":{"contributions":{},"includedScopes":[]},"contributions":{},"includedScopes":[]},"contributions":{},"includedScopes":[]},"contributions":{},"includedScopes":[]}]},"sourceMap":{"end":{"column":2,"line":69,"offset":1269},"start":{"column":1,"line":62,"offset":1166}},"supertypes":[]}],"metadata":[],"name":"example","problems":[{"code":"malformedEntity","sourceMap":{"end":{"column":2,"line":74,"offset":1308},"start":{"column":1,"line":71,"offset":1271}}}],"scope":{"containerScope":{"contributions":{},"includedScopes":[]},"contributions":{},"includedScopes":[]}},"stack":"Error: Failed to print, found malformed node\n    at c:\\Users\\Admin\\.vscode\\extensions\\uqbar.wollok-lsp-ide-0.5.0\\out\\server\\src\\server.js:68:3585\n    at Dbn (c:\\Users\\Admin\\.vscode\\extensions\\uqbar.wollok-lsp-ide-0.5.0\\out\\server\\src\\server.js:68:3396)\n    at c:\\Users\\Admin\\.vscode\\extensions\\uqbar.wollok-lsp-ide-0.5.0\\out\\server\\src\\server.js:2371:847\n    at c:\\Users\\Admin\\.vscode\\extensions\\uqbar.wollok-lsp-ide-0.5.0\\out\\server\\src\\server.js:2371:8632\n    at c:\\Users\\Admin\\.vscode\\extensions\\uqbar.wollok-lsp-ide-0.5.0\\out\\server\\src\\server.js:37:74770\n    at Ye (c:\\Users\\Admin\\.vscode\\extensions\\uqbar.wollok-lsp-ide-0.5.0\\out\\server\\src\\server.js:7:8527)\n    at Dt (c:\\Users\\Admin\\.vscode\\extensions\\uqbar.wollok-lsp-ide-0.5.0\\out\\server\\src\\server.js:7:6189)\n    at Zi (c:\\Users\\Admin\\.vscode\\extensions\\uqbar.wollok-lsp-ide-0.5.0\\out\\server\\src\\server.js:7:6378)\n    at Immediate._onImmediate (c:\\Users\\Admin\\.vscode\\extensions\\uqbar.wollok-lsp-ide-0.5.0\\out\\server\\src\\server.js:7:6142)\n    at process.processImmediate (node:internal/timers:483:21)","timestamp":"2025-04-28T13:33:48.540Z"}
{"level":"error","message":"✘ Failed to get type description: Error: Failed to print, found malformed node Failed to print, found malformed node","node":{"fileName":"example.wlk","id":"27888a7d-86b0-4734-be2b-288d2dd31087","imports":[],"members":[{"id":"14ac6662-552b-4527-bdbc-d62fbf895a34","members":[{"body":{"id":"b9699d37-a937-46b4-aca6-41f86d8c9e10","metadata":[],"problems":[],"scope":{"containerScope":{"containerScope":{"containerScope":{"containerScope":{"contributions":{},"includedScopes":[]},"contributions":{},"includedScopes":[]},"contributions":{},"includedScopes":[{"containerScope":{"containerScope":{"containerScope":{"contributions":{},"includedScopes":[]},"contributions":{},"includedScopes":[]},"contributions":{},"includedScopes":[]},"contributions":{},"includedScopes":[]}]},"contributions":{},"includedScopes":[]},"contributions":{},"includedScopes":[]},"sentences":[{"id":"2f13d942-8432-4157-a74d-1a2e69f65e73","metadata":[{"args":{"position":"start","text":"// Verifica si el paquete ha sido entregado"},"name":"comment"}],"scope":{"containerScope":{"containerScope":{"containerScope":{"containerScope":{"containerScope":{"contributions":{},"includedScopes":[]},"contributions":{},"includedScopes":[]},"contributions":{},"includedScopes":[{"containerScope":{"containerScope":{"containerScope":{"contributions":{},"includedScopes":[]},"contributions":{},"includedScopes":[]},"contributions":{},"includedScopes":[]},"contributions":{},"includedScopes":[]}]},"contributions":{},"includedScopes":[]},"contributions":{},"includedScopes":[]},"contributions":{},"includedScopes":[]},"sourceMap":{"end":{"column":16,"line":4,"offset":107},"start":{"column":5,"line":4,"offset":96}},"value":{"id":"fd81f8c8-6f6e-48b6-b8f5-c0887390b179","metadata":[],"scope":{"containerScope":{"containerScope":{"containerScope":{"containerScope":{"containerScope":{"containerScope":{"contributions":{},"includedScopes":[]},"contributions":{},"includedScopes":[]},"contributions":{},"includedScopes":[{"containerScope":{"containerScope":{"containerScope":{"contributions":{},"includedScopes":[]},"contributions":{},"includedScopes":[]},"contributions":{},"includedScopes":[]},"contributions":{},"includedScopes":[]}]},"contributions":{},"includedScopes":[]},"contributions":{},"includedScopes":[]},"contributions":{},"includedScopes":[]},"contributions":{},"includedScopes":[]},"sourceMap":{"end":{"column":16,"line":4,"offset":107},"start":{"column":12,"line":4,"offset":103}},"value":true}}],"sourceMap":{"end":{"column":4,"line":5,"offset":112},"start":{"column":26,"line":2,"offset":42}}},"compiled":false,"id":"21510f40-9b7d-47a3-af0b-e70352f8c24d","isOverride":false,"metadata":[],"name":"estaEntregado","parameters":[],"problems":[],"scope":{"containerScope":{"containerScope":{"containerScope":{"contributions":{},"includedScopes":[]},"contributions":{},"includedScopes":[]},"contributions":{},"includedScopes":[{"containerScope":{"containerScope":{"containerScope":{"contributions":{},"includedScopes":[]},"contributions":{},"includedScopes":[]},"contributions":{},"includedScopes":[]},"contributions":{},"includedScopes":[]}]},"contributions":{},"includedScopes":[]},"sourceMap":{"end":{"column":4,"line":5,"offset":112},"start":{"column":3,"line":2,"offset":19}}},{"body":{"id":"2982957b-a4f7-466c-a653-558613c95ef5","metadata":[],"problems":[],"scope":{"containerScope":{"containerScope":{"containerScope":{"containerScope":{"contributions":{},"includedScopes":[]},"contributions":{},"includedScopes":[]},"contributions":{},"includedScopes":[{"containerScope":{"containerScope":{"containerScope":{"contributions":{},"includedScopes":[]},"contributions":{},"includedScopes":[]},"contributions":{},"includedScopes":[]},"contributions":{},"includedScopes":[]}]},"contributions":{},"includedScopes":[]},"contributions":{},"includedScopes":[]},"sentences":[{"id":"50579409-e280-4154-900c-ee670d495058","metadata":[{"args":{"position":"start","text":"// Verifica si el paquete ha sido pagado"},"name":"comment"}],"scope":{"containerScope":{"containerScope":{"containerScope":{"containerScope":{"containerScope":{"contributions":{},"includedScopes":[]},"contributions":{},"includedScopes":[]},"contributions":{},"includedScopes":[{"containerScope":{"containerScope":{"containerScope":{"contributions":{},"includedScopes":[]},"contributions":{},"includedScopes":[]},"contributions":{},"includedScopes":[]},"contributions":{},"includedScopes":[]}]},"contributions":{},"includedScopes":[]},"contributions":{},"includedScopes":[]},"contributions":{},"includedScopes":[]},"sourceMap":{"end":{"column":16,"line":8,"offset":194},"start":{"column":5,"line":8,"offset":183}},"value":{"id":"574606fc-b70c-45c5-acc3-73d95d2b8e3f","metadata":[],"scope":{"containerScope":{"containerScope":{"containerScope":{"containerScope":{"containerScope":{"containerScope":{"contributions":{},"includedScopes":[]},"contributions":{},"includedScopes":[]},"contributions":{},"includedScopes":[{"containerScope":{"containerScope":{"containerScope":{"contributions":{},"includedScopes":[]},"contributions":{},"includedScopes":[]},"contributions":{},"includedScopes":[]},"contributions":{},"includedScopes":[]}]},"contributions":{},"includedScopes":[]},"contributions":{},"includedScopes":[]},"contributions":{},"includedScopes":[]},"contributions":{},"includedScopes":[]},"sourceMap":{"end":{"column":16,"line":8,"offset":194},"start":{"column":12,"line":8,"offset":190}},"value":true}}],"sourceMap":{"end":{"column":4,"line":9,"offset":199},"start":{"column":20,"line":6,"offset":132}}},"compiled":false,"id":"ae93fec0-9344-4d6f-b16c-fa8cf4360135","isOverride":false,"metadata":[],"name":"estaPago","parameters":[],"problems":[],"scope":{"containerScope":{"containerScope":{"containerScope":{"contributions":{},"includedScopes":[]},"contributions":{},"includedScopes":[]},"contributions":{},"includedScopes":[{"containerScope":{"containerScope":{"containerScope":{"contributions":{},"includedScopes":[]},"contributions":{},"includedScopes":[]},"contributions":{},"includedScopes":[]},"contributions":{},"includedScopes":[]}]},"contributions":{},"includedScopes":[]},"sourceMap":{"end":{"column":4,"line":9,"offset":199},"start":{"column":3,"line":6,"offset":115}}},{"body":{"id":"f2984fd7-7c14-4bae-9c4d-2fd8323f52ab","metadata":[],"problems":[],"scope":{"containerScope":{"containerScope":{"containerScope":{"containerScope":{"contributions":{},"includedScopes":[]},"contributions":{},"includedScopes":[]},"contributions":{},"includedScopes":[{"containerScope":{"containerScope":{"containerScope":{"contributions":{},"includedScopes":[]},"contributions":{},"includedScopes":[]},"contributions":{},"includedScopes":[]},"contributions":{},"includedScopes":[]}]},"contributions":{},"includedScopes":[]},"contributions":{},"includedScopes":[]},"sentences":[{"id":"dc5559f7-9acc-4430-bdbf-da21fa0d9bd7","metadata":[],"scope":{"containerScope":{"containerScope":{"containerScope":{"containerScope":{"containerScope":{"contributions":{},"includedScopes":[]},"contributions":{},"includedScopes":[]},"contributions":{},"includedScopes":[{"containerScope":{"containerScope":{"containerScope":{"contributions":{},"includedScopes":[]},"contributions":{},"includedScopes":[]},"contributions":{},"includedScopes":[]},"contributions":{},"includedScopes":[]}]},"contributions":{},"includedScopes":[]},"contributions":{},"includedScopes":[]},"contributions":{},"includedScopes":[]},"sourceMap":{"end":{"column":23,"line":11,"offset":256},"start":{"column":5,"line":11,"offset":238}},"value":{"id":"2d2a7cb7-a9d0-499c-a3f0-d5263d37c205","metadata":[],"name":"unMensajero","scope":{"containerScope":{"containerScope":{"containerScope":{"containerScope":{"containerScope":{"containerScope":{"contributions":{},"includedScopes":[]},"contributions":{},"includedScopes":[]},"contributions":{},"includedScopes":[{"containerScope":{"containerScope":{"containerScope":{"contributions":{},"includedScopes":[]},"contributions":{},"includedScopes":[]},"contributions":{},"includedScopes":[]},"contributions":{},"includedScopes":[]}]},"contributions":{},"includedScopes":[]},"contributions":{},"includedScopes":[]},"contributions":{},"includedScopes":[]},"contributions":{},"includedScopes":[]},"sourceMap":{"end":{"column":23,"line":11,"offset":256},"start":{"column":12,"line":11,"offset":245}}}}],"sourceMap":{"end":{"column":4,"line":12,"offset":260},"start":{"column":33,"line":10,"offset":232}}},"compiled":false,"id":"da04d2fd-0fd6-46c2-a0f9-a3c61a4c500a","isOverride":false,"metadata":[],"name":"mensajero","parameters":[{"id":"68188871-55ba-4d11-acb2-95ff83a9b84c","isVarArg":false,"metadata":[],"name":"unMensajero","scope":{"containerScope":{"containerScope":{"containerScope":{"containerScope":{"contributions":{},"includedScopes":[]},"contributions":{},"includedScopes":[]},"contributions":{},"includedScopes":[{"containerScope":{"containerScope":{"containerScope":{"contributions":{},"includedScopes":[]},"contributions":{},"includedScopes":[]},"contributions":{},"includedScopes":[]},"contributions":{},"includedScopes":[]}]},"contributions":{},"includedScopes":[]},"contributions":{},"includedScopes":[]},"sourceMap":{"end":{"column":31,"line":10,"offset":230},"start":{"column":20,"line":10,"offset":219}}}],"problems":[],"scope":{"containerScope":{"containerScope":{"containerScope":{"contributions":{},"includedScopes":[]},"contributions":{},"includedScopes":[]},"contributions":{},"includedScopes":[{"containerScope":{"containerScope":{"containerScope":{"contributions":{},"includedScopes":[]},"contributions":{},"includedScopes":[]},"contributions":{},"includedScopes":[]},"contributions":{},"includedScopes":[]}]},"contributions":{},"includedScopes":[]},"sourceMap":{"end":{"column":4,"line":12,"offset":260},"start":{"column":3,"line":10,"offset":202}}},{"body":{"id":"d19e3fb4-eab0-455f-a089-93924b22e43e","metadata":[],"problems":[],"scope":{"containerScope":{"containerScope":{"containerScope":{"containerScope":{"contributions":{},"includedScopes":[]},"contributions":{},"includedScopes":[]},"contributions":{},"includedScopes":[{"containerScope":{"containerScope":{"containerScope":{"contributions":{},"includedScopes":[]},"contributions":{},"includedScopes":[]},"contributions":{},"includedScopes":[]},"contributions":{},"includedScopes":[]}]},"contributions":{},"includedScopes":[]},"contributions":{},"includedScopes":[]},"sentences":[{"id":"acb31cfb-88b9-4500-a42c-85d531640592","metadata":[],"scope":{"containerScope":{"containerScope":{"containerScope":{"containerScope":{"containerScope":{"contributions":{},"includedScopes":[]},"contributions":{},"includedScopes":[]},"contributions":{},"includedScopes":[{"containerScope":{"containerScope":{"containerScope":{"contributions":{},"includedScopes":[]},"contributions":{},"includedScopes":[]},"contributions":{},"includedScopes":[]},"contributions":{},"includedScopes":[]}]},"contributions":{},"includedScopes":[]},"contributions":{},"includedScopes":[]},"contributions":{},"includedScopes":[]},"sourceMap":{"end":{"column":39,"line":14,"offset":349},"start":{"column":5,"line":14,"offset":315}},"value":{"args":[],"id":"cf7aa7c2-dc52-4a67-9a1e-91bd770bbb49","message":"metodoDeEnvio","metadata":[],"receiver":{"id":"016a9014-f06b-48dc-b99c-6a74b6729fd8","metadata":[],"name":"unMensajero","scope":{"containerScope":{"containerScope":{"containerScope":{"containerScope":{"containerScope":{"containerScope":{"containerScope":{"contributions":{},"includedScopes":[]},"contributions":{},"includedScopes":[]},"contributions":{},"includedScopes":[{"containerScope":{"containerScope":{"containerScope":{"contributions":{},"includedScopes":[]},"contributions":{},"includedScopes":[]},"contributions":{},"includedScopes":[]},"contributions":{},"includedScopes":[]}]},"contributions":{},"includedScopes":[]},"contributions":{},"includedScopes":[]},"contributions":{},"includedScopes":[]},"contributions":{},"includedScopes":[]},"contributions":{},"includedScopes":[]},"sourceMap":{"end":{"column":23,"line":14,"offset":333},"start":{"column":12,"line":14,"offset":322}}},"scope":{"containerScope":{"containerScope":{"containerScope":{"containerScope":{"containerScope":{"containerScope":{"contributions":{},"includedScopes":[]},"contributions":{},"includedScopes":[]},"contributions":{},"includedScopes":[{"containerScope":{"containerScope":{"containerScope":{"contributions":{},"includedScopes":[]},"contributions":{},"includedScopes":[]},"contributions":{},"includedScopes":[]},"contributions":{},"includedScopes":[]}]},"contributions":{},"includedScopes":[]},"contributions":{},"includedScopes":[]},"contributions":{},"includedScopes":[]},"contributions":{},"includedScopes":[]},"sourceMap":{"end":{"column":39,"line":14,"offset":349},"start":{"column":12,"line":14,"offset":322}}}}],"sourceMap":{"end":{"column":4,"line":15,"offset":353},"start":{"column":49,"line":13,"offset":309}}},"compiled":false,"id":"614a2e17-cfd8-4e08-8054-f59fa656b5da","isOverride":false,"metadata":[],"name":"metodoDeEnvioDelMensajero","parameters":[{"id":"52595a80-13ce-4515-870a-4166df368a5e","isVarArg":false,"metadata":[],"name":"unMensajero","scope":{"containerScope":{"containerScope":{"containerScope":{"containerScope":{"contributions":{},"includedScopes":[]},"contributions":{},"includedScopes":[]},"contributions":{},"includedScopes":[{"containerScope":{"containerScope":{"containerScope":{"contributions":{},"includedScopes":[]},"contributions":{},"includedScopes":[]},"contributions":{},"includedScopes":[]},"contributions":{},"includedScopes":[]}]},"contributions":{},"includedScopes":[]},"contributions":{},"includedScopes":[]},"sourceMap":{"end":{"column":47,"line":13,"offset":307},"start":{"column":36,"line":13,"offset":296}}}],"problems":[],"scope":{"containerScope":{"containerScope":{"containerScope":{"contributions":{},"includedScopes":[]},"contributions":{},"includedScopes":[]},"contributions":{},"includedScopes":[{"containerScope":{"containerScope":{"containerScope":{"contributions":{},"includedScopes":[]},"contributions":{},"includedScopes":[]},"contributions":{},"includedScopes":[]},"contributions":{},"includedScopes":[]}]},"contributions":{},"includedScopes":[]},"sourceMap":{"end":{"column":4,"line":15,"offset":353},"start":{"column":3,"line":13,"offset":263}}},{"body":{"id":"d7f647ef-c9f3-44df-8710-3a590e083c5f","metadata":[],"problems":[],"scope":{"containerScope":{"containerScope":{"containerScope":{"containerScope":{"contributions":{},"includedScopes":[]},"contributions":{},"includedScopes":[]},"contributions":{},"includedScopes":[{"containerScope":{"containerScope":{"containerScope":{"contributions":{},"includedScopes":[]},"contributions":{},"includedScopes":[]},"contributions":{},"includedScopes":[]},"contributions":{},"includedScopes":[]}]},"contributions":{},"includedScopes":[]},"contributions":{},"includedScopes":[]},"sentences":[{"id":"444634d0-a9ce-471f-9c07-37b0e971be62","metadata":[],"scope":{"containerScope":{"containerScope":{"containerScope":{"containerScope":{"containerScope":{"contributions":{},"includedScopes":[]},"contributions":{},"includedScopes":[]},"contributions":{},"includedScopes":[{"containerScope":{"containerScope":{"containerScope":{"contributions":{},"includedScopes":[]},"contributions":{},"includedScopes":[]},"contributions":{},"includedScopes":[]},"contributions":{},"includedScopes":[]}]},"contributions":{},"includedScopes":[]},"contributions":{},"includedScopes":[]},"contributions":{},"includedScopes":[]},"sourceMap":{"end":{"column":21,"line":17,"offset":404},"start":{"column":5,"line":17,"offset":388}},"value":{"id":"5e26f164-fa9f-49fe-a23d-5ed8219f5d1a","metadata":[],"name":"unDestino","scope":{"containerScope":{"containerScope":{"containerScope":{"containerScope":{"containerScope":{"containerScope":{"contributions":{},"includedScopes":[]},"contributions":{},"includedScopes":[]},"contributions":{},"includedScopes":[{"containerScope":{"containerScope":{"containerScope":{"contributions":{},"includedScopes":[]},"contributions":{},"includedScopes":[]},"contributions":{},"includedScopes":[]},"contributions":{},"includedScopes":[]}]},"contributions":{},"includedScopes":[]},"contributions":{},"includedScopes":[]},"contributions":{},"includedScopes":[]},"contributions":{},"includedScopes":[]},"sourceMap":{"end":{"column":21,"line":17,"offset":404},"start":{"column":12,"line":17,"offset":395}}}}],"sourceMap":{"end":{"column":4,"line":18,"offset":408},"start":{"column":29,"line":16,"offset":382}}},"compiled":false,"id":"5f609ea2-26a3-4eb1-8590-deac06816c7e","isOverride":false,"metadata":[],"name":"destino","parameters":[{"id":"a10cbe18-922d-4214-9d13-a1c0d5b23b39","isVarArg":false,"metadata":[],"name":"unDestino","scope":{"containerScope":{"containerScope":{"containerScope":{"containerScope":{"contributions":{},"includedScopes":[]},"contributions":{},"includedScopes":[]},"contributions":{},"includedScopes":[{"containerScope":{"containerScope":{"containerScope":{"contributions":{},"includedScopes":[]},"contributions":{},"includedScopes":[]},"contributions":{},"includedScopes":[]},"contributions":{},"includedScopes":[]}]},"contributions":{},"includedScopes":[]},"contributions":{},"includedScopes":[]},"sourceMap":{"end":{"column":27,"line":16,"offset":380},"start":{"column":18,"line":16,"offset":371}}}],"problems":[],"scope":{"containerScope":{"containerScope":{"containerScope":{"contributions":{},"includedScopes":[]},"contributions":{},"includedScopes":[]},"contributions":{},"includedScopes":[{"containerScope":{"containerScope":{"containerScope":{"contributions":{},"includedScopes":[]},"contributions":{},"includedScopes":[]},"contributions":{},"includedScopes":[]},"contributions":{},"includedScopes":[]}]},"contributions":{},"includedScopes":[]},"sourceMap":{"end":{"column":4,"line":18,"offset":408},"start":{"column":3,"line":16,"offset":356}}}],"metadata":[],"name":"paquete","problems":[],"scope":{"containerScope":{"containerScope":{"contributions":{},"includedScopes":[]},"contributions":{},"includedScopes":[]},"contributions":{},"includedScopes":[{"containerScope":{"containerScope":{"containerScope":{"contributions":{},"includedScopes":[]},"contributions":{},"includedScopes":[]},"contributions":{},"includedScopes":[]},"contributions":{},"includedScopes":[]}]},"sourceMap":{"end":{"column":2,"line":19,"offset":410},"start":{"column":1,"line":1,"offset":0}},"supertypes":[]},{"id":"83d85df1-181d-45c7-858c-f0b7054d3487","members":[{"body":{"id":"f38f134d-f288-4db9-b39d-b91b219999d8","metadata":[],"problems":[],"scope":{"containerScope":{"containerScope":{"containerScope":{"containerScope":{"contributions":{},"includedScopes":[]},"contributions":{},"includedScopes":[]},"contributions":{},"includedScopes":[{"containerScope":{"containerScope":{"containerScope":{"contributions":{},"includedScopes":[]},"contributions":{},"includedScopes":[]},"contributions":{},"includedScopes":[]},"contributions":{},"includedScopes":[]}]},"contributions":{},"includedScopes":[]},"contributions":{},"includedScopes":[]},"sentences":[{"id":"df270826-4681-410f-a61e-61fbeaa64436","metadata":[],"scope":{"containerScope":{"containerScope":{"containerScope":{"containerScope":{"containerScope":{"contributions":{},"includedScopes":[]},"contributions":{},"includedScopes":[]},"contributions":{},"includedScopes":[{"containerScope":{"containerScope":{"containerScope":{"contributions":{},"includedScopes":[]},"contributions":{},"includedScopes":[]},"contributions":{},"includedScopes":[]},"contributions":{},"includedScopes":[]}]},"contributions":{},"includedScopes":[]},"contributions":{},"includedScopes":[]},"contributions":{},"includedScopes":[]},"sourceMap":{"end":{"column":38,"line":23,"offset":510},"start":{"column":5,"line":23,"offset":477}},"value":{"args":[{"id":"6c951f37-6cc3-4536-b919-3e690b84f5cc","metadata":[],"scope":{"containerScope":{"containerScope":{"containerScope":{"containerScope":{"containerScope":{"containerScope":{"containerScope":{"contributions":{},"includedScopes":[]},"contributions":{},"includedScopes":[]},"contributions":{},"includedScopes":[{"containerScope":{"containerScope":{"containerScope":{"contributions":{},"includedScopes":[]},"contributions":{},"includedScopes":[]},"contributions":{},"includedScopes":[]},"contributions":{},"includedScopes":[]}]},"contributions":{},"includedScopes":[]},"contributions":{},"includedScopes":[]},"contributions":{},"includedScopes":[]},"contributions":{},"includedScopes":[]},"contributions":{},"includedScopes":[]},"sourceMap":{"end":{"column":38,"line":23,"offset":510},"start":{"column":33,"line":23,"offset":505}},"value":10000}],"id":"72be25e4-3753-4a3d-8918-65d7113c505e","message":">","metadata":[],"receiver":{"args":[],"id":"3cde3f99-e638-4ebf-8f01-c804d2d38a58","message":"peso","metadata":[],"receiver":{"id":"dbe0ef6a-b3a7-4067-b277-c52fe153bb8b","metadata":[],"name":"unMensajero","scope":{"containerScope":{"containerScope":{"containerScope":{"containerScope":{"containerScope":{"containerScope":{"containerScope":{"containerScope":{"contributions":{},"includedScopes":[]},"contributions":{},"includedScopes":[]},"contributions":{},"includedScopes":[{"containerScope":{"containerScope":{"containerScope":{"contributions":{},"includedScopes":[]},"contributions":{},"includedScopes":[]},"contributions":{},"includedScopes":[]},"contributions":{},"includedScopes":[]}]},"contributions":{},"includedScopes":[]},"contributions":{},"includedScopes":[]},"contributions":{},"includedScopes":[]},"contributions":{},"includedScopes":[]},"contributions":{},"includedScopes":[]},"contributions":{},"includedScopes":[]},"sourceMap":{"end":{"column":23,"line":23,"offset":495},"start":{"column":12,"line":23,"offset":484}}},"scope":{"containerScope":{"containerScope":{"containerScope":{"containerScope":{"containerScope":{"containerScope":{"containerScope":{"contributions":{},"includedScopes":[]},"contributions":{},"includedScopes":[]},"contributions":{},"includedScopes":[{"containerScope":{"containerScope":{"containerScope":{"contributions":{},"includedScopes":[]},"contributions":{},"includedScopes":[]},"contributions":{},"includedScopes":[]},"contributions":{},"includedScopes":[]}]},"contributions":{},"includedScopes":[]},"contributions":{},"includedScopes":[]},"contributions":{},"includedScopes":[]},"contributions":{},"includedScopes":[]},"contributions":{},"includedScopes":[]},"sourceMap":{"end":{"column":30,"line":23,"offset":502},"start":{"column":12,"line":23,"offset":484}}},"scope":{"containerScope":{"containerScope":{"containerScope":{"containerScope":{"containerScope":{"containerScope":{"contributions":{},"includedScopes":[]},"contributions":{},"includedScopes":[]},"contributions":{},"includedScopes":[{"containerScope":{"containerScope":{"containerScope":{"contributions":{},"includedScopes":[]},"contributions":{},"includedScopes":[]},"contributions":{},"includedScopes":[]},"contributions":{},"includedScopes":[]}]},"contributions":{},"includedScopes":[]},"contributions":{},"includedScopes":[]},"contributions":{},"includedScopes":[]},"contributions":{},"includedScopes":[]},"sourceMap":{"end":{"column":38,"line":23,"offset":510},"start":{"column":12,"line":23,"offset":484}}}}],"sourceMap":{"end":{"column":4,"line":24,"offset":514},"start":{"column":34,"line":22,"offset":471}}},"compiled":false,"id":"54fb7250-e36f-422b-9144-c1c6fc01beb1","isOverride":false,"metadata":[],"name":"puedePasar","parameters":[{"id":"4af9e33f-3bd4-4129-b78f-a493654290ec","isVarArg":false,"metadata":[],"name":"unMensajero","scope":{"containerScope":{"containerScope":{"containerScope":{"containerScope":{"contributions":{},"includedScopes":[]},"contributions":{},"includedScopes":[]},"contributions":{},"includedScopes":[{"containerScope":{"containerScope":{"containerScope":{"contributions":{},"includedScopes":[]},"contributions":{},"includedScopes":[]},"contributions":{},"includedScopes":[]},"contributions":{},"includedScopes":[]}]},"contributions":{},"includedScopes":[]},"contributions":{},"includedScopes":[]},"sourceMap":{"end":{"column":32,"line":22,"offset":469},"start":{"column":21,"line":22,"offset":458}}}],"problems":[],"scope":{"containerScope":{"containerScope":{"containerScope":{"contributions":{},"includedScopes":[]},"contributions":{},"includedScopes":[]},"contributions":{},"includedScopes":[{"containerScope":{"containerScope":{"containerScope":{"contributions":{},"includedScopes":[]},"contributions":{},"includedScopes":[]},"contributions":{},"includedScopes":[]},"contributions":{},"includedScopes":[]}]},"contributions":{},"includedScopes":[]},"sourceMap":{"end":{"column":4,"line":24,"offset":514},"start":{"column":3,"line":22,"offset":440}}}],"metadata":[],"name":"puenteDeBrooklyn","problems":[],"scope":{"containerScope":{"containerScope":{"contributions":{},"includedScopes":[]},"contributions":{},"includedScopes":[]},"contributions":{},"includedScopes":[{"containerScope":{"containerScope":{"containerScope":{"contributions":{},"includedScopes":[]},"contributions":{},"includedScopes":[]},"contributions":{},"includedScopes":[]},"contributions":{},"includedScopes":[]}]},"sourceMap":{"end":{"column":2,"line":25,"offset":516},"start":{"column":1,"line":21,"offset":412}},"supertypes":[]},{"id":"26aa5351-9d99-4367-b5c8-0e8cae5ff4e7","members":[{"body":{"id":"464e2ef3-7591-4782-8cf9-d0727a3428ee","metadata":[],"problems":[],"scope":{"containerScope":{"containerScope":{"containerScope":{"containerScope":{"contributions":{},"includedScopes":[]},"contributions":{},"includedScopes":[]},"contributions":{},"includedScopes":[{"containerScope":{"containerScope":{"containerScope":{"contributions":{},"includedScopes":[]},"contributions":{},"includedScopes":[]},"contributions":{},"includedScopes":[]},"contributions":{},"includedScopes":[]}]},"contributions":{},"includedScopes":[]},"contributions":{},"includedScopes":[]},"sentences":[{"id":"7334b189-a3f8-4de7-8c46-7bab6dec8710","metadata":[],"scope":{"containerScope":{"containerScope":{"containerScope":{"containerScope":{"containerScope":{"contributions":{},"includedScopes":[]},"contributions":{},"includedScopes":[]},"contributions":{},"includedScopes":[{"containerScope":{"containerScope":{"containerScope":{"contributions":{},"includedScopes":[]},"contributions":{},"includedScopes":[]},"contributions":{},"includedScopes":[]},"contributions":{},"includedScopes":[]}]},"contributions":{},"includedScopes":[]},"contributions":{},"includedScopes":[]},"contributions":{},"includedScopes":[]},"sourceMap":{"end":{"column":37,"line":29,"offset":607},"start":{"column":5,"line":29,"offset":575}},"value":{"args":[],"id":"c28b268e-f2cd-4517-836b-38c829b8420f","message":"puedeLlamar","metadata":[],"receiver":{"id":"a4f1b915-1d0f-4c13-9955-c79f690f9488","metadata":[],"name":"unMensajero","scope":{"containerScope":{"containerScope":{"containerScope":{"containerScope":{"containerScope":{"containerScope":{"containerScope":{"contributions":{},"includedScopes":[]},"contributions":{},"includedScopes":[]},"contributions":{},"includedScopes":[{"containerScope":{"containerScope":{"containerScope":{"contributions":{},"includedScopes":[]},"contributions":{},"includedScopes":[]},"contributions":{},"includedScopes":[]},"contributions":{},"includedScopes":[]}]},"contributions":{},"includedScopes":[]},"contributions":{},"includedScopes":[]},"contributions":{},"includedScopes":[]},"contributions":{},"includedScopes":[]},"contributions":{},"includedScopes":[]},"sourceMap":{"end":{"column":23,"line":29,"offset":593},"start":{"column":12,"line":29,"offset":582}}},"scope":{"containerScope":{"containerScope":{"containerScope":{"containerScope":{"containerScope":{"containerScope":{"contributions":{},"includedScopes":[]},"contributions":{},"includedScopes":[]},"contributions":{},"includedScopes":[{"containerScope":{"containerScope":{"containerScope":{"contributions":{},"includedScopes":[]},"contributions":{},"includedScopes":[]},"contributions":{},"includedScopes":[]},"contributions":{},"includedScopes":[]}]},"contributions":{},"includedScopes":[]},"contributions":{},"includedScopes":[]},"contributions":{},"includedScopes":[]},"contributions":{},"includedScopes":[]},"sourceMap":{"end":{"column":37,"line":29,"offset":607},"start":{"column":12,"line":29,"offset":582}}}}],"sourceMap":{"end":{"column":4,"line":30,"offset":611},"start":{"column":34,"line":28,"offset":569}}},"compiled":false,"id":"8fac77c9-b649-47c0-864c-a471532000df","isOverride":false,"metadata":[],"name":"puedePasar","parameters":[{"id":"1c4f2d8b-d86b-4301-854b-bb10bc0f6a7a","isVarArg":false,"metadata":[],"name":"unMensajero","scope":{"containerScope":{"containerScope":{"containerScope":{"containerScope":{"contributions":{},"includedScopes":[]},"contributions":{},"includedScopes":[]},"contributions":{},"includedScopes":[{"containerScope":{"containerScope":{"containerScope":{"contributions":{},"includedScopes":[]},"contributions":{},"includedScopes":[]},"contributions":{},"includedScopes":[]},"contributions":{},"includedScopes":[]}]},"contributions":{},"includedScopes":[]},"contributions":{},"includedScopes":[]},"sourceMap":{"end":{"column":32,"line":28,"offset":567},"start":{"column":21,"line":28,"offset":556}}}],"problems":[],"scope":{"containerScope":{"containerScope":{"containerScope":{"contributions":{},"includedScopes":[]},"contributions":{},"includedScopes":[]},"contributions":{},"includedScopes":[{"containerScope":{"containerScope":{"containerScope":{"contributions":{},"includedScopes":[]},"contributions":{},"includedScopes":[]},"contributions":{},"includedScopes":[]},"contributions":{},"includedScopes":[]}]},"contributions":{},"includedScopes":[]},"sourceMap":{"end":{"column":4,"line":30,"offset":611},"start":{"column":3,"line":28,"offset":538}}}],"metadata":[],"name":"laMatrix","problems":[],"scope":{"containerScope":{"containerScope":{"contributions":{},"includedScopes":[]},"contributions":{},"includedScopes":[]},"contributions":{},"includedScopes":[{"containerScope":{"containerScope":{"containerScope":{"contributions":{},"includedScopes":[]},"contributions":{},"includedScopes":[]},"contributions":{},"includedScopes":[]},"contributions":{},"includedScopes":[]}]},"sourceMap":{"end":{"column":2,"line":31,"offset":613},"start":{"column":1,"line":27,"offset":518}},"supertypes":[]},{"id":"7ebec1bc-878c-4cfb-9d44-a979b7b45065","members":[{"id":"c3da856d-7410-4097-a303-cc71c1ecae0d","isConstant":false,"isProperty":false,"metadata":[],"name":"peso","scope":{"containerScope":{"containerScope":{"containerScope":{"contributions":{},"includedScopes":[]},"contributions":{},"includedScopes":[]},"contributions":{},"includedScopes":[{"containerScope":{"containerScope":{"containerScope":{"contributions":{},"includedScopes":[]},"contributions":{},"includedScopes":[]},"contributions":{},"includedScopes":[]},"contributions":{},"includedScopes":[]}]},"contributions":{},"includedScopes":[]},"sourceMap":{"end":{"column":16,"line":34,"offset":647},"start":{"column":3,"line":34,"offset":634}},"value":{"id":"acb5c283-59fa-4413-963f-e7d3d9ed04e3","metadata":[],"scope":{"containerScope":{"containerScope":{"containerScope":{"containerScope":{"contributions":{},"includedScopes":[]},"contributions":{},"includedScopes":[]},"contributions":{},"includedScopes":[{"containerScope":{"containerScope":{"containerScope":{"contributions":{},"includedScopes":[]},"contributions":{},"includedScopes":[]},"contributions":{},"includedScopes":[]},"contributions":{},"includedScopes":[]}]},"contributions":{},"includedScopes":[]},"contributions":{},"includedScopes":[]},"sourceMap":{"end":{"column":16,"line":34,"offset":647},"start":{"column":14,"line":34,"offset":645}},"value":90}},{"body":{"id":"89033387-a0ca-4aae-9a60-edf3f031991e","metadata":[],"problems":[],"scope":{"containerScope":{"containerScope":{"containerScope":{"containerScope":{"contributions":{},"includedScopes":[]},"contributions":{},"includedScopes":[]},"contributions":{},"includedScopes":[{"containerScope":{"containerScope":{"containerScope":{"contributions":{},"includedScopes":[]},"contributions":{},"includedScopes":[]},"contributions":{},"includedScopes":[]},"contributions":{},"includedScopes":[]}]},"contributions":{},"includedScopes":[]},"contributions":{},"includedScopes":[]},"sentences":[{"id":"7ef6b1ac-ffd8-4742-a4a0-b6e4564439fc","metadata":[],"scope":{"containerScope":{"containerScope":{"containerScope":{"containerScope":{"containerScope":{"contributions":{},"includedScopes":[]},"contributions":{},"includedScopes":[]},"contributions":{},"includedScopes":[{"containerScope":{"containerScope":{"containerScope":{"contributions":{},"includedScopes":[]},"contributions":{},"includedScopes":[]},"contributions":{},"includedScopes":[]},"contributions":{},"includedScopes":[]}]},"contributions":{},"includedScopes":[]},"contributions":{},"includedScopes":[]},"contributions":{},"includedScopes":[]},"sourceMap":{"end":{"column":16,"line":36,"offset":681},"start":{"column":5,"line":36,"offset":670}},"value":{"id":"e5599a48-24d9-4c28-9aa8-06dc708b20a9","metadata":[],"name":"peso","scope":{"containerScope":{"containerScope":{"containerScope":{"containerScope":{"containerScope":{"containerScope":{"contributions":{},"includedScopes":[]},"contributions":{},"includedScopes":[]},"contributions":{},"includedScopes":[{"containerScope":{"containerScope":{"containerScope":{"contributions":{},"includedScopes":[]},"contributions":{},"includedScopes":[]},"contributions":{},"includedScopes":[]},"contributions":{},"includedScopes":[]}]},"contributions":{},"includedScopes":[]},"contributions":{},"includedScopes":[]},"contributions":{},"includedScopes":[]},"contributions":{},"includedScopes":[]},"sourceMap":{"end":{"column":16,"line":36,"offset":681},"start":{"column":12,"line":36,"offset":677}}}}],"sourceMap":{"end":{"column":4,"line":37,"offset":685},"start":{"column":17,"line":35,"offset":664}}},"compiled":false,"id":"7435e21c-f302-4fb0-a462-37403b47d91a","isOverride":false,"metadata":[],"name":"peso","parameters":[],"problems":[],"scope":{"containerScope":{"containerScope":{"containerScope":{"contributions":{},"includedScopes":[]},"contributions":{},"includedScopes":[]},"contributions":{},"includedScopes":[{"containerScope":{"containerScope":{"containerScope":{"contributions":{},"includedScopes":[]},"contributions":{},"includedScopes":[]},"contributions":{},"includedScopes":[]},"contributions":{},"includedScopes":[]}]},"contributions":{},"includedScopes":[]},"sourceMap":{"end":{"column":4,"line":37,"offset":685},"start":{"column":3,"line":35,"offset":650}}},{"id":"c9669dbd-839b-4d65-872c-5e253ba993f6","isConstant":false,"isProperty":false,"metadata":[],"name":"metodoDesignado","scope":{"containerScope":{"containerScope":{"containerScope":{"contributions":{},"includedScopes":[]},"contributions":{},"includedScopes":[]},"contributions":{},"includedScopes":[{"containerScope":{"containerScope":{"containerScope":{"contributions":{},"includedScopes":[]},"contributions":{},"includedScopes":[]},"contributions":{},"includedScopes":[]},"contributions":{},"includedScopes":[]}]},"contributions":{},"includedScopes":[]},"sourceMap":{"end":{"column":36,"line":38,"offset":721},"start":{"column":3,"line":38,"offset":688}},"value":{"id":"5733a105-b64a-442c-baaa-33e8a1e411ab","metadata":[],"scope":{"containerScope":{"containerScope":{"containerScope":{"containerScope":{"contributions":{},"includedScopes":[]},"contributions":{},"includedScopes":[]},"contributions":{},"includedScopes":[{"containerScope":{"containerScope":{"containerScope":{"contributions":{},"includedScopes":[]},"contributions":{},"includedScopes":[]},"contributions":{},"includedScopes":[]},"contributions":{},"includedScopes":[]}]},"contributions":{},"includedScopes":[]},"contributions":{},"includedScopes":[]},"sourceMap":{"end":{"column":36,"line":38,"offset":721},"start":{"column":25,"line":38,"offset":710}},"value":"bicicleta"}},{"body":{"id":"53a78a19-17a9-4ea2-b38b-7652b5546d19","metadata":[],"problems":[],"scope":{"containerScope":{"containerScope":{"containerScope":{"containerScope":{"contributions":{},"includedScopes":[]},"contributions":{},"includedScopes":[]},"contributions":{},"includedScopes":[{"containerScope":{"containerScope":{"containerScope":{"contributions":{},"includedScopes":[]},"contributions":{},"includedScopes":[]},"contributions":{},"includedScopes":[]},"contributions":{},"includedScopes":[]}]},"contributions":{},"includedScopes":[]},"contributions":{},"includedScopes":[]},"sentences":[{"id":"79eefcae-40da-4720-8fe3-514c237281ee","metadata":[],"scope":{"containerScope":{"containerScope":{"containerScope":{"containerScope":{"containerScope":{"contributions":{},"includedScopes":[]},"contributions":{},"includedScopes":[]},"contributions":{},"includedScopes":[{"containerScope":{"containerScope":{"containerScope":{"contributions":{},"includedScopes":[]},"contributions":{},"includedScopes":[]},"contributions":{},"includedScopes":[]},"contributions":{},"includedScopes":[]}]},"contributions":{},"includedScopes":[]},"contributions":{},"includedScopes":[]},"contributions":{},"includedScopes":[]},"sourceMap":{"end":{"column":27,"line":40,"offset":775},"start":{"column":5,"line":40,"offset":753}},"value":{"id":"54f22c05-e1d4-4e73-bbf0-2e1126593d28","metadata":[],"name":"metodoDesignado","scope":{"containerScope":{"containerScope":{"containerScope":{"containerScope":{"containerScope":{"containerScope":{"contributions":{},"includedScopes":[]},"contributions":{},"includedScopes":[]},"contributions":{},"includedScopes":[{"containerScope":{"containerScope":{"containerScope":{"contributions":{},"includedScopes":[]},"contributions":{},"includedScopes":[]},"contributions":{},"includedScopes":[]},"contributions":{},"includedScopes":[]}]},"contributions":{},"includedScopes":[]},"contributions":{},"includedScopes":[]},"contributions":{},"includedScopes":[]},"contributions":{},"includedScopes":[]},"sourceMap":{"end":{"column":27,"line":40,"offset":775},"start":{"column":12,"line":40,"offset":760}}}}],"sourceMap":{"end":{"column":4,"line":41,"offset":779},"start":{"column":26,"line":39,"offset":747}}},"compiled":false,"id":"ed309a26-0f34-4ff3-a5cc-ee1c1de582d1","isOverride":false,"metadata":[],"name":"metodoDeEnvio","parameters":[],"problems":[],"scope":{"containerScope":{"containerScope":{"containerScope":{"contributions":{},"includedScopes":[]},"contributions":{},"includedScopes":[]},"contributions":{},"includedScopes":[{"containerScope":{"containerScope":{"containerScope":{"contributions":{},"includedScopes":[]},"contributions":{},"includedScopes":[]},"contributions":{},"includedScopes":[]},"contributions":{},"includedScopes":[]}]},"contributions":{},"includedScopes":[]},"sourceMap":{"end":{"column":4,"line":41,"offset":779},"start":{"column":3,"line":39,"offset":724}}},{"body":{"id":"8e47698f-2e80-43d2-89ef-808893a0d481","metadata":[],"problems":[],"scope":{"containerScope":{"containerScope":{"containerScope":{"containerScope":{"contributions":{},"includedScopes":[]},"contributions":{},"includedScopes":[]},"contributions":{},"includedScopes":[{"containerScope":{"containerScope":{"containerScope":{"contributions":{},"includedScopes":[]},"contributions":{},"includedScopes":[]},"contributions":{},"includedScopes":[]},"contributions":{},"includedScopes":[]}]},"contributions":{},"includedScopes":[]},"contributions":{},"includedScopes":[]},"sentences":[{"id":"27f51b76-f95b-420e-919d-f7e3412d53cb","metadata":[],"scope":{"containerScope":{"containerScope":{"containerScope":{"containerScope":{"containerScope":{"contributions":{},"includedScopes":[]},"contributions":{},"includedScopes":[]},"contributions":{},"includedScopes":[{"containerScope":{"containerScope":{"containerScope":{"contributions":{},"includedScopes":[]},"contributions":{},"includedScopes":[]},"contributions":{},"includedScopes":[]},"contributions":{},"includedScopes":[]}]},"contributions":{},"includedScopes":[]},"contributions":{},"includedScopes":[]},"contributions":{},"includedScopes":[]},"sourceMap":{"end":{"column":31,"line":43,"offset":845},"start":{"column":5,"line":43,"offset":819}},"value":{"id":"44a6c09f-5e03-4eca-b859-2791fa7049d2","metadata":[],"name":"unMetodo","scope":{"containerScope":{"containerScope":{"containerScope":{"containerScope":{"containerScope":{"containerScope":{"contributions":{},"includedScopes":[]},"contributions":{},"includedScopes":[]},"contributions":{},"includedScopes":[{"containerScope":{"containerScope":{"containerScope":{"contributions":{},"includedScopes":[]},"contributions":{},"includedScopes":[]},"contributions":{},"includedScopes":[]},"contributions":{},"includedScopes":[]}]},"contributions":{},"includedScopes":[]},"contributions":{},"includedScopes":[]},"contributions":{},"includedScopes":[]},"contributions":{},"includedScopes":[]},"sourceMap":{"end":{"column":31,"line":43,"offset":845},"start":{"column":23,"line":43,"offset":837}}},"variable":{"id":"b210207a-148a-4a0d-a905-d7bdb961d2f5","metadata":[],"name":"metodoDesignado","scope":{"containerScope":{"containerScope":{"containerScope":{"containerScope":{"containerScope":{"containerScope":{"contributions":{},"includedScopes":[]},"contributions":{},"includedScopes":[]},"contributions":{},"includedScopes":[{"containerScope":{"containerScope":{"containerScope":{"contributions":{},"includedScopes":[]},"contributions":{},"includedScopes":[]},"contributions":{},"includedScopes":[]},"contributions":{},"includedScopes":[]}]},"contributions":{},"includedScopes":[]},"contributions":{},"includedScopes":[]},"contributions":{},"includedScopes":[]},"contributions":{},"includedScopes":[]},"sourceMap":{"end":{"column":20,"line":43,"offset":834},"start":{"column":5,"line":43,"offset":819}}}}],"sourceMap":{"end":{"column":4,"line":44,"offset":849},"start":{"column":34,"line":42,"offset":813}}},"compiled":false,"id":"bf0a4eb5-2531-4072-b123-eabe17526e8d","isOverride":false,"metadata":[],"name":"metodoDeEnvio","parameters":[{"id":"bb25d9d9-0d6b-4f7e-8694-57a0c1b2ac81","isVarArg":false,"metadata":[],"name":"unMetodo","scope":{"containerScope":{"containerScope":{"containerScope":{"containerScope":{"contributions":{},"includedScopes":[]},"contributions":{},"includedScopes":[]},"contributions":{},"includedScopes":[{"containerScope":{"containerScope":{"containerScope":{"contributions":{},"includedScopes":[]},"contributions":{},"includedScopes":[]},"contributions":{},"includedScopes":[]},"contributions":{},"includedScopes":[]}]},"contributions":{},"includedScopes":[]},"contributions":{},"includedScopes":[]},"sourceMap":{"end":{"column":32,"line":42,"offset":811},"start":{"column":24,"line":42,"offset":803}}}],"problems":[],"scope":{"containerScope":{"containerScope":{"containerScope":{"contributions":{},"includedScopes":[]},"contributions":{},"includedScopes":[]},"contributions":{},"includedScopes":[{"containerScope":{"containerScope":{"containerScope":{"contributions":{},"includedScopes":[]},"contributions":{},"includedScopes":[]},"contributions":{},"includedScopes":[]},"contributions":{},"includedScopes":[]}]},"contributions":{},"includedScopes":[]},"sourceMap":{"end":{"column":4,"line":44,"offset":849},"start":{"column":3,"line":42,"offset":782}}},{"body":{"id":"54b3c7be-a870-40bb-976e-c84ce7b33cd9","metadata":[],"problems":[],"scope":{"containerScope":{"containerScope":{"containerScope":{"containerScope":{"contributions":{},"includedScopes":[]},"contributions":{},"includedScopes":[]},"contributions":{},"includedScopes":[{"containerScope":{"containerScope":{"containerScope":{"contributions":{},"includedScopes":[]},"contributions":{},"includedScopes":[]},"contributions":{},"includedScopes":[]},"contributions":{},"includedScopes":[]}]},"contributions":{},"includedScopes":[]},"contributions":{},"includedScopes":[]},"sentences":[{"id":"fb4b4ed1-072b-42c7-ba57-9929255f2683","metadata":[],"scope":{"containerScope":{"containerScope":{"containerScope":{"containerScope":{"containerScope":{"contributions":{},"includedScopes":[]},"contributions":{},"includedScopes":[]},"contributions":{},"includedScopes":[{"containerScope":{"containerScope":{"containerScope":{"contributions":{},"includedScopes":[]},"contributions":{},"includedScopes":[]},"contributions":{},"includedScopes":[]},"contributions":{},"includedScopes":[]}]},"contributions":{},"includedScopes":[]},"contributions":{},"includedScopes":[]},"contributions":{},"includedScopes":[]},"sourceMap":{"end":{"column":14,"line":46,"offset":893},"start":{"column":5,"line":46,"offset":884}},"value":{"args":[{"id":"97a4d1ec-f0dc-4dd3-a638-7f27df2f26fe","metadata":[],"scope":{"containerScope":{"containerScope":{"containerScope":{"containerScope":{"containerScope":{"containerScope":{"containerScope":{"contributions":{},"includedScopes":[]},"contributions":{},"includedScopes":[]},"contributions":{},"includedScopes":[{"containerScope":{"containerScope":{"containerScope":{"contributions":{},"includedScopes":[]},"contributions":{},"includedScopes":[]},"contributions":{},"includedScopes":[]},"contributions":{},"includedScopes":[]}]},"contributions":{},"includedScopes":[]},"contributions":{},"includedScopes":[]},"contributions":{},"includedScopes":[]},"contributions":{},"includedScopes":[]},"contributions":{},"includedScopes":[]},"sourceMap":{"end":{"column":14,"line":46,"offset":893},"start":{"column":13,"line":46,"offset":892}},"value":5}],"id":"8d7af5b5-69fc-4c4d-bff1-03584442319d","message":"+","metadata":[],"receiver":{"id":"a971f80b-f765-438e-959a-08782c717e0c","metadata":[],"name":"peso","scope":{"containerScope":{"containerScope":{"containerScope":{"containerScope":{"containerScope":{"containerScope":{"containerScope":{"contributions":{},"includedScopes":[]},"contributions":{},"includedScopes":[]},"contributions":{},"includedScopes":[{"containerScope":{"containerScope":{"containerScope":{"contributions":{},"includedScopes":[]},"contributions":{},"includedScopes":[]},"contributions":{},"includedScopes":[]},"contributions":{},"includedScopes":[]}]},"contributions":{},"includedScopes":[]},"contributions":{},"includedScopes":[]},"contributions":{},"includedScopes":[]},"contributions":{},"includedScopes":[]},"contributions":{},"includedScopes":[]},"sourceMap":{"end":{"column":9,"line":46,"offset":888},"start":{"column":5,"line":46,"offset":884}}},"scope":{"containerScope":{"containerScope":{"containerScope":{"containerScope":{"containerScope":{"containerScope":{"contributions":{},"includedScopes":[]},"contributions":{},"includedScopes":[]},"contributions":{},"includedScopes":[{"containerScope":{"containerScope":{"containerScope":{"contributions":{},"includedScopes":[]},"contributions":{},"includedScopes":[]},"contributions":{},"includedScopes":[]},"contributions":{},"includedScopes":[]}]},"contributions":{},"includedScopes":[]},"contributions":{},"includedScopes":[]},"contributions":{},"includedScopes":[]},"contributions":{},"includedScopes":[]}},"variable":{"id":"9836762b-a64d-4bb9-bf9f-95bf35cc81a7","metadata":[],"name":"peso","scope":{"containerScope":{"containerScope":{"containerScope":{"containerScope":{"containerScope":{"containerScope":{"contributions":{},"includedScopes":[]},"contributions":{},"includedScopes":[]},"contributions":{},"includedScopes":[{"containerScope":{"containerScope":{"containerScope":{"contributions":{},"includedScopes":[]},"contributions":{},"includedScopes":[]},"contributions":{},"includedScopes":[]},"contributions":{},"includedScopes":[]}]},"contributions":{},"includedScopes":[]},"contributions":{},"includedScopes":[]},"contributions":{},"includedScopes":[]},"contributions":{},"includedScopes":[]},"sourceMap":{"end":{"column":9,"line":46,"offset":888},"start":{"column":5,"line":46,"offset":884}}}},{"id":"fbe3f6f7-5353-4907-b544-d862baca1f4e","metadata":[],"scope":{"containerScope":{"containerScope":{"containerScope":{"containerScope":{"containerScope":{"contributions":{},"includedScopes":[]},"contributions":{},"includedScopes":[]},"contributions":{},"includedScopes":[{"containerScope":{"containerScope":{"containerScope":{"contributions":{},"includedScopes":[]},"contributions":{},"includedScopes":[]},"contributions":{},"includedScopes":[]},"contributions":{},"includedScopes":[]}]},"contributions":{},"includedScopes":[]},"contributions":{},"includedScopes":[]},"contributions":{},"includedScopes":[]},"sourceMap":{"end":{"column":34,"line":47,"offset":927},"start":{"column":5,"line":47,"offset":898}},"value":{"id":"b7dc88fd-87f2-4228-af9f-52528fdc345c","metadata":[],"scope":{"containerScope":{"containerScope":{"containerScope":{"containerScope":{"containerScope":{"containerScope":{"contributions":{},"includedScopes":[]},"contributions":{},"includedScopes":[]},"contributions":{},"includedScopes":[{"containerScope":{"containerScope":{"containerScope":{"contributions":{},"includedScopes":[]},"contributions":{},"includedScopes":[]},"contributions":{},"includedScopes":[]},"contributions":{},"includedScopes":[]}]},"contributions":{},"includedScopes":[]},"contributions":{},"includedScopes":[]},"contributions":{},"includedScopes":[]},"contributions":{},"includedScopes":[]},"sourceMap":{"end":{"column":34,"line":47,"offset":927},"start":{"column":23,"line":47,"offset":916}},"value":"bicicleta"},"variable":{"id":"0cf5d3f9-88eb-47b6-8b69-a6ff6299ea0f","metadata":[],"name":"metodoDesignado","scope":{"containerScope":{"containerScope":{"containerScope":{"containerScope":{"containerScope":{"containerScope":{"contributions":{},"includedScopes":[]},"contributions":{},"includedScopes":[]},"contributions":{},"includedScopes":[{"containerScope":{"containerScope":{"containerScope":{"contributions":{},"includedScopes":[]},"contributions":{},"includedScopes":[]},"contributions":{},"includedScopes":[]},"contributions":{},"includedScopes":[]}]},"contributions":{},"includedScopes":[]},"contributions":{},"includedScopes":[]},"contributions":{},"includedScopes":[]},"contributions":{},"includedScopes":[]},"sourceMap":{"end":{"column":20,"line":47,"offset":913},"start":{"column":5,"line":47,"offset":898}}}}],"sourceMap":{"end":{"column":4,"line":48,"offset":931},"start":{"column":29,"line":45,"offset":878}}},"compiled":false,"id":"83b0dfaf-2af8-416c-b8f2-6bdc72267dbe","isOverride":false,"metadata":[],"name":"viajeEnBicicleta","parameters":[],"problems":[],"scope":{"containerScope":{"containerScope":{"containerScope":{"contributions":{},"includedScopes":[]},"contributions":{},"includedScopes":[]},"contributions":{},"includedScopes":[{"containerScope":{"containerScope":{"containerScope":{"contributions":{},"includedScopes":[]},"contributions":{},"includedScopes":[]},"contributions":{},"includedScopes":[]},"contributions":{},"includedScopes":[]}]},"contributions":{},"includedScopes":[]},"sourceMap":{"end":{"column":4,"line":48,"offset":931},"start":{"column":3,"line":45,"offset":852}}},{"id":"5732ad36-bccf-491c-a847-43143f5f7990","isConstant":false,"isProperty":false,"metadata":[],"name":"cantidadDeAcoplados","scope":{"containerScope":{"containerScope":{"containerScope":{"contributions":{},"includedScopes":[]},"contributions":{},"includedScopes":[]},"contributions":{},"includedScopes":[{"containerScope":{"containerScope":{"containerScope":{"contributions":{},"includedScopes":[]},"contributions":{},"includedScopes":[]},"contributions":{},"includedScopes":[]},"contributions":{},"includedScopes":[]}]},"contributions":{},"includedScopes":[]},"sourceMap":{"end":{"column":30,"line":49,"offset":961},"start":{"column":3,"line":49,"offset":934}},"value":{"id":"e079a448-dbba-4ff3-90ae-61d0026333da","metadata":[],"scope":{"containerScope":{"containerScope":{"containerScope":{"containerScope":{"contributions":{},"includedScopes":[]},"contributions":{},"includedScopes":[]},"contributions":{},"includedScopes":[{"containerScope":{"containerScope":{"containerScope":{"contributions":{},"includedScopes":[]},"contributions":{},"includedScopes":[]},"contributions":{},"includedScopes":[]},"contributions":{},"includedScopes":[]}]},"contributions":{},"includedScopes":[]},"contributions":{},"includedScopes":[]},"sourceMap":{"end":{"column":30,"line":49,"offset":961},"start":{"column":29,"line":49,"offset":960}},"value":0}},{"body":{"id":"12d60609-0edc-4974-aa04-6591be7b1511","metadata":[],"problems":[],"scope":{"containerScope":{"containerScope":{"containerScope":{"containerScope":{"contributions":{},"includedScopes":[]},"contributions":{},"includedScopes":[]},"contributions":{},"includedScopes":[{"containerScope":{"containerScope":{"containerScope":{"contributions":{},"includedScopes":[]},"contributions":{},"includedScopes":[]},"contributions":{},"includedScopes":[]},"contributions":{},"includedScopes":[]}]},"contributions":{},"includedScopes":[]},"contributions":{},"includedScopes":[]},"sentences":[{"id":"e762224e-0c10-46d7-ba74-36ee4f693b79","metadata":[],"scope":{"containerScope":{"containerScope":{"containerScope":{"containerScope":{"containerScope":{"contributions":{},"includedScopes":[]},"contributions":{},"includedScopes":[]},"contributions":{},"includedScopes":[{"containerScope":{"containerScope":{"containerScope":{"contributions":{},"includedScopes":[]},"contributions":{},"includedScopes":[]},"contributions":{},"includedScopes":[]},"contributions":{},"includedScopes":[]}]},"contributions":{},"includedScopes":[]},"contributions":{},"includedScopes":[]},"contributions":{},"includedScopes":[]},"sourceMap":{"end":{"column":29,"line":51,"offset":1011},"start":{"column":5,"line":51,"offset":987}},"value":{"args":[{"id":"83e72d2c-9457-4c6c-b0f3-9cd420ef843f","metadata":[],"scope":{"containerScope":{"containerScope":{"containerScope":{"containerScope":{"containerScope":{"containerScope":{"containerScope":{"contributions":{},"includedScopes":[]},"contributions":{},"includedScopes":[]},"contributions":{},"includedScopes":[{"containerScope":{"containerScope":{"containerScope":{"contributions":{},"includedScopes":[]},"contributions":{},"includedScopes":[]},"contributions":{},"includedScopes":[]},"contributions":{},"includedScopes":[]}]},"contributions":{},"includedScopes":[]},"contributions":{},"includedScopes":[]},"contributions":{},"includedScopes":[]},"contributions":{},"includedScopes":[]},"contributions":{},"includedScopes":[]},"sourceMap":{"end":{"column":29,"line":51,"offset":1011},"start":{"column":28,"line":51,"offset":1010}},"value":1}],"id":"aa460808-ea65-49f6-a560-bee1cc56d2f9","message":"+","metadata":[],"receiver":{"id":"9090f014-8ace-4d5e-bbe0-ce12b23b3b8e","metadata":[],"name":"cantidadDeAcoplados","scope":{"containerScope":{"containerScope":{"containerScope":{"containerScope":{"containerScope":{"containerScope":{"containerScope":{"contributions":{},"includedScopes":[]},"contributions":{},"includedScopes":[]},"contributions":{},"includedScopes":[{"containerScope":{"containerScope":{"containerScope":{"contributions":{},"includedScopes":[]},"contributions":{},"includedScopes":[]},"contributions":{},"includedScopes":[]},"contributions":{},"includedScopes":[]}]},"contributions":{},"includedScopes":[]},"contributions":{},"includedScopes":[]},"contributions":{},"includedScopes":[]},"contributions":{},"includedScopes":[]},"contributions":{},"includedScopes":[]},"sourceMap":{"end":{"column":24,"line":51,"offset":1006},"start":{"column":5,"line":51,"offset":987}}},"scope":{"containerScope":{"containerScope":{"containerScope":{"containerScope":{"containerScope":{"containerScope":{"contributions":{},"includedScopes":[]},"contributions":{},"includedScopes":[]},"contributions":{},"includedScopes":[{"containerScope":{"containerScope":{"containerScope":{"contributions":{},"includedScopes":[]},"contributions":{},"includedScopes":[]},"contributions":{},"includedScopes":[]},"contributions":{},"includedScopes":[]}]},"contributions":{},"includedScopes":[]},"contributions":{},"includedScopes":[]},"contributions":{},"includedScopes":[]},"contributions":{},"includedScopes":[]}},"variable":{"id":"3ff563b4-5155-4c83-b1b3-28e42bf74883","metadata":[],"name":"cantidadDeAcoplados","scope":{"containerScope":{"containerScope":{"containerScope":{"containerScope":{"containerScope":{"containerScope":{"contributions":{},"includedScopes":[]},"contributions":{},"includedScopes":[]},"contributions":{},"includedScopes":[{"containerScope":{"containerScope":{"containerScope":{"contributions":{},"includedScopes":[]},"contributions":{},"includedScopes":[]},"contributions":{},"includedScopes":[]},"contributions":{},"includedScopes":[]}]},"contributions":{},"includedScopes":[]},"contributions":{},"includedScopes":[]},"contributions":{},"includedScopes":[]},"contributions":{},"includedScopes":[]},"sourceMap":{"end":{"column":24,"line":51,"offset":1006},"start":{"column":5,"line":51,"offset":987}}}}],"sourceMap":{"end":{"column":4,"line":52,"offset":1015},"start":{"column":20,"line":50,"offset":981}}},"compiled":false,"id":"cb277d39-2c31-4333-976d-161cd699e605","isOverride":false,"metadata":[],"name":"aclopar","parameters":[],"problems":[],"scope":{"containerScope":{"containerScope":{"containerScope":{"contributions":{},"includedScopes":[]},"contributions":{},"includedScopes":[]},"contributions":{},"includedScopes":[{"containerScope":{"containerScope":{"containerScope":{"contributions":{},"includedScopes":[]},"contributions":{},"includedScopes":[]},"contributions":{},"includedScopes":[]},"contributions":{},"includedScopes":[]}]},"contributions":{},"includedScopes":[]},"sourceMap":{"end":{"column":4,"line":52,"offset":1015},"start":{"column":3,"line":50,"offset":964}}},{"body":{"id":"809bbb8b-d13c-4405-9951-931690c066d0","metadata":[],"problems":[],"scope":{"containerScope":{"containerScope":{"containerScope":{"containerScope":{"contributions":{},"includedScopes":[]},"contributions":{},"includedScopes":[]},"contributions":{},"includedScopes":[{"containerScope":{"containerScope":{"containerScope":{"contributions":{},"includedScopes":[]},"contributions":{},"includedScopes":[]},"contributions":{},"includedScopes":[]},"contributions":{},"includedScopes":[]}]},"contributions":{},"includedScopes":[]},"contributions":{},"includedScopes":[]},"sentences":[{"id":"dca07fa2-bc8e-4d8c-ad9c-b768361eae4a","metadata":[],"scope":{"containerScope":{"containerScope":{"containerScope":{"containerScope":{"containerScope":{"contributions":{},"includedScopes":[]},"contributions":{},"includedScopes":[]},"contributions":{},"includedScopes":[{"containerScope":{"containerScope":{"containerScope":{"contributions":{},"includedScopes":[]},"contributions":{},"includedScopes":[]},"contributions":{},"includedScopes":[]},"contributions":{},"includedScopes":[]}]},"contributions":{},"includedScopes":[]},"contributions":{},"includedScopes":[]},"contributions":{},"includedScopes":[]},"sourceMap":{"end":{"column":39,"line":54,"offset":1081},"start":{"column":5,"line":54,"offset":1047}},"value":{"args":[{"args":[{"id":"6abf9374-7255-41c6-973f-540f5f53c9c6","metadata":[],"name":"cantidadDeAcoplados","scope":{"containerScope":{"containerScope":{"containerScope":{"containerScope":{"containerScope":{"containerScope":{"containerScope":{"containerScope":{"contributions":{},"includedScopes":[]},"contributions":{},"includedScopes":[]},"contributions":{},"includedScopes":[{"containerScope":{"containerScope":{"containerScope":{"contributions":{},"includedScopes":[]},"contributions":{},"includedScopes":[]},"contributions":{},"includedScopes":[]},"contributions":{},"includedScopes":[]}]},"contributions":{},"includedScopes":[]},"contributions":{},"includedScopes":[]},"contributions":{},"includedScopes":[]},"contributions":{},"includedScopes":[]},"contributions":{},"includedScopes":[]},"contributions":{},"includedScopes":[]},"sourceMap":{"end":{"column":39,"line":54,"offset":1081},"start":{"column":20,"line":54,"offset":1062}}}],"id":"275e7a55-b446-45d0-9361-23cb066acd06","message":"*","metadata":[],"receiver":{"id":"bf59189e-5c7a-455c-a8c5-d09b050be216","metadata":[],"scope":{"containerScope":{"containerScope":{"containerScope":{"containerScope":{"containerScope":{"containerScope":{"containerScope":{"containerScope":{"contributions":{},"includedScopes":[]},"contributions":{},"includedScopes":[]},"contributions":{},"includedScopes":[{"containerScope":{"containerScope":{"containerScope":{"contributions":{},"includedScopes":[]},"contributions":{},"includedScopes":[]},"contributions":{},"includedScopes":[]},"contributions":{},"includedScopes":[]}]},"contributions":{},"includedScopes":[]},"contributions":{},"includedScopes":[]},"contributions":{},"includedScopes":[]},"contributions":{},"includedScopes":[]},"contributions":{},"includedScopes":[]},"contributions":{},"includedScopes":[]},"sourceMap":{"end":{"column":17,"line":54,"offset":1059},"start":{"column":13,"line":54,"offset":1055}},"value":5000},"scope":{"containerScope":{"containerScope":{"containerScope":{"containerScope":{"containerScope":{"containerScope":{"containerScope":{"contributions":{},"includedScopes":[]},"contributions":{},"includedScopes":[]},"contributions":{},"includedScopes":[{"containerScope":{"containerScope":{"containerScope":{"contributions":{},"includedScopes":[]},"contributions":{},"includedScopes":[]},"contributions":{},"includedScopes":[]},"contributions":{},"includedScopes":[]}]},"contributions":{},"includedScopes":[]},"contributions":{},"includedScopes":[]},"contributions":{},"includedScopes":[]},"contributions":{},"includedScopes":[]},"contributions":{},"includedScopes":[]},"sourceMap":{"end":{"column":39,"line":54,"offset":1081},"start":{"column":13,"line":54,"offset":1055}}}],"id":"f7c930e9-5811-40ee-80cb-0219ab49e73c","message":"+","metadata":[],"receiver":{"id":"494b7d0f-cbc0-48fb-9f49-5c726f88696c","metadata":[],"name":"peso","scope":{"containerScope":{"containerScope":{"containerScope":{"containerScope":{"containerScope":{"containerScope":{"containerScope":{"contributions":{},"includedScopes":[]},"contributions":{},"includedScopes":[]},"contributions":{},"includedScopes":[{"containerScope":{"containerScope":{"containerScope":{"contributions":{},"includedScopes":[]},"contributions":{},"includedScopes":[]},"contributions":{},"includedScopes":[]},"contributions":{},"includedScopes":[]}]},"contributions":{},"includedScopes":[]},"contributions":{},"includedScopes":[]},"contributions":{},"includedScopes":[]},"contributions":{},"includedScopes":[]},"contributions":{},"includedScopes":[]},"sourceMap":{"end":{"column":9,"line":54,"offset":1051},"start":{"column":5,"line":54,"offset":1047}}},"scope":{"containerScope":{"containerScope":{"containerScope":{"containerScope":{"containerScope":{"containerScope":{"contributions":{},"includedScopes":[]},"contributions":{},"includedScopes":[]},"contributions":{},"includedScopes":[{"containerScope":{"containerScope":{"containerScope":{"contributions":{},"includedScopes":[]},"contributions":{},"includedScopes":[]},"contributions":{},"includedScopes":[]},"contributions":{},"includedScopes":[]}]},"contributions":{},"includedScopes":[]},"contributions":{},"includedScopes":[]},"contributions":{},"includedScopes":[]},"contributions":{},"includedScopes":[]}},"variable":{"id":"cebc05e7-2fac-4f3a-81e0-49da26c81e8a","metadata":[],"name":"peso","scope":{"containerScope":{"containerScope":{"containerScope":{"containerScope":{"containerScope":{"containerScope":{"contributions":{},"includedScopes":[]},"contributions":{},"includedScopes":[]},"contributions":{},"includedScopes":[{"containerScope":{"containerScope":{"containerScope":{"contributions":{},"includedScopes":[]},"contributions":{},"includedScopes":[]},"contributions":{},"includedScopes":[]},"contributions":{},"includedScopes":[]}]},"contributions":{},"includedScopes":[]},"contributions":{},"includedScopes":[]},"contributions":{},"includedScopes":[]},"contributions":{},"includedScopes":[]},"sourceMap":{"end":{"column":9,"line":54,"offset":1051},"start":{"column":5,"line":54,"offset":1047}}}},{"id":"cc41a39c-6f63-4707-a456-fce8d6e8c068","metadata":[],"scope":{"containerScope":{"containerScope":{"containerScope":{"containerScope":{"containerScope":{"contributions":{},"includedScopes":[]},"contributions":{},"includedScopes":[]},"contributions":{},"includedScopes":[{"containerScope":{"containerScope":{"containerScope":{"contributions":{},"includedScopes":[]},"contributions":{},"includedScopes":[]},"contributions":{},"includedScopes":[]},"contributions":{},"includedScopes":[]}]},"contributions":{},"includedScopes":[]},"contributions":{},"includedScopes":[]},"contributions":{},"includedScopes":[]},"sourceMap":{"end":{"column":31,"line":55,"offset":1112},"start":{"column":5,"line":55,"offset":1086}},"value":{"id":"4de4afad-add4-476a-8a2a-cb8444a0936e","metadata":[],"scope":{"containerScope":{"containerScope":{"containerScope":{"containerScope":{"containerScope":{"containerScope":{"contributions":{},"includedScopes":[]},"contributions":{},"includedScopes":[]},"contributions":{},"includedScopes":[{"containerScope":{"containerScope":{"containerScope":{"contributions":{},"includedScopes":[]},"contributions":{},"includedScopes":[]},"contributions":{},"includedScopes":[]},"contributions":{},"includedScopes":[]}]},"contributions":{},"includedScopes":[]},"contributions":{},"includedScopes":[]},"contributions":{},"includedScopes":[]},"contributions":{},"includedScopes":[]},"sourceMap":{"end":{"column":31,"line":55,"offset":1112},"start":{"column":23,"line":55,"offset":1104}},"value":"camion"},"variable":{"id":"f9817685-93e9-49f6-ba4c-ec0cfe836b5e","metadata":[],"name":"metodoDesignado","scope":{"containerScope":{"containerScope":{"containerScope":{"containerScope":{"containerScope":{"containerScope":{"contributions":{},"includedScopes":[]},"contributions":{},"includedScopes":[]},"contributions":{},"includedScopes":[{"containerScope":{"containerScope":{"containerScope":{"contributions":{},"includedScopes":[]},"contributions":{},"includedScopes":[]},"contributions":{},"includedScopes":[]},"contributions":{},"includedScopes":[]}]},"contributions":{},"includedScopes":[]},"contributions":{},"includedScopes":[]},"contributions":{},"includedScopes":[]},"contributions":{},"includedScopes":[]},"sourceMap":{"end":{"column":20,"line":55,"offset":1101},"start":{"column":5,"line":55,"offset":1086}}}}],"sourceMap":{"end":{"column":4,"line":56,"offset":1116},"start":{"column":26,"line":53,"offset":1041}}},"compiled":false,"id":"7ddf5e15-c14f-4ab8-9fa3-6671bc8d17bb","isOverride":false,"metadata":[],"name":"viajeEnCamion","parameters":[],"problems":[],"scope":{"containerScope":{"containerScope":{"containerScope":{"contributions":{},"includedScopes":[]},"contributions":{},"includedScopes":[]},"contributions":{},"includedScopes":[{"containerScope":{"containerScope":{"containerScope":{"contributions":{},"includedScopes":[]},"contributions":{},"includedScopes":[]},"contributions":{},"includedScopes":[]},"contributions":{},"includedScopes":[]}]},"contributions":{},"includedScopes":[]},"sourceMap":{"end":{"column":4,"line":56,"offset":1116},"start":{"column":3,"line":53,"offset":1018}}},{"body":{"id":"aa2c7ab6-4dd1-4c1b-b554-a0cc2e02590d","metadata":[],"problems":[],"scope":{"containerScope":{"containerScope":{"containerScope":{"containerScope":{"contributions":{},"includedScopes":[]},"contributions":{},"includedScopes":[]},"contributions":{},"includedScopes":[{"containerScope":{"containerScope":{"containerScope":{"contributions":{},"includedScopes":[]},"contributions":{},"includedScopes":[]},"contributions":{},"includedScopes":[]},"contributions":{},"includedScopes":[]}]},"contributions":{},"includedScopes":[]},"contributions":{},"includedScopes":[]},"sentences":[{"id":"6a5c3947-ba14-494e-8ad4-5833cf07d936","metadata":[],"scope":{"containerScope":{"containerScope":{"containerScope":{"containerScope":{"containerScope":{"contributions":{},"includedScopes":[]},"contributions":{},"includedScopes":[]},"contributions":{},"includedScopes":[{"containerScope":{"containerScope":{"containerScope":{"contributions":{},"includedScopes":[]},"contributions":{},"includedScopes":[]},"contributions":{},"includedScopes":[]},"contributions":{},"includedScopes":[]}]},"contributions":{},"includedScopes":[]},"contributions":{},"includedScopes":[]},"contributions":{},"includedScopes":[]},"sourceMap":{"end":{"column":17,"line":58,"offset":1158},"start":{"column":5,"line":58,"offset":1146}},"value":{"id":"9b73996e-9ca7-4670-8c47-92470d5198f7","metadata":[],"scope":{"containerScope":{"containerScope":{"containerScope":{"containerScope":{"containerScope":{"containerScope":{"contributions":{},"includedScopes":[]},"contributions":{},"includedScopes":[]},"contributions":{},"includedScopes":[{"containerScope":{"containerScope":{"containerScope":{"contributions":{},"includedScopes":[]},"contributions":{},"includedScopes":[]},"contributions":{},"includedScopes":[]},"contributions":{},"includedScopes":[]}]},"contributions":{},"includedScopes":[]},"contributions":{},"includedScopes":[]},"contributions":{},"includedScopes":[]},"contributions":{},"includedScopes":[]},"sourceMap":{"end":{"column":17,"line":58,"offset":1158},"start":{"column":12,"line":58,"offset":1153}},"value":false}}],"sourceMap":{"end":{"column":4,"line":59,"offset":1162},"start":{"column":24,"line":57,"offset":1140}}},"compiled":false,"id":"8716d1d3-fcf8-4eca-8864-56d76b82efaa","isOverride":false,"metadata":[],"name":"puedeLlamar","parameters":[],"problems":[],"scope":{"containerScope":{"containerScope":{"containerScope":{"contributions":{},"includedScopes":[]},"contributions":{},"includedScopes":[]},"contributions":{},"includedScopes":[{"containerScope":{"containerScope":{"containerScope":{"contributions":{},"includedScopes":[]},"contributions":{},"includedScopes":[]},"contributions":{},"includedScopes":[]},"contributions":{},"includedScopes":[]}]},"contributions":{},"includedScopes":[]},"sourceMap":{"end":{"column":4,"line":59,"offset":1162},"start":{"column":3,"line":57,"offset":1119}}}],"metadata":[],"name":"roberto","problems":[],"scope":{"containerScope":{"containerScope":{"contributions":{},"includedScopes":[]},"contributions":{},"includedScopes":[]},"contributions":{},"includedScopes":[{"containerScope":{"containerScope":{"containerScope":{"contributions":{},"includedScopes":[]},"contributions":{},"includedScopes":[]},"contributions":{},"includedScopes":[]},"contributions":{},"includedScopes":[]}]},"sourceMap":{"end":{"column":2,"line":60,"offset":1164},"start":{"column":1,"line":33,"offset":615}},"supertypes":[]},{"id":"e75543b3-70a7-41b1-aba4-39bda455bf70","members":[{"body":{"id":"3567bc43-1d01-48e3-8a14-ae936589cac9","metadata":[],"problems":[],"scope":{"containerScope":{"containerScope":{"containerScope":{"containerScope":{"contributions":{},"includedScopes":[]},"contributions":{},"includedScopes":[]},"contributions":{},"includedScopes":[{"containerScope":{"containerScope":{"containerScope":{"contributions":{},"includedScopes":[]},"contributions":{},"includedScopes":[]},"contributions":{},"includedScopes":[]},"contributions":{},"includedScopes":[]}]},"contributions":{},"includedScopes":[]},"contributions":{},"includedScopes":[]},"sentences":[{"id":"ebe487ff-08d2-4716-9a00-50cd7942a4c7","metadata":[],"scope":{"containerScope":{"containerScope":{"containerScope":{"containerScope":{"containerScope":{"contributions":{},"includedScopes":[]},"contributions":{},"includedScopes":[]},"contributions":{},"includedScopes":[{"containerScope":{"containerScope":{"containerScope":{"contributions":{},"includedScopes":[]},"contributions":{},"includedScopes":[]},"contributions":{},"includedScopes":[]},"contributions":{},"includedScopes":[]}]},"contributions":{},"includedScopes":[]},"contributions":{},"includedScopes":[]},"contributions":{},"includedScopes":[]},"sourceMap":{"end":{"column":14,"line":64,"offset":1218},"start":{"column":5,"line":64,"offset":1209}},"value":{"id":"6eb9c019-10b3-46f7-bbc7-8f4c092428d7","metadata":[],"scope":{"containerScope":{"containerScope":{"containerScope":{"containerScope":{"containerScope":{"containerScope":{"contributions":{},"includedScopes":[]},"contributions":{},"includedScopes":[]},"contributions":{},"includedScopes":[{"containerScope":{"containerScope":{"containerScope":{"contributions":{},"includedScopes":[]},"contributions":{},"includedScopes":[]},"contributions":{},"includedScopes":[]},"contributions":{},"includedScopes":[]}]},"contributions":{},"includedScopes":[]},"contributions":{},"includedScopes":[]},"contributions":{},"includedScopes":[]},"contributions":{},"includedScopes":[]},"sourceMap":{"end":{"column":14,"line":64,"offset":1218},"start":{"column":12,"line":64,"offset":1216}},"value":80}}],"sourceMap":{"end":{"column":4,"line":65,"offset":1222},"start":{"column":17,"line":63,"offset":1203}}},"compiled":false,"id":"d7f062b2-a648-4772-88fd-b003047121bf","isOverride":false,"metadata":[],"name":"peso","parameters":[],"problems":[],"scope":{"containerScope":{"containerScope":{"containerScope":{"contributions":{},"includedScopes":[]},"contributions":{},"includedScopes":[]},"contributions":{},"includedScopes":[{"containerScope":{"containerScope":{"containerScope":{"contributions":{},"includedScopes":[]},"contributions":{},"includedScopes":[]},"contributions":{},"includedScopes":[]},"contributions":{},"includedScopes":[]}]},"contributions":{},"includedScopes":[]},"sourceMap":{"end":{"column":4,"line":65,"offset":1222},"start":{"column":3,"line":63,"offset":1189}}},{"body":{"id":"924d6ce5-5b3a-49ea-ac17-f0315e272513","metadata":[],"problems":[],"scope":{"containerScope":{"containerScope":{"containerScope":{"containerScope":{"contributions":{},"includedScopes":[]},"contributions":{},"includedScopes":[]},"contributions":{},"includedScopes":[{"containerScope":{"containerScope":{"containerScope":{"contributions":{},"includedScopes":[]},"contributions":{},"includedScopes":[]},"contributions":{},"includedScopes":[]},"contributions":{},"includedScopes":[]}]},"contributions":{},"includedScopes":[]},"contributions":{},"includedScopes":[]},"sentences":[{"id":"0fd0d107-e28f-45bd-839d-e56dc01ab839","metadata":[],"scope":{"containerScope":{"containerScope":{"containerScope":{"containerScope":{"containerScope":{"contributions":{},"includedScopes":[]},"contributions":{},"includedScopes":[]},"contributions":{},"includedScopes":[{"containerScope":{"containerScope":{"containerScope":{"contributions":{},"includedScopes":[]},"contributions":{},"includedScopes":[]},"contributions":{},"includedScopes":[]},"contributions":{},"includedScopes":[]}]},"contributions":{},"includedScopes":[]},"contributions":{},"includedScopes":[]},"contributions":{},"includedScopes":[]},"sourceMap":{"end":{"column":16,"line":67,"offset":1263},"start":{"column":5,"line":67,"offset":1252}},"value":{"id":"96896dd7-5de3-461f-83b2-9c4a17b99e3a","metadata":[],"scope":{"containerScope":{"containerScope":{"containerScope":{"containerScope":{"containerScope":{"containerScope":{"contributions":{},"includedScopes":[]},"contributions":{},"includedScopes":[]},"contributions":{},"includedScopes":[{"containerScope":{"containerScope":{"containerScope":{"contributions":{},"includedScopes":[]},"contributions":{},"includedScopes":[]},"contributions":{},"includedScopes":[]},"contributions":{},"includedScopes":[]}]},"contributions":{},"includedScopes":[]},"contributions":{},"includedScopes":[]},"contributions":{},"includedScopes":[]},"contributions":{},"includedScopes":[]},"sourceMap":{"end":{"column":16,"line":67,"offset":1263},"start":{"column":12,"line":67,"offset":1259}},"value":true}}],"sourceMap":{"end":{"column":4,"line":68,"offset":1267},"start":{"column":24,"line":66,"offset":1246}}},"compiled":false,"id":"027a41e9-50de-41ce-b8d2-54552c3a188f","isOverride":false,"metadata":[],"name":"puedeLlamar","parameters":[],"problems":[],"scope":{"containerScope":{"containerScope":{"containerScope":{"contributions":{},"includedScopes":[]},"contributions":{},"includedScopes":[]},"contributions":{},"includedScopes":[{"containerScope":{"containerScope":{"containerScope":{"contributions":{},"includedScopes":[]},"contributions":{},"includedScopes":[]},"contributions":{},"includedScopes":[]},"contributions":{},"includedScopes":[]}]},"contributions":{},"includedScopes":[]},"sourceMap":{"end":{"column":4,"line":68,"offset":1267},"start":{"column":3,"line":66,"offset":1225}}}],"metadata":[],"name":"chuckNorris","problems":[],"scope":{"containerScope":{"containerScope":{"contributions":{},"includedScopes":[]},"contributions":{},"includedScopes":[]},"contributions":{},"includedScopes":[{"containerScope":{"containerScope":{"containerScope":{"contributions":{},"includedScopes":[]},"contributions":{},"includedScopes":[]},"contributions":{},"includedScopes":[]},"contributions":{},"includedScopes":[]}]},"sourceMap":{"end":{"column":2,"line":69,"offset":1269},"start":{"column":1,"line":62,"offset":1166}},"supertypes":[]}],"metadata":[],"name":"example","problems":[{"code":"malformedEntity","sourceMap":{"end":{"column":2,"line":74,"offset":1308},"start":{"column":1,"line":71,"offset":1271}}}],"scope":{"containerScope":{"contributions":{},"includedScopes":[]},"contributions":{},"includedScopes":[]}},"stack":"Error: Failed to print, found malformed node\n    at c:\\Users\\Admin\\.vscode\\extensions\\uqbar.wollok-lsp-ide-0.5.0\\out\\server\\src\\server.js:68:3585\n    at Dbn (c:\\Users\\Admin\\.vscode\\extensions\\uqbar.wollok-lsp-ide-0.5.0\\out\\server\\src\\server.js:68:3396)\n    at c:\\Users\\Admin\\.vscode\\extensions\\uqbar.wollok-lsp-ide-0.5.0\\out\\server\\src\\server.js:2371:847\n    at c:\\Users\\Admin\\.vscode\\extensions\\uqbar.wollok-lsp-ide-0.5.0\\out\\server\\src\\server.js:2371:8632\n    at c:\\Users\\Admin\\.vscode\\extensions\\uqbar.wollok-lsp-ide-0.5.0\\out\\server\\src\\server.js:37:74770\n    at Ye (c:\\Users\\Admin\\.vscode\\extensions\\uqbar.wollok-lsp-ide-0.5.0\\out\\server\\src\\server.js:7:8527)\n    at Dt (c:\\Users\\Admin\\.vscode\\extensions\\uqbar.wollok-lsp-ide-0.5.0\\out\\server\\src\\server.js:7:6189)\n    at Zi (c:\\Users\\Admin\\.vscode\\extensions\\uqbar.wollok-lsp-ide-0.5.0\\out\\server\\src\\server.js:7:6378)\n    at Immediate._onImmediate (c:\\Users\\Admin\\.vscode\\extensions\\uqbar.wollok-lsp-ide-0.5.0\\out\\server\\src\\server.js:7:6142)\n    at process.processImmediate (node:internal/timers:483:21)","timestamp":"2025-04-28T13:33:49.065Z"}
{"level":"error","message":"✘ Failed to rebuild document Failed to parse example.wlk: \n-- PARSING FAILED --------------------------------------------------\n\n  78 |   }\n  79 | \n> 80 | }\n     | ^\n\nExpected one of the following: \n\n'@', 'class', 'const', 'describe', 'mixin', 'object', 'only', 'package', 'program', 'test', 'var', '{', EOF, comment, not \"}\", whitespace\n","stack":"Error: Failed to parse example.wlk: \n-- PARSING FAILED --------------------------------------------------\n\n  78 |   }\n  79 | \n> 80 | }\n     | ^\n\nExpected one of the following: \n\n'@', 'class', 'const', 'describe', 'mixin', 'object', 'only', 'package', 'program', 'test', 'var', '{', EOF, comment, not \"}\", whitespace\n\n    at c:\\Users\\Admin\\.vscode\\extensions\\uqbar.wollok-lsp-ide-0.5.0\\out\\server\\src\\server.js:2326:13026\n    at Array.map (<anonymous>)\n    at P1n (c:\\Users\\Admin\\.vscode\\extensions\\uqbar.wollok-lsp-ide-0.5.0\\out\\server\\src\\server.js:2326:12950)\n    at U2.buildEnvironmentFrom (c:\\Users\\Admin\\.vscode\\extensions\\uqbar.wollok-lsp-ide-0.5.0\\out\\server\\src\\server.js:2371:5255)\n    at U2.updateEnvironmentWith (c:\\Users\\Admin\\.vscode\\extensions\\uqbar.wollok-lsp-ide-0.5.0\\out\\server\\src\\server.js:2371:4990)\n    at UF (c:\\Users\\Admin\\.vscode\\extensions\\uqbar.wollok-lsp-ide-0.5.0\\out\\server\\src\\server.js:2371:7147)\n    at F3.invoke (c:\\Users\\Admin\\.vscode\\extensions\\uqbar.wollok-lsp-ide-0.5.0\\out\\server\\src\\server.js:3:157316)\n    at o.fire (c:\\Users\\Admin\\.vscode\\extensions\\uqbar.wollok-lsp-ide-0.5.0\\out\\server\\src\\server.js:3:158086)\n    at c:\\Users\\Admin\\.vscode\\extensions\\uqbar.wollok-lsp-ide-0.5.0\\out\\server\\src\\server.js:37:57871\n    at Qr (c:\\Users\\Admin\\.vscode\\extensions\\uqbar.wollok-lsp-ide-0.5.0\\out\\server\\src\\server.js:8:1561)","timestamp":"2025-04-28T13:33:50.320Z"}
{"level":"info","message":"⌛ Building environment","timeElapsed":199,"timestamp":"2025-04-28T13:33:50.882Z"}
{"level":"info","message":"⌛ Validating example.wlk","timeElapsed":141,"timestamp":"2025-04-28T13:33:51.027Z"}
{"level":"info","message":"⌛ Building environment","timeElapsed":121,"timestamp":"2025-04-28T13:33:53.796Z"}
{"level":"info","message":"⌛ Validating example.wlk","timeElapsed":135,"timestamp":"2025-04-28T13:33:53.933Z"}
{"level":"info","message":"⌛ Building environment","timeElapsed":117,"timestamp":"2025-04-28T13:33:54.073Z"}
{"level":"info","message":"⌛ Validating example.wlk","timeElapsed":168,"timestamp":"2025-04-28T13:33:54.244Z"}
{"level":"info","message":"⌛ Validating example.wlk","timeElapsed":128,"timestamp":"2025-04-28T13:33:54.853Z"}
{"level":"info","message":"⌛ Building environment","timeElapsed":117,"timestamp":"2025-04-28T13:33:54.970Z"}
{"level":"info","message":"⌛ Building environment","timeElapsed":101,"timestamp":"2025-04-28T13:33:55.190Z"}
{"level":"info","message":"⌛ Validating example.wlk","timeElapsed":121,"timestamp":"2025-04-28T13:33:55.312Z"}
{"level":"info","message":"⌛ Validating example.wlk","timeElapsed":125,"timestamp":"2025-04-28T13:33:55.522Z"}
{"level":"info","message":"⌛ Validating example.wlk","timeElapsed":154,"timestamp":"2025-04-28T13:33:55.772Z"}
{"level":"info","message":"⌛ Validating example.wlk","timeElapsed":133,"timestamp":"2025-04-28T13:33:55.906Z"}
{"level":"info","message":"⌛ Building environment","timeElapsed":107,"timestamp":"2025-04-28T13:33:56.247Z"}
{"level":"info","message":"⌛ Validating example.wlk","timeElapsed":125,"timestamp":"2025-04-28T13:33:56.518Z"}
{"level":"info","message":"⌛ Validating example.wlk","timeElapsed":136,"timestamp":"2025-04-28T13:33:56.753Z"}
{"level":"info","message":"⌛ Validating example.wlk","timeElapsed":133,"timestamp":"2025-04-28T13:33:56.887Z"}
{"level":"info","message":"⌛ Validating example.wlk","timeElapsed":114,"timestamp":"2025-04-28T13:33:57.111Z"}
{"level":"info","message":"⌛ Validating example.wlk","timeElapsed":122,"timestamp":"2025-04-28T13:33:57.408Z"}
{"level":"info","message":"⌛ Validating example.wlk","timeElapsed":131,"timestamp":"2025-04-28T13:33:57.717Z"}
{"level":"info","message":"⌛ Validating example.wlk","timeElapsed":170,"timestamp":"2025-04-28T13:33:57.941Z"}
{"level":"info","message":"⌛ Validating example.wlk","timeElapsed":227,"timestamp":"2025-04-28T13:33:58.169Z"}
{"level":"info","message":"⌛ Validating example.wlk","timeElapsed":139,"timestamp":"2025-04-28T13:33:58.311Z"}
{"level":"info","message":"⌛ Building environment","timeElapsed":121,"timestamp":"2025-04-28T13:33:58.433Z"}
{"level":"info","message":"⌛ Validating example.wlk","timeElapsed":122,"timestamp":"2025-04-28T13:33:58.556Z"}
{"level":"info","message":"⌛ Building environment","timeElapsed":104,"timestamp":"2025-04-28T13:33:58.806Z"}
{"level":"info","message":"⌛ Building environment","timeElapsed":119,"timestamp":"2025-04-28T13:33:59.053Z"}
{"level":"info","message":"⌛ Validating example.wlk","timeElapsed":129,"timestamp":"2025-04-28T13:33:59.204Z"}
{"level":"info","message":"⌛ Building environment","timeElapsed":103,"timestamp":"2025-04-28T13:33:59.307Z"}
{"level":"info","message":"⌛ Validating example.wlk","timeElapsed":136,"timestamp":"2025-04-28T13:33:59.467Z"}
{"level":"info","message":"⌛ Validating example.wlk","timeElapsed":205,"timestamp":"2025-04-28T13:33:59.773Z"}
{"level":"info","message":"⌛ Validating example.wlk","timeElapsed":125,"timestamp":"2025-04-28T13:33:59.898Z"}
{"level":"info","message":"⌛ Validating example.wlk","timeElapsed":133,"timestamp":"2025-04-28T13:34:00.152Z"}
{"level":"info","message":"⌛ Building environment","timeElapsed":104,"timestamp":"2025-04-28T13:34:00.348Z"}
{"level":"info","message":"⌛ Validating example.wlk","timeElapsed":124,"timestamp":"2025-04-28T13:34:00.474Z"}
{"level":"info","message":"⌛ Validating example.wlk","timeElapsed":119,"timestamp":"2025-04-28T13:34:00.773Z"}
{"level":"info","message":"⌛ Validating example.wlk","timeElapsed":149,"timestamp":"2025-04-28T13:34:01.107Z"}
{"level":"info","message":"onRequest - completionItem/resolve","timestamp":"2025-04-28T13:34:01.113Z"}
{"level":"info","message":"⌛ Building environment","timeElapsed":178,"timestamp":"2025-04-28T13:34:01.292Z"}
{"level":"info","message":"onRequest - completionItem/resolve","timestamp":"2025-04-28T13:34:01.293Z"}
{"level":"info","message":"⌛ Validating example.wlk","timeElapsed":135,"timestamp":"2025-04-28T13:34:01.429Z"}
{"level":"info","message":"onRequest - completionItem/resolve","timestamp":"2025-04-28T13:34:01.523Z"}
{"level":"info","message":"⌛ Validating example.wlk","timeElapsed":226,"timestamp":"2025-04-28T13:34:01.749Z"}
{"level":"info","message":"onRequest - completionItem/resolve","timestamp":"2025-04-28T13:34:01.845Z"}
{"level":"info","message":"⌛ Validating example.wlk","timeElapsed":115,"timestamp":"2025-04-28T13:34:01.961Z"}
{"level":"info","message":"⌛ Validating example.wlk","timeElapsed":126,"timestamp":"2025-04-28T13:34:02.086Z"}
{"level":"info","message":"⌛ Validating example.wlk","timeElapsed":141,"timestamp":"2025-04-28T13:34:02.236Z"}
{"level":"info","message":"⌛ Validating example.wlk","timeElapsed":138,"timestamp":"2025-04-28T13:34:02.374Z"}
{"level":"info","message":"⌛ Building environment","timeElapsed":110,"timestamp":"2025-04-28T13:34:02.485Z"}
{"level":"info","message":"onRequest - completionItem/resolve","timestamp":"2025-04-28T13:34:02.485Z"}
{"level":"info","message":"onRequest - completionItem/resolve","timestamp":"2025-04-28T13:34:02.573Z"}
{"level":"info","message":"onRequest - completionItem/resolve","timestamp":"2025-04-28T13:34:02.671Z"}
{"level":"info","message":"⌛ Validating example.wlk","timeElapsed":181,"timestamp":"2025-04-28T13:34:02.853Z"}
{"level":"error","message":"✘ Failed to rebuild document Failed to parse example.wlk: \n-- PARSING FAILED --------------------------------------------------\n\n  78 |   }\n  79 |   method\n> 80 | }\n     | ^\n\nExpected one of the following: \n\n'!=', '!==', '%', '&&', '*', '**', '+', '-', '->', '..', '..<', '/', '<', '<<', '<<<', '<=', '<=>', '<>', '==', '===', '>', '>..', '>=', '>>', '>>>', '?:', '@', 'and', 'class', 'const', 'describe', 'invert', 'mixin', 'negate', 'object', 'only', 'or', 'package', 'plus', 'program', 'test', 'var', '{', '||', EOF, comment, identifier, not \"}\", whitespace\n","stack":"Error: Failed to parse example.wlk: \n-- PARSING FAILED --------------------------------------------------\n\n  78 |   }\n  79 |   method\n> 80 | }\n     | ^\n\nExpected one of the following: \n\n'!=', '!==', '%', '&&', '*', '**', '+', '-', '->', '..', '..<', '/', '<', '<<', '<<<', '<=', '<=>', '<>', '==', '===', '>', '>..', '>=', '>>', '>>>', '?:', '@', 'and', 'class', 'const', 'describe', 'invert', 'mixin', 'negate', 'object', 'only', 'or', 'package', 'plus', 'program', 'test', 'var', '{', '||', EOF, comment, identifier, not \"}\", whitespace\n\n    at c:\\Users\\Admin\\.vscode\\extensions\\uqbar.wollok-lsp-ide-0.5.0\\out\\server\\src\\server.js:2326:13026\n    at Array.map (<anonymous>)\n    at P1n (c:\\Users\\Admin\\.vscode\\extensions\\uqbar.wollok-lsp-ide-0.5.0\\out\\server\\src\\server.js:2326:12950)\n    at U2.buildEnvironmentFrom (c:\\Users\\Admin\\.vscode\\extensions\\uqbar.wollok-lsp-ide-0.5.0\\out\\server\\src\\server.js:2371:5255)\n    at U2.updateEnvironmentWith (c:\\Users\\Admin\\.vscode\\extensions\\uqbar.wollok-lsp-ide-0.5.0\\out\\server\\src\\server.js:2371:4990)\n    at UF (c:\\Users\\Admin\\.vscode\\extensions\\uqbar.wollok-lsp-ide-0.5.0\\out\\server\\src\\server.js:2371:7147)\n    at F3.invoke (c:\\Users\\Admin\\.vscode\\extensions\\uqbar.wollok-lsp-ide-0.5.0\\out\\server\\src\\server.js:3:157316)\n    at o.fire (c:\\Users\\Admin\\.vscode\\extensions\\uqbar.wollok-lsp-ide-0.5.0\\out\\server\\src\\server.js:3:158086)\n    at c:\\Users\\Admin\\.vscode\\extensions\\uqbar.wollok-lsp-ide-0.5.0\\out\\server\\src\\server.js:37:57871\n    at Qr (c:\\Users\\Admin\\.vscode\\extensions\\uqbar.wollok-lsp-ide-0.5.0\\out\\server\\src\\server.js:8:1561)","timestamp":"2025-04-28T13:34:02.887Z"}
{"level":"info","message":"onRequest - completionItem/resolve","timestamp":"2025-04-28T13:34:02.887Z"}
{"level":"error","message":"✘ Failed to rebuild document Failed to parse example.wlk: \n-- PARSING FAILED --------------------------------------------------\n\n  78 |   }\n  79 |   method \n> 80 | }\n     | ^\n\nExpected one of the following: \n\n'!=', '!==', '%', '&&', '*', '**', '+', '-', '->', '..', '..<', '/', '<', '<<', '<<<', '<=', '<=>', '<>', '==', '===', '>', '>..', '>=', '>>', '>>>', '?:', '@', 'and', 'class', 'const', 'describe', 'invert', 'mixin', 'negate', 'object', 'only', 'or', 'package', 'plus', 'program', 'test', 'var', '{', '||', EOF, comment, identifier, not \"}\", whitespace\n","stack":"Error: Failed to parse example.wlk: \n-- PARSING FAILED --------------------------------------------------\n\n  78 |   }\n  79 |   method \n> 80 | }\n     | ^\n\nExpected one of the following: \n\n'!=', '!==', '%', '&&', '*', '**', '+', '-', '->', '..', '..<', '/', '<', '<<', '<<<', '<=', '<=>', '<>', '==', '===', '>', '>..', '>=', '>>', '>>>', '?:', '@', 'and', 'class', 'const', 'describe', 'invert', 'mixin', 'negate', 'object', 'only', 'or', 'package', 'plus', 'program', 'test', 'var', '{', '||', EOF, comment, identifier, not \"}\", whitespace\n\n    at c:\\Users\\Admin\\.vscode\\extensions\\uqbar.wollok-lsp-ide-0.5.0\\out\\server\\src\\server.js:2326:13026\n    at Array.map (<anonymous>)\n    at P1n (c:\\Users\\Admin\\.vscode\\extensions\\uqbar.wollok-lsp-ide-0.5.0\\out\\server\\src\\server.js:2326:12950)\n    at U2.buildEnvironmentFrom (c:\\Users\\Admin\\.vscode\\extensions\\uqbar.wollok-lsp-ide-0.5.0\\out\\server\\src\\server.js:2371:5255)\n    at U2.updateEnvironmentWith (c:\\Users\\Admin\\.vscode\\extensions\\uqbar.wollok-lsp-ide-0.5.0\\out\\server\\src\\server.js:2371:4990)\n    at UF (c:\\Users\\Admin\\.vscode\\extensions\\uqbar.wollok-lsp-ide-0.5.0\\out\\server\\src\\server.js:2371:7147)\n    at F3.invoke (c:\\Users\\Admin\\.vscode\\extensions\\uqbar.wollok-lsp-ide-0.5.0\\out\\server\\src\\server.js:3:157316)\n    at o.fire (c:\\Users\\Admin\\.vscode\\extensions\\uqbar.wollok-lsp-ide-0.5.0\\out\\server\\src\\server.js:3:158086)\n    at c:\\Users\\Admin\\.vscode\\extensions\\uqbar.wollok-lsp-ide-0.5.0\\out\\server\\src\\server.js:37:57871\n    at Qr (c:\\Users\\Admin\\.vscode\\extensions\\uqbar.wollok-lsp-ide-0.5.0\\out\\server\\src\\server.js:8:1561)","timestamp":"2025-04-28T13:34:02.905Z"}
{"level":"info","message":"onRequest - completionItem/resolve","timestamp":"2025-04-28T13:34:02.905Z"}
{"level":"info","message":"⌛ Validating example.wlk","timeElapsed":147,"timestamp":"2025-04-28T13:34:03.053Z"}
{"level":"info","message":"⌛ Building environment","timeElapsed":112,"timestamp":"2025-04-28T13:34:03.166Z"}
{"level":"info","message":"⌛ Validating example.wlk","timeElapsed":135,"timestamp":"2025-04-28T13:34:03.301Z"}
{"level":"info","message":"⌛ Building environment","timeElapsed":117,"timestamp":"2025-04-28T13:34:03.423Z"}
{"level":"info","message":"⌛ Building environment","timeElapsed":189,"timestamp":"2025-04-28T13:34:03.640Z"}
{"level":"info","message":"⌛ Validating example.wlk","timeElapsed":113,"timestamp":"2025-04-28T13:34:03.929Z"}
{"level":"info","message":"⌛ Validating example.wlk","timeElapsed":118,"timestamp":"2025-04-28T13:34:04.048Z"}
{"level":"info","message":"⌛ Validating example.wlk","timeElapsed":121,"timestamp":"2025-04-28T13:34:04.168Z"}
{"level":"info","message":"⌛ Building environment","timeElapsed":108,"timestamp":"2025-04-28T13:34:04.369Z"}
{"level":"info","message":"⌛ Validating example.wlk","timeElapsed":127,"timestamp":"2025-04-28T13:34:04.496Z"}
{"level":"info","message":"⌛ Validating example.wlk","timeElapsed":121,"timestamp":"2025-04-28T13:34:04.877Z"}
{"level":"info","message":"⌛ Validating example.wlk","timeElapsed":114,"timestamp":"2025-04-28T13:34:05.104Z"}
{"level":"info","message":"⌛ Validating example.wlk","timeElapsed":128,"timestamp":"2025-04-28T13:34:05.232Z"}
{"level":"info","message":"⌛ Validating example.wlk","timeElapsed":115,"timestamp":"2025-04-28T13:34:05.351Z"}
{"level":"info","message":"⌛ Validating example.wlk","timeElapsed":116,"timestamp":"2025-04-28T13:34:05.468Z"}
{"level":"info","message":"⌛ Validating example.wlk","timeElapsed":118,"timestamp":"2025-04-28T13:34:05.586Z"}
{"level":"info","message":"⌛ Validating example.wlk","timeElapsed":139,"timestamp":"2025-04-28T13:34:05.813Z"}
{"level":"info","message":"⌛ Validating example.wlk","timeElapsed":120,"timestamp":"2025-04-28T13:34:05.933Z"}
{"level":"info","message":"⌛ Validating example.wlk","timeElapsed":119,"timestamp":"2025-04-28T13:34:06.058Z"}
{"level":"info","message":"⌛ Validating example.wlk","timeElapsed":115,"timestamp":"2025-04-28T13:34:06.176Z"}
{"level":"info","message":"⌛ Validating example.wlk","timeElapsed":119,"timestamp":"2025-04-28T13:34:06.296Z"}
{"level":"info","message":"⌛ Validating example.wlk","timeElapsed":132,"timestamp":"2025-04-28T13:34:06.518Z"}
{"level":"info","message":"⌛ Validating example.wlk","timeElapsed":158,"timestamp":"2025-04-28T13:34:06.763Z"}
{"level":"info","message":"⌛ Validating example.wlk","timeElapsed":120,"timestamp":"2025-04-28T13:34:06.971Z"}
{"level":"info","message":"⌛ Building environment","timeElapsed":124,"timestamp":"2025-04-28T13:37:34.623Z"}
{"level":"info","message":"⌛ Validating example.wlk","timeElapsed":159,"timestamp":"2025-04-28T13:37:34.822Z"}
{"level":"info","message":"onRequest - completionItem/resolve","timestamp":"2025-04-28T13:37:34.823Z"}
{"level":"info","message":"⌛ Building environment","timeElapsed":131,"timestamp":"2025-04-28T13:37:34.960Z"}
{"level":"info","message":"⌛ Validating example.wlk","timeElapsed":140,"timestamp":"2025-04-28T13:37:35.100Z"}
{"level":"info","message":"⌛ Validating example.wlk","timeElapsed":119,"timestamp":"2025-04-28T13:37:35.397Z"}
{"level":"info","message":"⌛ Building environment","timeElapsed":174,"timestamp":"2025-04-28T13:37:48.128Z"}
{"level":"info","message":"⌛ Validating example.wlk","timeElapsed":198,"timestamp":"2025-04-28T13:37:48.328Z"}
{"level":"info","message":"⌛ Building environment","timeElapsed":187,"timestamp":"2025-04-28T13:37:48.535Z"}
{"level":"info","message":"⌛ Validating example.wlk","timeElapsed":143,"timestamp":"2025-04-28T13:37:48.683Z"}
{"level":"info","message":"⌛ Building environment","timeElapsed":116,"timestamp":"2025-04-28T13:37:49.847Z"}
{"level":"error","message":"✘ Completions for node Send ([80:5, 80:11] - example.wlk) failed: Error: [Send]{681404} at example.wlk:80 exhausted all cases without a match [Send]{681404} at example.wlk:80 exhausted all cases without a match","stack":"Error: [Send]{681404} at example.wlk:80 exhausted all cases without a match\n    at c:\\Users\\Admin\\.vscode\\extensions\\uqbar.wollok-lsp-ide-0.5.0\\out\\server\\src\\server.js:38:6142\n    at Gh (c:\\Users\\Admin\\.vscode\\extensions\\uqbar.wollok-lsp-ide-0.5.0\\out\\server\\src\\server.js:2362:42)\n    at Kh (c:\\Users\\Admin\\.vscode\\extensions\\uqbar.wollok-lsp-ide-0.5.0\\out\\server\\src\\server.js:2362:1053)\n    at d8n (c:\\Users\\Admin\\.vscode\\extensions\\uqbar.wollok-lsp-ide-0.5.0\\out\\server\\src\\server.js:2362:1209)\n    at c:\\Users\\Admin\\.vscode\\extensions\\uqbar.wollok-lsp-ide-0.5.0\\out\\server\\src\\server.js:38:6131\n    at Gh (c:\\Users\\Admin\\.vscode\\extensions\\uqbar.wollok-lsp-ide-0.5.0\\out\\server\\src\\server.js:2362:42)\n    at c:\\Users\\Admin\\.vscode\\extensions\\uqbar.wollok-lsp-ide-0.5.0\\out\\server\\src\\server.js:2362:2949\n    at c:\\Users\\Admin\\.vscode\\extensions\\uqbar.wollok-lsp-ide-0.5.0\\out\\server\\src\\server.js:2371:8632\n    at c:\\Users\\Admin\\.vscode\\extensions\\uqbar.wollok-lsp-ide-0.5.0\\out\\server\\src\\server.js:37:74872\n    at Ye (c:\\Users\\Admin\\.vscode\\extensions\\uqbar.wollok-lsp-ide-0.5.0\\out\\server\\src\\server.js:7:8527)","timestamp":"2025-04-28T13:37:49.878Z"}
{"level":"info","message":"⌛ Building environment","timeElapsed":101,"timestamp":"2025-04-28T13:37:49.983Z"}
{"level":"info","message":"⌛ Validating example.wlk","timeElapsed":154,"timestamp":"2025-04-28T13:37:50.138Z"}
{"level":"info","message":"onRequest - completionItem/resolve","timestamp":"2025-04-28T13:37:50.138Z"}
{"level":"info","message":"⌛ Validating example.wlk","timeElapsed":147,"timestamp":"2025-04-28T13:37:50.286Z"}
{"level":"info","message":"onRequest - completionItem/resolve","timestamp":"2025-04-28T13:37:50.377Z"}
{"level":"info","message":"⌛ Building environment","timeElapsed":102,"timestamp":"2025-04-28T13:37:50.479Z"}
{"level":"info","message":"onRequest - completionItem/resolve","timestamp":"2025-04-28T13:37:50.480Z"}
{"level":"info","message":"⌛ Validating example.wlk","timeElapsed":137,"timestamp":"2025-04-28T13:37:50.617Z"}
{"level":"info","message":"⌛ Validating example.wlk","timeElapsed":134,"timestamp":"2025-04-28T13:37:50.756Z"}
{"level":"info","message":"⌛ Building environment","timeElapsed":107,"timestamp":"2025-04-28T13:37:50.864Z"}
{"level":"info","message":"onRequest - completionItem/resolve","timestamp":"2025-04-28T13:37:50.864Z"}
{"level":"info","message":"onRequest - completionItem/resolve","timestamp":"2025-04-28T13:37:50.963Z"}
{"level":"info","message":"⌛ Building environment","timeElapsed":179,"timestamp":"2025-04-28T13:37:51.142Z"}
{"level":"info","message":"onRequest - completionItem/resolve","timestamp":"2025-04-28T13:37:51.144Z"}
{"level":"info","message":"⌛ Validating example.wlk","timeElapsed":131,"timestamp":"2025-04-28T13:37:51.276Z"}
{"level":"info","message":"⌛ Validating example.wlk","timeElapsed":122,"timestamp":"2025-04-28T13:37:51.397Z"}
{"level":"info","message":"⌛ Validating example.wlk","timeElapsed":120,"timestamp":"2025-04-28T13:37:51.604Z"}
{"level":"info","message":"⌛ Validating example.wlk","timeElapsed":121,"timestamp":"2025-04-28T13:37:51.731Z"}
{"level":"info","message":"⌛ Building environment","timeElapsed":145,"timestamp":"2025-04-28T13:37:53.755Z"}
{"level":"info","message":"⌛ Validating example.wlk","timeElapsed":149,"timestamp":"2025-04-28T13:37:53.910Z"}
{"level":"info","message":"⌛ Building environment","timeElapsed":101,"timestamp":"2025-04-28T13:37:54.213Z"}
{"level":"info","message":"⌛ Validating example.wlk","timeElapsed":163,"timestamp":"2025-04-28T13:37:54.378Z"}
{"level":"info","message":"⌛ Building environment","timeElapsed":119,"timestamp":"2025-04-28T13:37:54.511Z"}
{"level":"info","message":"⌛ Validating example.wlk","timeElapsed":115,"timestamp":"2025-04-28T13:37:54.626Z"}
{"level":"info","message":"⌛ Building environment","timeElapsed":109,"timestamp":"2025-04-28T13:37:56.410Z"}
{"level":"info","message":"⌛ Validating example.wlk","timeElapsed":158,"timestamp":"2025-04-28T13:37:56.583Z"}
{"level":"info","message":"⌛ Building environment","timeElapsed":105,"timestamp":"2025-04-28T13:37:56.689Z"}
{"level":"info","message":"⌛ Validating example.wlk","timeElapsed":232,"timestamp":"2025-04-28T13:37:56.921Z"}
{"level":"info","message":"⌛ Validating example.wlk","timeElapsed":127,"timestamp":"2025-04-28T13:37:57.156Z"}
{"level":"info","message":"⌛ Building environment","timeElapsed":110,"timestamp":"2025-04-28T13:37:57.792Z"}
{"level":"error","message":"✘ Completions for node If ([80:5, 82:6] - example.wlk) failed: Error: [If]{b1dfcd} at example.wlk:80 exhausted all cases without a match [If]{b1dfcd} at example.wlk:80 exhausted all cases without a match","stack":"Error: [If]{b1dfcd} at example.wlk:80 exhausted all cases without a match\n    at c:\\Users\\Admin\\.vscode\\extensions\\uqbar.wollok-lsp-ide-0.5.0\\out\\server\\src\\server.js:38:6142\n    at Gh (c:\\Users\\Admin\\.vscode\\extensions\\uqbar.wollok-lsp-ide-0.5.0\\out\\server\\src\\server.js:2362:42)\n    at Kh (c:\\Users\\Admin\\.vscode\\extensions\\uqbar.wollok-lsp-ide-0.5.0\\out\\server\\src\\server.js:2362:1053)\n    at t8n (c:\\Users\\Admin\\.vscode\\extensions\\uqbar.wollok-lsp-ide-0.5.0\\out\\server\\src\\server.js:2362:779)\n    at c:\\Users\\Admin\\.vscode\\extensions\\uqbar.wollok-lsp-ide-0.5.0\\out\\server\\src\\server.js:38:6131\n    at Gh (c:\\Users\\Admin\\.vscode\\extensions\\uqbar.wollok-lsp-ide-0.5.0\\out\\server\\src\\server.js:2362:42)\n    at Kh (c:\\Users\\Admin\\.vscode\\extensions\\uqbar.wollok-lsp-ide-0.5.0\\out\\server\\src\\server.js:2362:1053)\n    at d8n (c:\\Users\\Admin\\.vscode\\extensions\\uqbar.wollok-lsp-ide-0.5.0\\out\\server\\src\\server.js:2362:1209)\n    at c:\\Users\\Admin\\.vscode\\extensions\\uqbar.wollok-lsp-ide-0.5.0\\out\\server\\src\\server.js:38:6131\n    at Gh (c:\\Users\\Admin\\.vscode\\extensions\\uqbar.wollok-lsp-ide-0.5.0\\out\\server\\src\\server.js:2362:42)","timestamp":"2025-04-28T13:37:57.822Z"}
{"level":"info","message":"⌛ Validating example.wlk","timeElapsed":150,"timestamp":"2025-04-28T13:37:58.075Z"}
{"level":"info","message":"onRequest - completionItem/resolve","timestamp":"2025-04-28T13:37:58.076Z"}
{"level":"info","message":"⌛ Building environment","timeElapsed":108,"timestamp":"2025-04-28T13:37:58.185Z"}
{"level":"info","message":"onRequest - completionItem/resolve","timestamp":"2025-04-28T13:37:58.187Z"}
{"level":"info","message":"⌛ Validating example.wlk","timeElapsed":144,"timestamp":"2025-04-28T13:37:58.331Z"}
{"level":"error","message":"✘ Completions for node If ([80:5, 82:6] - example.wlk) failed: Error: [If]{d36247} at example.wlk:80 exhausted all cases without a match [If]{d36247} at example.wlk:80 exhausted all cases without a match","stack":"Error: [If]{d36247} at example.wlk:80 exhausted all cases without a match\n    at c:\\Users\\Admin\\.vscode\\extensions\\uqbar.wollok-lsp-ide-0.5.0\\out\\server\\src\\server.js:38:6142\n    at Gh (c:\\Users\\Admin\\.vscode\\extensions\\uqbar.wollok-lsp-ide-0.5.0\\out\\server\\src\\server.js:2362:42)\n    at Kh (c:\\Users\\Admin\\.vscode\\extensions\\uqbar.wollok-lsp-ide-0.5.0\\out\\server\\src\\server.js:2362:1053)\n    at t8n (c:\\Users\\Admin\\.vscode\\extensions\\uqbar.wollok-lsp-ide-0.5.0\\out\\server\\src\\server.js:2362:779)\n    at c:\\Users\\Admin\\.vscode\\extensions\\uqbar.wollok-lsp-ide-0.5.0\\out\\server\\src\\server.js:38:6131\n    at Gh (c:\\Users\\Admin\\.vscode\\extensions\\uqbar.wollok-lsp-ide-0.5.0\\out\\server\\src\\server.js:2362:42)\n    at Kh (c:\\Users\\Admin\\.vscode\\extensions\\uqbar.wollok-lsp-ide-0.5.0\\out\\server\\src\\server.js:2362:1053)\n    at d8n (c:\\Users\\Admin\\.vscode\\extensions\\uqbar.wollok-lsp-ide-0.5.0\\out\\server\\src\\server.js:2362:1209)\n    at c:\\Users\\Admin\\.vscode\\extensions\\uqbar.wollok-lsp-ide-0.5.0\\out\\server\\src\\server.js:38:6131\n    at Gh (c:\\Users\\Admin\\.vscode\\extensions\\uqbar.wollok-lsp-ide-0.5.0\\out\\server\\src\\server.js:2362:42)","timestamp":"2025-04-28T13:37:58.464Z"}
{"level":"info","message":"⌛ Validating example.wlk","timeElapsed":133,"timestamp":"2025-04-28T13:37:58.696Z"}
{"level":"info","message":"⌛ Building environment","timeElapsed":255,"timestamp":"2025-04-28T13:37:58.951Z"}
{"level":"info","message":"⌛ Validating example.wlk","timeElapsed":132,"timestamp":"2025-04-28T13:37:59.259Z"}
{"level":"info","message":"⌛ Validating example.wlk","timeElapsed":120,"timestamp":"2025-04-28T13:37:59.379Z"}
{"level":"error","message":"✘ Completions for node Return ([81:7, 81:16] - example.wlk) failed: Error: [Return]{189aba} at example.wlk:81 exhausted all cases without a match [Return]{189aba} at example.wlk:81 exhausted all cases without a match","stack":"Error: [Return]{189aba} at example.wlk:81 exhausted all cases without a match\n    at c:\\Users\\Admin\\.vscode\\extensions\\uqbar.wollok-lsp-ide-0.5.0\\out\\server\\src\\server.js:38:6142\n    at Gh (c:\\Users\\Admin\\.vscode\\extensions\\uqbar.wollok-lsp-ide-0.5.0\\out\\server\\src\\server.js:2362:42)\n    at Kh (c:\\Users\\Admin\\.vscode\\extensions\\uqbar.wollok-lsp-ide-0.5.0\\out\\server\\src\\server.js:2362:1053)\n    at d8n (c:\\Users\\Admin\\.vscode\\extensions\\uqbar.wollok-lsp-ide-0.5.0\\out\\server\\src\\server.js:2362:1209)\n    at c:\\Users\\Admin\\.vscode\\extensions\\uqbar.wollok-lsp-ide-0.5.0\\out\\server\\src\\server.js:38:6131\n    at Gh (c:\\Users\\Admin\\.vscode\\extensions\\uqbar.wollok-lsp-ide-0.5.0\\out\\server\\src\\server.js:2362:42)\n    at c:\\Users\\Admin\\.vscode\\extensions\\uqbar.wollok-lsp-ide-0.5.0\\out\\server\\src\\server.js:2362:2949\n    at c:\\Users\\Admin\\.vscode\\extensions\\uqbar.wollok-lsp-ide-0.5.0\\out\\server\\src\\server.js:2371:8632\n    at c:\\Users\\Admin\\.vscode\\extensions\\uqbar.wollok-lsp-ide-0.5.0\\out\\server\\src\\server.js:37:74872\n    at Ye (c:\\Users\\Admin\\.vscode\\extensions\\uqbar.wollok-lsp-ide-0.5.0\\out\\server\\src\\server.js:7:8527)","timestamp":"2025-04-28T13:37:59.497Z"}
{"level":"error","message":"✘ Completions for node If ([80:5, 82:6] - example.wlk) failed: Error: [If]{b97376} at example.wlk:80 exhausted all cases without a match [If]{b97376} at example.wlk:80 exhausted all cases without a match","stack":"Error: [If]{b97376} at example.wlk:80 exhausted all cases without a match\n    at c:\\Users\\Admin\\.vscode\\extensions\\uqbar.wollok-lsp-ide-0.5.0\\out\\server\\src\\server.js:38:6142\n    at Gh (c:\\Users\\Admin\\.vscode\\extensions\\uqbar.wollok-lsp-ide-0.5.0\\out\\server\\src\\server.js:2362:42)\n    at Kh (c:\\Users\\Admin\\.vscode\\extensions\\uqbar.wollok-lsp-ide-0.5.0\\out\\server\\src\\server.js:2362:1053)\n    at t8n (c:\\Users\\Admin\\.vscode\\extensions\\uqbar.wollok-lsp-ide-0.5.0\\out\\server\\src\\server.js:2362:779)\n    at c:\\Users\\Admin\\.vscode\\extensions\\uqbar.wollok-lsp-ide-0.5.0\\out\\server\\src\\server.js:38:6131\n    at Gh (c:\\Users\\Admin\\.vscode\\extensions\\uqbar.wollok-lsp-ide-0.5.0\\out\\server\\src\\server.js:2362:42)\n    at Kh (c:\\Users\\Admin\\.vscode\\extensions\\uqbar.wollok-lsp-ide-0.5.0\\out\\server\\src\\server.js:2362:1053)\n    at Gh (c:\\Users\\Admin\\.vscode\\extensions\\uqbar.wollok-lsp-ide-0.5.0\\out\\server\\src\\server.js:2362:505)\n    at Kh (c:\\Users\\Admin\\.vscode\\extensions\\uqbar.wollok-lsp-ide-0.5.0\\out\\server\\src\\server.js:2362:1053)\n    at d8n (c:\\Users\\Admin\\.vscode\\extensions\\uqbar.wollok-lsp-ide-0.5.0\\out\\server\\src\\server.js:2362:1209)","timestamp":"2025-04-28T13:37:59.497Z"}
{"level":"info","message":"⌛ Validating example.wlk","timeElapsed":122,"timestamp":"2025-04-28T13:37:59.890Z"}
{"level":"info","message":"⌛ Validating example.wlk","timeElapsed":139,"timestamp":"2025-04-28T13:38:00.031Z"}
{"level":"info","message":"⌛ Validating example.wlk","timeElapsed":118,"timestamp":"2025-04-28T13:38:00.150Z"}
{"level":"info","message":"⌛ Validating example.wlk","timeElapsed":124,"timestamp":"2025-04-28T13:38:00.278Z"}
{"level":"info","message":"⌛ Validating example.wlk","timeElapsed":148,"timestamp":"2025-04-28T13:38:00.426Z"}
{"level":"info","message":"⌛ Validating example.wlk","timeElapsed":118,"timestamp":"2025-04-28T13:38:00.544Z"}
{"level":"info","message":"⌛ Validating example.wlk","timeElapsed":148,"timestamp":"2025-04-28T13:38:00.693Z"}
{"level":"info","message":"⌛ Validating example.wlk","timeElapsed":133,"timestamp":"2025-04-28T13:38:01.049Z"}
{"level":"info","message":"⌛ Building environment","timeElapsed":177,"timestamp":"2025-04-28T13:38:01.227Z"}
{"level":"info","message":"⌛ Validating example.wlk","timeElapsed":127,"timestamp":"2025-04-28T13:38:01.354Z"}
{"level":"info","message":"onRequest - completionItem/resolve","timestamp":"2025-04-28T13:38:01.369Z"}
{"level":"info","message":"⌛ Building environment","timeElapsed":135,"timestamp":"2025-04-28T13:38:01.506Z"}
{"level":"info","message":"⌛ Validating example.wlk","timeElapsed":135,"timestamp":"2025-04-28T13:38:01.875Z"}
{"level":"info","message":"⌛ Validating example.wlk","timeElapsed":125,"timestamp":"2025-04-28T13:38:02.005Z"}
{"level":"info","message":"⌛ Validating example.wlk","timeElapsed":124,"timestamp":"2025-04-28T13:38:02.131Z"}
{"level":"info","message":"⌛ Validating example.wlk","timeElapsed":119,"timestamp":"2025-04-28T13:38:02.250Z"}
{"level":"info","message":"⌛ Building environment","timeElapsed":240,"timestamp":"2025-04-28T13:38:04.921Z"}
{"level":"info","message":"⌛ Validating example.wlk","timeElapsed":152,"timestamp":"2025-04-28T13:38:05.074Z"}
{"level":"info","message":"⌛ Building environment","timeElapsed":113,"timestamp":"2025-04-28T13:38:23.341Z"}
{"level":"info","message":"⌛ Validating example.wlk","timeElapsed":153,"timestamp":"2025-04-28T13:38:23.497Z"}
{"level":"info","message":"⌛ Building environment","timeElapsed":217,"timestamp":"2025-04-28T13:38:23.763Z"}
{"level":"info","message":"⌛ Building environment","timeElapsed":110,"timestamp":"2025-04-28T13:38:23.907Z"}
{"level":"info","message":"⌛ Validating example.wlk","timeElapsed":153,"timestamp":"2025-04-28T13:38:24.151Z"}
{"level":"info","message":"onRequest - completionItem/resolve","timestamp":"2025-04-28T13:38:24.152Z"}
{"level":"info","message":"⌛ Validating example.wlk","timeElapsed":138,"timestamp":"2025-04-28T13:38:24.416Z"}
{"level":"info","message":"⌛ Validating example.wlk","timeElapsed":138,"timestamp":"2025-04-28T13:38:24.554Z"}
{"level":"info","message":"⌛ Building environment","timeElapsed":106,"timestamp":"2025-04-28T13:38:24.660Z"}
{"level":"info","message":"⌛ Validating example.wlk","timeElapsed":134,"timestamp":"2025-04-28T13:38:24.885Z"}
{"level":"info","message":"⌛ Building environment","timeElapsed":103,"timestamp":"2025-04-28T13:38:24.994Z"}
{"level":"error","message":"✘ Completions for node Return ([80:5, 80:13] - example.wlk) failed: Error: [Return]{f6abda} at example.wlk:80 exhausted all cases without a match [Return]{f6abda} at example.wlk:80 exhausted all cases without a match","stack":"Error: [Return]{f6abda} at example.wlk:80 exhausted all cases without a match\n    at c:\\Users\\Admin\\.vscode\\extensions\\uqbar.wollok-lsp-ide-0.5.0\\out\\server\\src\\server.js:38:6142\n    at Gh (c:\\Users\\Admin\\.vscode\\extensions\\uqbar.wollok-lsp-ide-0.5.0\\out\\server\\src\\server.js:2362:42)\n    at Kh (c:\\Users\\Admin\\.vscode\\extensions\\uqbar.wollok-lsp-ide-0.5.0\\out\\server\\src\\server.js:2362:1053)\n    at d8n (c:\\Users\\Admin\\.vscode\\extensions\\uqbar.wollok-lsp-ide-0.5.0\\out\\server\\src\\server.js:2362:1209)\n    at c:\\Users\\Admin\\.vscode\\extensions\\uqbar.wollok-lsp-ide-0.5.0\\out\\server\\src\\server.js:38:6131\n    at Gh (c:\\Users\\Admin\\.vscode\\extensions\\uqbar.wollok-lsp-ide-0.5.0\\out\\server\\src\\server.js:2362:42)\n    at c:\\Users\\Admin\\.vscode\\extensions\\uqbar.wollok-lsp-ide-0.5.0\\out\\server\\src\\server.js:2362:2949\n    at c:\\Users\\Admin\\.vscode\\extensions\\uqbar.wollok-lsp-ide-0.5.0\\out\\server\\src\\server.js:2371:8632\n    at c:\\Users\\Admin\\.vscode\\extensions\\uqbar.wollok-lsp-ide-0.5.0\\out\\server\\src\\server.js:37:74872\n    at Ye (c:\\Users\\Admin\\.vscode\\extensions\\uqbar.wollok-lsp-ide-0.5.0\\out\\server\\src\\server.js:7:8527)","timestamp":"2025-04-28T13:38:25.122Z"}
{"level":"info","message":"⌛ Building environment","timeElapsed":103,"timestamp":"2025-04-28T13:38:25.230Z"}
{"level":"info","message":"⌛ Validating example.wlk","timeElapsed":228,"timestamp":"2025-04-28T13:38:25.458Z"}
{"level":"info","message":"⌛ Validating example.wlk","timeElapsed":124,"timestamp":"2025-04-28T13:38:25.583Z"}
{"level":"info","message":"⌛ Building environment","timeElapsed":106,"timestamp":"2025-04-28T13:38:25.690Z"}
{"level":"info","message":"⌛ Validating example.wlk","timeElapsed":118,"timestamp":"2025-04-28T13:38:25.895Z"}
{"level":"info","message":"⌛ Validating example.wlk","timeElapsed":127,"timestamp":"2025-04-28T13:38:26.114Z"}
{"level":"info","message":"onRequest - completionItem/resolve","timestamp":"2025-04-28T13:38:26.115Z"}
{"level":"info","message":"onRequest - completionItem/resolve","timestamp":"2025-04-28T13:38:26.203Z"}
{"level":"info","message":"⌛ Validating example.wlk","timeElapsed":131,"timestamp":"2025-04-28T13:38:26.334Z"}
{"level":"info","message":"onRequest - completionItem/resolve","timestamp":"2025-04-28T13:38:26.421Z"}
{"level":"info","message":"⌛ Validating example.wlk","timeElapsed":116,"timestamp":"2025-04-28T13:38:26.544Z"}
{"level":"info","message":"⌛ Validating example.wlk","timeElapsed":127,"timestamp":"2025-04-28T13:38:26.671Z"}
{"level":"info","message":"⌛ Validating example.wlk","timeElapsed":134,"timestamp":"2025-04-28T13:38:26.900Z"}
{"level":"info","message":"⌛ Validating example.wlk","timeElapsed":178,"timestamp":"2025-04-28T13:38:27.079Z"}
{"level":"info","message":"⌛ Validating example.wlk","timeElapsed":121,"timestamp":"2025-04-28T13:38:27.205Z"}
{"level":"info","message":"⌛ Building environment","timeElapsed":114,"timestamp":"2025-04-28T13:38:27.319Z"}
{"level":"info","message":"⌛ Validating example.wlk","timeElapsed":132,"timestamp":"2025-04-28T13:38:27.451Z"}
{"level":"info","message":"⌛ Validating example.wlk","timeElapsed":149,"timestamp":"2025-04-28T13:38:27.709Z"}
{"level":"info","message":"⌛ Validating example.wlk","timeElapsed":130,"timestamp":"2025-04-28T13:38:27.844Z"}
{"level":"info","message":"⌛ Building environment","timeElapsed":188,"timestamp":"2025-04-28T13:38:28.032Z"}
{"level":"error","message":"✘ Failed to rebuild document Failed to parse example.wlk: \n-- PARSING FAILED --------------------------------------------------\n\n  81 |     <\n  82 |   }\n> 83 | }\n     | ^\n\nExpected one of the following: \n\n' ', '@', 'class', 'const', 'describe', 'mixin', 'object', 'only', 'package', 'program', 'test', 'var', '{', EOF, comment, not \"}\", whitespace\n","stack":"Error: Failed to parse example.wlk: \n-- PARSING FAILED --------------------------------------------------\n\n  81 |     <\n  82 |   }\n> 83 | }\n     | ^\n\nExpected one of the following: \n\n' ', '@', 'class', 'const', 'describe', 'mixin', 'object', 'only', 'package', 'program', 'test', 'var', '{', EOF, comment, not \"}\", whitespace\n\n    at c:\\Users\\Admin\\.vscode\\extensions\\uqbar.wollok-lsp-ide-0.5.0\\out\\server\\src\\server.js:2326:13026\n    at Array.map (<anonymous>)\n    at P1n (c:\\Users\\Admin\\.vscode\\extensions\\uqbar.wollok-lsp-ide-0.5.0\\out\\server\\src\\server.js:2326:12950)\n    at U2.buildEnvironmentFrom (c:\\Users\\Admin\\.vscode\\extensions\\uqbar.wollok-lsp-ide-0.5.0\\out\\server\\src\\server.js:2371:5255)\n    at U2.updateEnvironmentWith (c:\\Users\\Admin\\.vscode\\extensions\\uqbar.wollok-lsp-ide-0.5.0\\out\\server\\src\\server.js:2371:4990)\n    at UF (c:\\Users\\Admin\\.vscode\\extensions\\uqbar.wollok-lsp-ide-0.5.0\\out\\server\\src\\server.js:2371:7147)\n    at F3.invoke (c:\\Users\\Admin\\.vscode\\extensions\\uqbar.wollok-lsp-ide-0.5.0\\out\\server\\src\\server.js:3:157316)\n    at o.fire (c:\\Users\\Admin\\.vscode\\extensions\\uqbar.wollok-lsp-ide-0.5.0\\out\\server\\src\\server.js:3:158086)\n    at c:\\Users\\Admin\\.vscode\\extensions\\uqbar.wollok-lsp-ide-0.5.0\\out\\server\\src\\server.js:37:57871\n    at Qr (c:\\Users\\Admin\\.vscode\\extensions\\uqbar.wollok-lsp-ide-0.5.0\\out\\server\\src\\server.js:8:1561)","timestamp":"2025-04-28T13:38:28.048Z"}
{"level":"info","message":"⌛ Validating example.wlk","timeElapsed":129,"timestamp":"2025-04-28T13:38:28.182Z"}
{"level":"info","message":"⌛ Building environment","timeElapsed":109,"timestamp":"2025-04-28T13:38:28.806Z"}
{"level":"info","message":"⌛ Validating example.wlk","timeElapsed":119,"timestamp":"2025-04-28T13:38:28.927Z"}
{"level":"info","message":"⌛ Validating example.wlk","timeElapsed":118,"timestamp":"2025-04-28T13:38:29.269Z"}
{"level":"info","message":"⌛ Validating example.wlk","timeElapsed":117,"timestamp":"2025-04-28T13:38:29.704Z"}
{"level":"info","message":"⌛ Validating example.wlk","timeElapsed":118,"timestamp":"2025-04-28T13:38:30.144Z"}
{"level":"info","message":"⌛ Validating example.wlk","timeElapsed":118,"timestamp":"2025-04-28T13:38:30.622Z"}
{"level":"info","message":"⌛ Validating example.wlk","timeElapsed":117,"timestamp":"2025-04-28T13:38:31.397Z"}
{"level":"info","message":"⌛ Building environment","timeElapsed":112,"timestamp":"2025-04-28T13:38:31.958Z"}
{"level":"info","message":"⌛ Validating example.wlk","timeElapsed":117,"timestamp":"2025-04-28T13:38:32.076Z"}
{"level":"info","message":"⌛ Validating example.wlk","timeElapsed":120,"timestamp":"2025-04-28T13:38:32.306Z"}
{"level":"info","message":"⌛ Building environment","timeElapsed":102,"timestamp":"2025-04-28T13:38:32.630Z"}
{"level":"info","message":"⌛ Validating example.wlk","timeElapsed":115,"timestamp":"2025-04-28T13:38:32.747Z"}
{"level":"info","message":"⌛ Building environment","timeElapsed":174,"timestamp":"2025-04-28T13:39:29.498Z"}
{"level":"info","message":"⌛ Validating example.wlk","timeElapsed":141,"timestamp":"2025-04-28T13:39:29.640Z"}
{"level":"info","message":"⌛ Building environment","timeElapsed":118,"timestamp":"2025-04-28T13:39:29.818Z"}
{"level":"info","message":"⌛ Validating example.wlk","timeElapsed":150,"timestamp":"2025-04-28T13:39:30.001Z"}
{"level":"info","message":"⌛ Building environment","timeElapsed":122,"timestamp":"2025-04-28T13:39:30.124Z"}
{"level":"info","message":"onRequest - completionItem/resolve","timestamp":"2025-04-28T13:39:30.125Z"}
{"level":"info","message":"onRequest - completionItem/resolve","timestamp":"2025-04-28T13:39:30.224Z"}
{"level":"info","message":"onRequest - completionItem/resolve","timestamp":"2025-04-28T13:39:30.323Z"}
{"level":"info","message":"⌛ Validating example.wlk","timeElapsed":154,"timestamp":"2025-04-28T13:39:30.478Z"}
{"level":"info","message":"⌛ Validating example.wlk","timeElapsed":141,"timestamp":"2025-04-28T13:39:30.620Z"}
{"level":"info","message":"onRequest - completionItem/resolve","timestamp":"2025-04-28T13:39:30.718Z"}
{"level":"info","message":"⌛ Validating example.wlk","timeElapsed":216,"timestamp":"2025-04-28T13:39:30.935Z"}
{"level":"info","message":"⌛ Building environment","timeElapsed":101,"timestamp":"2025-04-28T13:39:31.038Z"}
{"level":"info","message":"onRequest - completionItem/resolve","timestamp":"2025-04-28T13:39:31.039Z"}
{"level":"error","message":"✘ Completions for node Field ([72:3, 72:10] - example.wlk) failed: Error: example.neo.pes [Field]{de1115} at example.wlk:72 exhausted all cases without a match example.neo.pes [Field]{de1115} at example.wlk:72 exhausted all cases without a match","stack":"Error: example.neo.pes [Field]{de1115} at example.wlk:72 exhausted all cases without a match\n    at c:\\Users\\Admin\\.vscode\\extensions\\uqbar.wollok-lsp-ide-0.5.0\\out\\server\\src\\server.js:38:6142\n    at Gh (c:\\Users\\Admin\\.vscode\\extensions\\uqbar.wollok-lsp-ide-0.5.0\\out\\server\\src\\server.js:2362:42)\n    at c:\\Users\\Admin\\.vscode\\extensions\\uqbar.wollok-lsp-ide-0.5.0\\out\\server\\src\\server.js:2362:2949\n    at c:\\Users\\Admin\\.vscode\\extensions\\uqbar.wollok-lsp-ide-0.5.0\\out\\server\\src\\server.js:2371:8632\n    at c:\\Users\\Admin\\.vscode\\extensions\\uqbar.wollok-lsp-ide-0.5.0\\out\\server\\src\\server.js:37:74872\n    at Ye (c:\\Users\\Admin\\.vscode\\extensions\\uqbar.wollok-lsp-ide-0.5.0\\out\\server\\src\\server.js:7:8527)\n    at Dt (c:\\Users\\Admin\\.vscode\\extensions\\uqbar.wollok-lsp-ide-0.5.0\\out\\server\\src\\server.js:7:6189)\n    at Zi (c:\\Users\\Admin\\.vscode\\extensions\\uqbar.wollok-lsp-ide-0.5.0\\out\\server\\src\\server.js:7:6378)\n    at Immediate._onImmediate (c:\\Users\\Admin\\.vscode\\extensions\\uqbar.wollok-lsp-ide-0.5.0\\out\\server\\src\\server.js:7:6142)\n    at process.processImmediate (node:internal/timers:483:21)","timestamp":"2025-04-28T13:39:31.149Z"}
{"level":"info","message":"⌛ Validating example.wlk","timeElapsed":127,"timestamp":"2025-04-28T13:39:31.361Z"}
{"level":"info","message":"⌛ Validating example.wlk","timeElapsed":126,"timestamp":"2025-04-28T13:39:31.591Z"}
{"level":"info","message":"⌛ Validating example.wlk","timeElapsed":137,"timestamp":"2025-04-28T13:39:31.730Z"}
{"level":"info","message":"⌛ Validating example.wlk","timeElapsed":126,"timestamp":"2025-04-28T13:39:31.857Z"}
{"level":"info","message":"⌛ Building environment","timeElapsed":121,"timestamp":"2025-04-28T13:39:31.978Z"}
{"level":"info","message":"⌛ Validating example.wlk","timeElapsed":131,"timestamp":"2025-04-28T13:39:32.110Z"}
{"level":"info","message":"⌛ Validating example.wlk","timeElapsed":126,"timestamp":"2025-04-28T13:39:32.435Z"}
{"level":"info","message":"⌛ Validating example.wlk","timeElapsed":134,"timestamp":"2025-04-28T13:39:32.657Z"}
{"level":"info","message":"⌛ Validating example.wlk","timeElapsed":129,"timestamp":"2025-04-28T13:39:32.879Z"}
{"level":"info","message":"⌛ Validating example.wlk","timeElapsed":132,"timestamp":"2025-04-28T13:39:33.012Z"}
{"level":"info","message":"⌛ Validating example.wlk","timeElapsed":182,"timestamp":"2025-04-28T13:39:33.295Z"}
{"level":"info","message":"⌛ Building environment","timeElapsed":218,"timestamp":"2025-04-28T13:39:33.514Z"}
{"level":"info","message":"⌛ Validating example.wlk","timeElapsed":141,"timestamp":"2025-04-28T13:39:33.756Z"}
{"level":"info","message":"⌛ Building environment","timeElapsed":102,"timestamp":"2025-04-28T13:39:33.859Z"}
{"level":"info","message":"⌛ Validating example.wlk","timeElapsed":125,"timestamp":"2025-04-28T13:39:34.182Z"}
{"level":"info","message":"⌛ Validating example.wlk","timeElapsed":121,"timestamp":"2025-04-28T13:39:34.304Z"}
{"level":"info","message":"⌛ Validating example.wlk","timeElapsed":125,"timestamp":"2025-04-28T13:39:34.624Z"}
{"level":"info","message":"⌛ Validating example.wlk","timeElapsed":138,"timestamp":"2025-04-28T13:39:34.762Z"}
{"level":"info","message":"⌛ Building environment","timeElapsed":120,"timestamp":"2025-04-28T13:39:34.882Z"}
{"level":"info","message":"⌛ Validating example.wlk","timeElapsed":278,"timestamp":"2025-04-28T13:39:35.161Z"}
{"level":"info","message":"⌛ Building environment","timeElapsed":107,"timestamp":"2025-04-28T13:39:35.273Z"}
{"level":"info","message":"⌛ Validating example.wlk","timeElapsed":138,"timestamp":"2025-04-28T13:39:35.412Z"}
{"level":"info","message":"⌛ Validating example.wlk","timeElapsed":144,"timestamp":"2025-04-28T13:39:35.557Z"}
{"level":"info","message":"⌛ Building environment","timeElapsed":104,"timestamp":"2025-04-28T13:39:35.661Z"}
{"level":"info","message":"⌛ Validating example.wlk","timeElapsed":149,"timestamp":"2025-04-28T13:39:36.013Z"}
{"level":"info","message":"⌛ Validating example.wlk","timeElapsed":119,"timestamp":"2025-04-28T13:39:36.496Z"}
{"level":"info","message":"⌛ Building environment","timeElapsed":173,"timestamp":"2025-04-28T13:39:36.850Z"}
{"level":"info","message":"⌛ Building environment","timeElapsed":246,"timestamp":"2025-04-28T13:39:37.098Z"}
{"level":"info","message":"⌛ Validating example.wlk","timeElapsed":152,"timestamp":"2025-04-28T13:39:37.250Z"}
{"level":"info","message":"⌛ Validating example.wlk","timeElapsed":142,"timestamp":"2025-04-28T13:39:37.392Z"}
{"level":"info","message":"⌛ Validating example.wlk","timeElapsed":125,"timestamp":"2025-04-28T13:39:37.517Z"}
{"level":"info","message":"⌛ Building environment","timeElapsed":122,"timestamp":"2025-04-28T13:39:37.649Z"}
{"level":"info","message":"⌛ Validating example.wlk","timeElapsed":122,"timestamp":"2025-04-28T13:39:37.771Z"}
{"level":"info","message":"⌛ Validating example.wlk","timeElapsed":112,"timestamp":"2025-04-28T13:39:37.884Z"}
{"level":"info","message":"⌛ Validating example.wlk","timeElapsed":116,"timestamp":"2025-04-28T13:39:38.013Z"}
{"level":"info","message":"⌛ Validating example.wlk","timeElapsed":122,"timestamp":"2025-04-28T13:39:38.136Z"}
{"level":"info","message":"⌛ Validating example.wlk","timeElapsed":123,"timestamp":"2025-04-28T13:39:38.259Z"}
{"level":"info","message":"⌛ Validating example.wlk","timeElapsed":144,"timestamp":"2025-04-28T13:39:38.403Z"}
{"level":"info","message":"⌛ Validating example.wlk","timeElapsed":123,"timestamp":"2025-04-28T13:39:38.530Z"}
{"level":"info","message":"⌛ Validating example.wlk","timeElapsed":133,"timestamp":"2025-04-28T13:39:38.662Z"}
{"level":"info","message":"⌛ Validating example.wlk","timeElapsed":114,"timestamp":"2025-04-28T13:39:38.799Z"}
{"level":"info","message":"⌛ Validating example.wlk","timeElapsed":117,"timestamp":"2025-04-28T13:39:39.100Z"}
{"level":"info","message":"⌛ Validating example.wlk","timeElapsed":118,"timestamp":"2025-04-28T13:39:39.218Z"}
{"level":"info","message":"⌛ Validating example.wlk","timeElapsed":117,"timestamp":"2025-04-28T13:39:40.027Z"}
{"level":"error","message":"✘ Failed to rebuild document Failed to parse testExample.wtest: \n-- PARSING FAILED --------------------------------------------------\n\nGot the end of the input\n\nExpected one of the following: \n\n'@', 'const', 'method', 'only', 'override', 'test', 'var', '{', '}', any character/byte, comment, whitespace\n","stack":"Error: Failed to parse testExample.wtest: \n-- PARSING FAILED --------------------------------------------------\n\nGot the end of the input\n\nExpected one of the following: \n\n'@', 'const', 'method', 'only', 'override', 'test', 'var', '{', '}', any character/byte, comment, whitespace\n\n    at c:\\Users\\Admin\\.vscode\\extensions\\uqbar.wollok-lsp-ide-0.5.0\\out\\server\\src\\server.js:2326:13026\n    at Array.map (<anonymous>)\n    at P1n (c:\\Users\\Admin\\.vscode\\extensions\\uqbar.wollok-lsp-ide-0.5.0\\out\\server\\src\\server.js:2326:12950)\n    at U2.buildEnvironmentFrom (c:\\Users\\Admin\\.vscode\\extensions\\uqbar.wollok-lsp-ide-0.5.0\\out\\server\\src\\server.js:2371:5255)\n    at U2.updateEnvironmentWith (c:\\Users\\Admin\\.vscode\\extensions\\uqbar.wollok-lsp-ide-0.5.0\\out\\server\\src\\server.js:2371:4990)\n    at UF (c:\\Users\\Admin\\.vscode\\extensions\\uqbar.wollok-lsp-ide-0.5.0\\out\\server\\src\\server.js:2371:7147)\n    at F3.invoke (c:\\Users\\Admin\\.vscode\\extensions\\uqbar.wollok-lsp-ide-0.5.0\\out\\server\\src\\server.js:3:157316)\n    at o.fire (c:\\Users\\Admin\\.vscode\\extensions\\uqbar.wollok-lsp-ide-0.5.0\\out\\server\\src\\server.js:3:158086)\n    at c:\\Users\\Admin\\.vscode\\extensions\\uqbar.wollok-lsp-ide-0.5.0\\out\\server\\src\\server.js:37:57871\n    at Qr (c:\\Users\\Admin\\.vscode\\extensions\\uqbar.wollok-lsp-ide-0.5.0\\out\\server\\src\\server.js:8:1561)","timestamp":"2025-04-28T13:39:50.517Z"}
{"level":"error","message":"✘ Failed to rebuild document Failed to parse testExample.wtest: \n-- PARSING FAILED --------------------------------------------------\n\nGot the end of the input\n\nExpected one of the following: \n\n'@', 'const', 'method', 'only', 'override', 'test', 'var', '{', '}', any character/byte, comment, whitespace\n","stack":"Error: Failed to parse testExample.wtest: \n-- PARSING FAILED --------------------------------------------------\n\nGot the end of the input\n\nExpected one of the following: \n\n'@', 'const', 'method', 'only', 'override', 'test', 'var', '{', '}', any character/byte, comment, whitespace\n\n    at c:\\Users\\Admin\\.vscode\\extensions\\uqbar.wollok-lsp-ide-0.5.0\\out\\server\\src\\server.js:2326:13026\n    at Array.map (<anonymous>)\n    at P1n (c:\\Users\\Admin\\.vscode\\extensions\\uqbar.wollok-lsp-ide-0.5.0\\out\\server\\src\\server.js:2326:12950)\n    at U2.buildEnvironmentFrom (c:\\Users\\Admin\\.vscode\\extensions\\uqbar.wollok-lsp-ide-0.5.0\\out\\server\\src\\server.js:2371:5255)\n    at U2.updateEnvironmentWith (c:\\Users\\Admin\\.vscode\\extensions\\uqbar.wollok-lsp-ide-0.5.0\\out\\server\\src\\server.js:2371:4990)\n    at UF (c:\\Users\\Admin\\.vscode\\extensions\\uqbar.wollok-lsp-ide-0.5.0\\out\\server\\src\\server.js:2371:7147)\n    at F3.invoke (c:\\Users\\Admin\\.vscode\\extensions\\uqbar.wollok-lsp-ide-0.5.0\\out\\server\\src\\server.js:3:157316)\n    at o.fire (c:\\Users\\Admin\\.vscode\\extensions\\uqbar.wollok-lsp-ide-0.5.0\\out\\server\\src\\server.js:3:158086)\n    at c:\\Users\\Admin\\.vscode\\extensions\\uqbar.wollok-lsp-ide-0.5.0\\out\\server\\src\\server.js:37:57871\n    at Qr (c:\\Users\\Admin\\.vscode\\extensions\\uqbar.wollok-lsp-ide-0.5.0\\out\\server\\src\\server.js:8:1561)","timestamp":"2025-04-28T13:39:50.686Z"}
{"level":"error","message":"✘ Failed to rebuild document Failed to parse testExample.wtest: \n-- PARSING FAILED --------------------------------------------------\n\nGot the end of the input\n\nExpected one of the following: \n\n' ', '@', 'const', 'method', 'only', 'override', 'test', 'var', '{', '}', any character/byte, comment, whitespace\n","stack":"Error: Failed to parse testExample.wtest: \n-- PARSING FAILED --------------------------------------------------\n\nGot the end of the input\n\nExpected one of the following: \n\n' ', '@', 'const', 'method', 'only', 'override', 'test', 'var', '{', '}', any character/byte, comment, whitespace\n\n    at c:\\Users\\Admin\\.vscode\\extensions\\uqbar.wollok-lsp-ide-0.5.0\\out\\server\\src\\server.js:2326:13026\n    at Array.map (<anonymous>)\n    at P1n (c:\\Users\\Admin\\.vscode\\extensions\\uqbar.wollok-lsp-ide-0.5.0\\out\\server\\src\\server.js:2326:12950)\n    at U2.buildEnvironmentFrom (c:\\Users\\Admin\\.vscode\\extensions\\uqbar.wollok-lsp-ide-0.5.0\\out\\server\\src\\server.js:2371:5255)\n    at U2.updateEnvironmentWith (c:\\Users\\Admin\\.vscode\\extensions\\uqbar.wollok-lsp-ide-0.5.0\\out\\server\\src\\server.js:2371:4990)\n    at UF (c:\\Users\\Admin\\.vscode\\extensions\\uqbar.wollok-lsp-ide-0.5.0\\out\\server\\src\\server.js:2371:7147)\n    at F3.invoke (c:\\Users\\Admin\\.vscode\\extensions\\uqbar.wollok-lsp-ide-0.5.0\\out\\server\\src\\server.js:3:157316)\n    at o.fire (c:\\Users\\Admin\\.vscode\\extensions\\uqbar.wollok-lsp-ide-0.5.0\\out\\server\\src\\server.js:3:158086)\n    at c:\\Users\\Admin\\.vscode\\extensions\\uqbar.wollok-lsp-ide-0.5.0\\out\\server\\src\\server.js:37:57871\n    at Qr (c:\\Users\\Admin\\.vscode\\extensions\\uqbar.wollok-lsp-ide-0.5.0\\out\\server\\src\\server.js:8:1561)","timestamp":"2025-04-28T13:39:50.896Z"}
{"level":"error","message":"✘ Failed to rebuild document Failed to parse testExample.wtest: \n-- PARSING FAILED --------------------------------------------------\n\nGot the end of the input\n\nExpected one of the following: \n\n' ', '@', 'const', 'method', 'only', 'override', 'test', 'var', '{', '}', any character/byte, comment, whitespace\n","stack":"Error: Failed to parse testExample.wtest: \n-- PARSING FAILED --------------------------------------------------\n\nGot the end of the input\n\nExpected one of the following: \n\n' ', '@', 'const', 'method', 'only', 'override', 'test', 'var', '{', '}', any character/byte, comment, whitespace\n\n    at c:\\Users\\Admin\\.vscode\\extensions\\uqbar.wollok-lsp-ide-0.5.0\\out\\server\\src\\server.js:2326:13026\n    at Array.map (<anonymous>)\n    at P1n (c:\\Users\\Admin\\.vscode\\extensions\\uqbar.wollok-lsp-ide-0.5.0\\out\\server\\src\\server.js:2326:12950)\n    at U2.buildEnvironmentFrom (c:\\Users\\Admin\\.vscode\\extensions\\uqbar.wollok-lsp-ide-0.5.0\\out\\server\\src\\server.js:2371:5255)\n    at U2.updateEnvironmentWith (c:\\Users\\Admin\\.vscode\\extensions\\uqbar.wollok-lsp-ide-0.5.0\\out\\server\\src\\server.js:2371:4990)\n    at UF (c:\\Users\\Admin\\.vscode\\extensions\\uqbar.wollok-lsp-ide-0.5.0\\out\\server\\src\\server.js:2371:7147)\n    at F3.invoke (c:\\Users\\Admin\\.vscode\\extensions\\uqbar.wollok-lsp-ide-0.5.0\\out\\server\\src\\server.js:3:157316)\n    at o.fire (c:\\Users\\Admin\\.vscode\\extensions\\uqbar.wollok-lsp-ide-0.5.0\\out\\server\\src\\server.js:3:158086)\n    at c:\\Users\\Admin\\.vscode\\extensions\\uqbar.wollok-lsp-ide-0.5.0\\out\\server\\src\\server.js:37:57871\n    at Qr (c:\\Users\\Admin\\.vscode\\extensions\\uqbar.wollok-lsp-ide-0.5.0\\out\\server\\src\\server.js:8:1561)","timestamp":"2025-04-28T13:39:53.522Z"}
{"level":"error","message":"✘ Failed to rebuild document Failed to parse testExample.wtest: \n-- PARSING FAILED --------------------------------------------------\n\n  2 | \n  3 | describe \"group of tests for pepita\" \n> 4 |   test \"pepita has initial energy\" {\n    |   ^\n  5 |     assert.equals(100, pepita.energy())\n  6 |   }\n\nExpected one of the following: \n\n'{', whitespace\n","stack":"Error: Failed to parse testExample.wtest: \n-- PARSING FAILED --------------------------------------------------\n\n  2 | \n  3 | describe \"group of tests for pepita\" \n> 4 |   test \"pepita has initial energy\" {\n    |   ^\n  5 |     assert.equals(100, pepita.energy())\n  6 |   }\n\nExpected one of the following: \n\n'{', whitespace\n\n    at c:\\Users\\Admin\\.vscode\\extensions\\uqbar.wollok-lsp-ide-0.5.0\\out\\server\\src\\server.js:2326:13026\n    at Array.map (<anonymous>)\n    at P1n (c:\\Users\\Admin\\.vscode\\extensions\\uqbar.wollok-lsp-ide-0.5.0\\out\\server\\src\\server.js:2326:12950)\n    at U2.buildEnvironmentFrom (c:\\Users\\Admin\\.vscode\\extensions\\uqbar.wollok-lsp-ide-0.5.0\\out\\server\\src\\server.js:2371:5255)\n    at U2.updateEnvironmentWith (c:\\Users\\Admin\\.vscode\\extensions\\uqbar.wollok-lsp-ide-0.5.0\\out\\server\\src\\server.js:2371:4990)\n    at UF (c:\\Users\\Admin\\.vscode\\extensions\\uqbar.wollok-lsp-ide-0.5.0\\out\\server\\src\\server.js:2371:7147)\n    at F3.invoke (c:\\Users\\Admin\\.vscode\\extensions\\uqbar.wollok-lsp-ide-0.5.0\\out\\server\\src\\server.js:3:157316)\n    at o.fire (c:\\Users\\Admin\\.vscode\\extensions\\uqbar.wollok-lsp-ide-0.5.0\\out\\server\\src\\server.js:3:158086)\n    at c:\\Users\\Admin\\.vscode\\extensions\\uqbar.wollok-lsp-ide-0.5.0\\out\\server\\src\\server.js:37:57871\n    at Qr (c:\\Users\\Admin\\.vscode\\extensions\\uqbar.wollok-lsp-ide-0.5.0\\out\\server\\src\\server.js:8:1561)","timestamp":"2025-04-28T13:39:53.726Z"}
{"level":"error","message":"✘ Failed to rebuild document Failed to parse testExample.wtest: \n-- PARSING FAILED --------------------------------------------------\n\n  2 | \n  3 | describe \"group of tests for pepita\"\n> 4 |   test \"pepita has initial energy\" {\n    |   ^\n  5 |     assert.equals(100, pepita.energy())\n  6 |   }\n\nExpected one of the following: \n\n'{', whitespace\n","stack":"Error: Failed to parse testExample.wtest: \n-- PARSING FAILED --------------------------------------------------\n\n  2 | \n  3 | describe \"group of tests for pepita\"\n> 4 |   test \"pepita has initial energy\" {\n    |   ^\n  5 |     assert.equals(100, pepita.energy())\n  6 |   }\n\nExpected one of the following: \n\n'{', whitespace\n\n    at c:\\Users\\Admin\\.vscode\\extensions\\uqbar.wollok-lsp-ide-0.5.0\\out\\server\\src\\server.js:2326:13026\n    at Array.map (<anonymous>)\n    at P1n (c:\\Users\\Admin\\.vscode\\extensions\\uqbar.wollok-lsp-ide-0.5.0\\out\\server\\src\\server.js:2326:12950)\n    at U2.buildEnvironmentFrom (c:\\Users\\Admin\\.vscode\\extensions\\uqbar.wollok-lsp-ide-0.5.0\\out\\server\\src\\server.js:2371:5255)\n    at U2.updateEnvironmentWith (c:\\Users\\Admin\\.vscode\\extensions\\uqbar.wollok-lsp-ide-0.5.0\\out\\server\\src\\server.js:2371:4990)\n    at UF (c:\\Users\\Admin\\.vscode\\extensions\\uqbar.wollok-lsp-ide-0.5.0\\out\\server\\src\\server.js:2371:7147)\n    at F3.invoke (c:\\Users\\Admin\\.vscode\\extensions\\uqbar.wollok-lsp-ide-0.5.0\\out\\server\\src\\server.js:3:157316)\n    at o.fire (c:\\Users\\Admin\\.vscode\\extensions\\uqbar.wollok-lsp-ide-0.5.0\\out\\server\\src\\server.js:3:158086)\n    at c:\\Users\\Admin\\.vscode\\extensions\\uqbar.wollok-lsp-ide-0.5.0\\out\\server\\src\\server.js:37:57871\n    at Qr (c:\\Users\\Admin\\.vscode\\extensions\\uqbar.wollok-lsp-ide-0.5.0\\out\\server\\src\\server.js:8:1561)","timestamp":"2025-04-28T13:39:53.977Z"}
{"level":"error","message":"✘ Failed to rebuild document Failed to parse testExample.wtest: \n-- PARSING FAILED --------------------------------------------------\n\n  2 | \n  3 | describe \"group of tests for pepita\n> 4 |   test \"pepita has initial energy\" {\n    |         ^\n  5 |     assert.equals(100, pepita.energy())\n  6 |   }\n\nExpected one of the following: \n\n'{', whitespace\n","stack":"Error: Failed to parse testExample.wtest: \n-- PARSING FAILED --------------------------------------------------\n\n  2 | \n  3 | describe \"group of tests for pepita\n> 4 |   test \"pepita has initial energy\" {\n    |         ^\n  5 |     assert.equals(100, pepita.energy())\n  6 |   }\n\nExpected one of the following: \n\n'{', whitespace\n\n    at c:\\Users\\Admin\\.vscode\\extensions\\uqbar.wollok-lsp-ide-0.5.0\\out\\server\\src\\server.js:2326:13026\n    at Array.map (<anonymous>)\n    at P1n (c:\\Users\\Admin\\.vscode\\extensions\\uqbar.wollok-lsp-ide-0.5.0\\out\\server\\src\\server.js:2326:12950)\n    at U2.buildEnvironmentFrom (c:\\Users\\Admin\\.vscode\\extensions\\uqbar.wollok-lsp-ide-0.5.0\\out\\server\\src\\server.js:2371:5255)\n    at U2.updateEnvironmentWith (c:\\Users\\Admin\\.vscode\\extensions\\uqbar.wollok-lsp-ide-0.5.0\\out\\server\\src\\server.js:2371:4990)\n    at UF (c:\\Users\\Admin\\.vscode\\extensions\\uqbar.wollok-lsp-ide-0.5.0\\out\\server\\src\\server.js:2371:7147)\n    at F3.invoke (c:\\Users\\Admin\\.vscode\\extensions\\uqbar.wollok-lsp-ide-0.5.0\\out\\server\\src\\server.js:3:157316)\n    at o.fire (c:\\Users\\Admin\\.vscode\\extensions\\uqbar.wollok-lsp-ide-0.5.0\\out\\server\\src\\server.js:3:158086)\n    at c:\\Users\\Admin\\.vscode\\extensions\\uqbar.wollok-lsp-ide-0.5.0\\out\\server\\src\\server.js:37:57871\n    at Qr (c:\\Users\\Admin\\.vscode\\extensions\\uqbar.wollok-lsp-ide-0.5.0\\out\\server\\src\\server.js:8:1561)","timestamp":"2025-04-28T13:39:54.010Z"}
{"level":"error","message":"✘ Failed to rebuild document Failed to parse testExample.wtest: \n-- PARSING FAILED --------------------------------------------------\n\n  2 | \n  3 | describe \"group of tests for pepit\n> 4 |   test \"pepita has initial energy\" {\n    |         ^\n  5 |     assert.equals(100, pepita.energy())\n  6 |   }\n\nExpected one of the following: \n\n'{', whitespace\n","stack":"Error: Failed to parse testExample.wtest: \n-- PARSING FAILED --------------------------------------------------\n\n  2 | \n  3 | describe \"group of tests for pepit\n> 4 |   test \"pepita has initial energy\" {\n    |         ^\n  5 |     assert.equals(100, pepita.energy())\n  6 |   }\n\nExpected one of the following: \n\n'{', whitespace\n\n    at c:\\Users\\Admin\\.vscode\\extensions\\uqbar.wollok-lsp-ide-0.5.0\\out\\server\\src\\server.js:2326:13026\n    at Array.map (<anonymous>)\n    at P1n (c:\\Users\\Admin\\.vscode\\extensions\\uqbar.wollok-lsp-ide-0.5.0\\out\\server\\src\\server.js:2326:12950)\n    at U2.buildEnvironmentFrom (c:\\Users\\Admin\\.vscode\\extensions\\uqbar.wollok-lsp-ide-0.5.0\\out\\server\\src\\server.js:2371:5255)\n    at U2.updateEnvironmentWith (c:\\Users\\Admin\\.vscode\\extensions\\uqbar.wollok-lsp-ide-0.5.0\\out\\server\\src\\server.js:2371:4990)\n    at UF (c:\\Users\\Admin\\.vscode\\extensions\\uqbar.wollok-lsp-ide-0.5.0\\out\\server\\src\\server.js:2371:7147)\n    at F3.invoke (c:\\Users\\Admin\\.vscode\\extensions\\uqbar.wollok-lsp-ide-0.5.0\\out\\server\\src\\server.js:3:157316)\n    at o.fire (c:\\Users\\Admin\\.vscode\\extensions\\uqbar.wollok-lsp-ide-0.5.0\\out\\server\\src\\server.js:3:158086)\n    at c:\\Users\\Admin\\.vscode\\extensions\\uqbar.wollok-lsp-ide-0.5.0\\out\\server\\src\\server.js:37:57871\n    at Qr (c:\\Users\\Admin\\.vscode\\extensions\\uqbar.wollok-lsp-ide-0.5.0\\out\\server\\src\\server.js:8:1561)","timestamp":"2025-04-28T13:39:54.044Z"}
{"level":"error","message":"✘ Failed to rebuild document Failed to parse testExample.wtest: \n-- PARSING FAILED --------------------------------------------------\n\n  2 | \n  3 | describe \"group of tests for pepi\n> 4 |   test \"pepita has initial energy\" {\n    |         ^\n  5 |     assert.equals(100, pepita.energy())\n  6 |   }\n\nExpected one of the following: \n\n'{', whitespace\n","stack":"Error: Failed to parse testExample.wtest: \n-- PARSING FAILED --------------------------------------------------\n\n  2 | \n  3 | describe \"group of tests for pepi\n> 4 |   test \"pepita has initial energy\" {\n    |         ^\n  5 |     assert.equals(100, pepita.energy())\n  6 |   }\n\nExpected one of the following: \n\n'{', whitespace\n\n    at c:\\Users\\Admin\\.vscode\\extensions\\uqbar.wollok-lsp-ide-0.5.0\\out\\server\\src\\server.js:2326:13026\n    at Array.map (<anonymous>)\n    at P1n (c:\\Users\\Admin\\.vscode\\extensions\\uqbar.wollok-lsp-ide-0.5.0\\out\\server\\src\\server.js:2326:12950)\n    at U2.buildEnvironmentFrom (c:\\Users\\Admin\\.vscode\\extensions\\uqbar.wollok-lsp-ide-0.5.0\\out\\server\\src\\server.js:2371:5255)\n    at U2.updateEnvironmentWith (c:\\Users\\Admin\\.vscode\\extensions\\uqbar.wollok-lsp-ide-0.5.0\\out\\server\\src\\server.js:2371:4990)\n    at UF (c:\\Users\\Admin\\.vscode\\extensions\\uqbar.wollok-lsp-ide-0.5.0\\out\\server\\src\\server.js:2371:7147)\n    at F3.invoke (c:\\Users\\Admin\\.vscode\\extensions\\uqbar.wollok-lsp-ide-0.5.0\\out\\server\\src\\server.js:3:157316)\n    at o.fire (c:\\Users\\Admin\\.vscode\\extensions\\uqbar.wollok-lsp-ide-0.5.0\\out\\server\\src\\server.js:3:158086)\n    at c:\\Users\\Admin\\.vscode\\extensions\\uqbar.wollok-lsp-ide-0.5.0\\out\\server\\src\\server.js:37:57871\n    at Qr (c:\\Users\\Admin\\.vscode\\extensions\\uqbar.wollok-lsp-ide-0.5.0\\out\\server\\src\\server.js:8:1561)","timestamp":"2025-04-28T13:39:54.073Z"}
{"level":"error","message":"✘ Failed to rebuild document Failed to parse testExample.wtest: \n-- PARSING FAILED --------------------------------------------------\n\n  2 | \n  3 | describe \"group of tests for pep\n> 4 |   test \"pepita has initial energy\" {\n    |         ^\n  5 |     assert.equals(100, pepita.energy())\n  6 |   }\n\nExpected one of the following: \n\n'{', whitespace\n","stack":"Error: Failed to parse testExample.wtest: \n-- PARSING FAILED --------------------------------------------------\n\n  2 | \n  3 | describe \"group of tests for pep\n> 4 |   test \"pepita has initial energy\" {\n    |         ^\n  5 |     assert.equals(100, pepita.energy())\n  6 |   }\n\nExpected one of the following: \n\n'{', whitespace\n\n    at c:\\Users\\Admin\\.vscode\\extensions\\uqbar.wollok-lsp-ide-0.5.0\\out\\server\\src\\server.js:2326:13026\n    at Array.map (<anonymous>)\n    at P1n (c:\\Users\\Admin\\.vscode\\extensions\\uqbar.wollok-lsp-ide-0.5.0\\out\\server\\src\\server.js:2326:12950)\n    at U2.buildEnvironmentFrom (c:\\Users\\Admin\\.vscode\\extensions\\uqbar.wollok-lsp-ide-0.5.0\\out\\server\\src\\server.js:2371:5255)\n    at U2.updateEnvironmentWith (c:\\Users\\Admin\\.vscode\\extensions\\uqbar.wollok-lsp-ide-0.5.0\\out\\server\\src\\server.js:2371:4990)\n    at UF (c:\\Users\\Admin\\.vscode\\extensions\\uqbar.wollok-lsp-ide-0.5.0\\out\\server\\src\\server.js:2371:7147)\n    at F3.invoke (c:\\Users\\Admin\\.vscode\\extensions\\uqbar.wollok-lsp-ide-0.5.0\\out\\server\\src\\server.js:3:157316)\n    at o.fire (c:\\Users\\Admin\\.vscode\\extensions\\uqbar.wollok-lsp-ide-0.5.0\\out\\server\\src\\server.js:3:158086)\n    at c:\\Users\\Admin\\.vscode\\extensions\\uqbar.wollok-lsp-ide-0.5.0\\out\\server\\src\\server.js:37:57871\n    at Qr (c:\\Users\\Admin\\.vscode\\extensions\\uqbar.wollok-lsp-ide-0.5.0\\out\\server\\src\\server.js:8:1561)","timestamp":"2025-04-28T13:39:54.106Z"}
{"level":"error","message":"✘ Failed to rebuild document Failed to parse testExample.wtest: \n-- PARSING FAILED --------------------------------------------------\n\n  2 | \n  3 | describe \"group of tests for pe\n> 4 |   test \"pepita has initial energy\" {\n    |         ^\n  5 |     assert.equals(100, pepita.energy())\n  6 |   }\n\nExpected one of the following: \n\n'{', whitespace\n","stack":"Error: Failed to parse testExample.wtest: \n-- PARSING FAILED --------------------------------------------------\n\n  2 | \n  3 | describe \"group of tests for pe\n> 4 |   test \"pepita has initial energy\" {\n    |         ^\n  5 |     assert.equals(100, pepita.energy())\n  6 |   }\n\nExpected one of the following: \n\n'{', whitespace\n\n    at c:\\Users\\Admin\\.vscode\\extensions\\uqbar.wollok-lsp-ide-0.5.0\\out\\server\\src\\server.js:2326:13026\n    at Array.map (<anonymous>)\n    at P1n (c:\\Users\\Admin\\.vscode\\extensions\\uqbar.wollok-lsp-ide-0.5.0\\out\\server\\src\\server.js:2326:12950)\n    at U2.buildEnvironmentFrom (c:\\Users\\Admin\\.vscode\\extensions\\uqbar.wollok-lsp-ide-0.5.0\\out\\server\\src\\server.js:2371:5255)\n    at U2.updateEnvironmentWith (c:\\Users\\Admin\\.vscode\\extensions\\uqbar.wollok-lsp-ide-0.5.0\\out\\server\\src\\server.js:2371:4990)\n    at UF (c:\\Users\\Admin\\.vscode\\extensions\\uqbar.wollok-lsp-ide-0.5.0\\out\\server\\src\\server.js:2371:7147)\n    at F3.invoke (c:\\Users\\Admin\\.vscode\\extensions\\uqbar.wollok-lsp-ide-0.5.0\\out\\server\\src\\server.js:3:157316)\n    at o.fire (c:\\Users\\Admin\\.vscode\\extensions\\uqbar.wollok-lsp-ide-0.5.0\\out\\server\\src\\server.js:3:158086)\n    at c:\\Users\\Admin\\.vscode\\extensions\\uqbar.wollok-lsp-ide-0.5.0\\out\\server\\src\\server.js:37:57871\n    at Qr (c:\\Users\\Admin\\.vscode\\extensions\\uqbar.wollok-lsp-ide-0.5.0\\out\\server\\src\\server.js:8:1561)","timestamp":"2025-04-28T13:39:54.139Z"}
{"level":"error","message":"✘ Failed to rebuild document Failed to parse testExample.wtest: \n-- PARSING FAILED --------------------------------------------------\n\n  2 | \n  3 | describe \"group of tests for p\n> 4 |   test \"pepita has initial energy\" {\n    |         ^\n  5 |     assert.equals(100, pepita.energy())\n  6 |   }\n\nExpected one of the following: \n\n'{', whitespace\n","stack":"Error: Failed to parse testExample.wtest: \n-- PARSING FAILED --------------------------------------------------\n\n  2 | \n  3 | describe \"group of tests for p\n> 4 |   test \"pepita has initial energy\" {\n    |         ^\n  5 |     assert.equals(100, pepita.energy())\n  6 |   }\n\nExpected one of the following: \n\n'{', whitespace\n\n    at c:\\Users\\Admin\\.vscode\\extensions\\uqbar.wollok-lsp-ide-0.5.0\\out\\server\\src\\server.js:2326:13026\n    at Array.map (<anonymous>)\n    at P1n (c:\\Users\\Admin\\.vscode\\extensions\\uqbar.wollok-lsp-ide-0.5.0\\out\\server\\src\\server.js:2326:12950)\n    at U2.buildEnvironmentFrom (c:\\Users\\Admin\\.vscode\\extensions\\uqbar.wollok-lsp-ide-0.5.0\\out\\server\\src\\server.js:2371:5255)\n    at U2.updateEnvironmentWith (c:\\Users\\Admin\\.vscode\\extensions\\uqbar.wollok-lsp-ide-0.5.0\\out\\server\\src\\server.js:2371:4990)\n    at UF (c:\\Users\\Admin\\.vscode\\extensions\\uqbar.wollok-lsp-ide-0.5.0\\out\\server\\src\\server.js:2371:7147)\n    at F3.invoke (c:\\Users\\Admin\\.vscode\\extensions\\uqbar.wollok-lsp-ide-0.5.0\\out\\server\\src\\server.js:3:157316)\n    at o.fire (c:\\Users\\Admin\\.vscode\\extensions\\uqbar.wollok-lsp-ide-0.5.0\\out\\server\\src\\server.js:3:158086)\n    at c:\\Users\\Admin\\.vscode\\extensions\\uqbar.wollok-lsp-ide-0.5.0\\out\\server\\src\\server.js:37:57871\n    at Qr (c:\\Users\\Admin\\.vscode\\extensions\\uqbar.wollok-lsp-ide-0.5.0\\out\\server\\src\\server.js:8:1561)","timestamp":"2025-04-28T13:39:54.172Z"}
{"level":"error","message":"✘ Failed to rebuild document Failed to parse testExample.wtest: \n-- PARSING FAILED --------------------------------------------------\n\n  2 | \n  3 | describe \"group of tests for \n> 4 |   test \"pepita has initial energy\" {\n    |         ^\n  5 |     assert.equals(100, pepita.energy())\n  6 |   }\n\nExpected one of the following: \n\n'{', whitespace\n","stack":"Error: Failed to parse testExample.wtest: \n-- PARSING FAILED --------------------------------------------------\n\n  2 | \n  3 | describe \"group of tests for \n> 4 |   test \"pepita has initial energy\" {\n    |         ^\n  5 |     assert.equals(100, pepita.energy())\n  6 |   }\n\nExpected one of the following: \n\n'{', whitespace\n\n    at c:\\Users\\Admin\\.vscode\\extensions\\uqbar.wollok-lsp-ide-0.5.0\\out\\server\\src\\server.js:2326:13026\n    at Array.map (<anonymous>)\n    at P1n (c:\\Users\\Admin\\.vscode\\extensions\\uqbar.wollok-lsp-ide-0.5.0\\out\\server\\src\\server.js:2326:12950)\n    at U2.buildEnvironmentFrom (c:\\Users\\Admin\\.vscode\\extensions\\uqbar.wollok-lsp-ide-0.5.0\\out\\server\\src\\server.js:2371:5255)\n    at U2.updateEnvironmentWith (c:\\Users\\Admin\\.vscode\\extensions\\uqbar.wollok-lsp-ide-0.5.0\\out\\server\\src\\server.js:2371:4990)\n    at UF (c:\\Users\\Admin\\.vscode\\extensions\\uqbar.wollok-lsp-ide-0.5.0\\out\\server\\src\\server.js:2371:7147)\n    at F3.invoke (c:\\Users\\Admin\\.vscode\\extensions\\uqbar.wollok-lsp-ide-0.5.0\\out\\server\\src\\server.js:3:157316)\n    at o.fire (c:\\Users\\Admin\\.vscode\\extensions\\uqbar.wollok-lsp-ide-0.5.0\\out\\server\\src\\server.js:3:158086)\n    at c:\\Users\\Admin\\.vscode\\extensions\\uqbar.wollok-lsp-ide-0.5.0\\out\\server\\src\\server.js:37:57871\n    at Qr (c:\\Users\\Admin\\.vscode\\extensions\\uqbar.wollok-lsp-ide-0.5.0\\out\\server\\src\\server.js:8:1561)","timestamp":"2025-04-28T13:39:54.203Z"}
{"level":"error","message":"✘ Failed to rebuild document Failed to parse testExample.wtest: \n-- PARSING FAILED --------------------------------------------------\n\n  2 | \n  3 | describe \"group of tests for\n> 4 |   test \"pepita has initial energy\" {\n    |         ^\n  5 |     assert.equals(100, pepita.energy())\n  6 |   }\n\nExpected one of the following: \n\n'{', whitespace\n","stack":"Error: Failed to parse testExample.wtest: \n-- PARSING FAILED --------------------------------------------------\n\n  2 | \n  3 | describe \"group of tests for\n> 4 |   test \"pepita has initial energy\" {\n    |         ^\n  5 |     assert.equals(100, pepita.energy())\n  6 |   }\n\nExpected one of the following: \n\n'{', whitespace\n\n    at c:\\Users\\Admin\\.vscode\\extensions\\uqbar.wollok-lsp-ide-0.5.0\\out\\server\\src\\server.js:2326:13026\n    at Array.map (<anonymous>)\n    at P1n (c:\\Users\\Admin\\.vscode\\extensions\\uqbar.wollok-lsp-ide-0.5.0\\out\\server\\src\\server.js:2326:12950)\n    at U2.buildEnvironmentFrom (c:\\Users\\Admin\\.vscode\\extensions\\uqbar.wollok-lsp-ide-0.5.0\\out\\server\\src\\server.js:2371:5255)\n    at U2.updateEnvironmentWith (c:\\Users\\Admin\\.vscode\\extensions\\uqbar.wollok-lsp-ide-0.5.0\\out\\server\\src\\server.js:2371:4990)\n    at UF (c:\\Users\\Admin\\.vscode\\extensions\\uqbar.wollok-lsp-ide-0.5.0\\out\\server\\src\\server.js:2371:7147)\n    at F3.invoke (c:\\Users\\Admin\\.vscode\\extensions\\uqbar.wollok-lsp-ide-0.5.0\\out\\server\\src\\server.js:3:157316)\n    at o.fire (c:\\Users\\Admin\\.vscode\\extensions\\uqbar.wollok-lsp-ide-0.5.0\\out\\server\\src\\server.js:3:158086)\n    at c:\\Users\\Admin\\.vscode\\extensions\\uqbar.wollok-lsp-ide-0.5.0\\out\\server\\src\\server.js:37:57871\n    at Qr (c:\\Users\\Admin\\.vscode\\extensions\\uqbar.wollok-lsp-ide-0.5.0\\out\\server\\src\\server.js:8:1561)","timestamp":"2025-04-28T13:39:54.239Z"}
{"level":"error","message":"✘ Failed to rebuild document Failed to parse testExample.wtest: \n-- PARSING FAILED --------------------------------------------------\n\n  2 | \n  3 | describe \"group of tests fo\n> 4 |   test \"pepita has initial energy\" {\n    |         ^\n  5 |     assert.equals(100, pepita.energy())\n  6 |   }\n\nExpected one of the following: \n\n'{', whitespace\n","stack":"Error: Failed to parse testExample.wtest: \n-- PARSING FAILED --------------------------------------------------\n\n  2 | \n  3 | describe \"group of tests fo\n> 4 |   test \"pepita has initial energy\" {\n    |         ^\n  5 |     assert.equals(100, pepita.energy())\n  6 |   }\n\nExpected one of the following: \n\n'{', whitespace\n\n    at c:\\Users\\Admin\\.vscode\\extensions\\uqbar.wollok-lsp-ide-0.5.0\\out\\server\\src\\server.js:2326:13026\n    at Array.map (<anonymous>)\n    at P1n (c:\\Users\\Admin\\.vscode\\extensions\\uqbar.wollok-lsp-ide-0.5.0\\out\\server\\src\\server.js:2326:12950)\n    at U2.buildEnvironmentFrom (c:\\Users\\Admin\\.vscode\\extensions\\uqbar.wollok-lsp-ide-0.5.0\\out\\server\\src\\server.js:2371:5255)\n    at U2.updateEnvironmentWith (c:\\Users\\Admin\\.vscode\\extensions\\uqbar.wollok-lsp-ide-0.5.0\\out\\server\\src\\server.js:2371:4990)\n    at UF (c:\\Users\\Admin\\.vscode\\extensions\\uqbar.wollok-lsp-ide-0.5.0\\out\\server\\src\\server.js:2371:7147)\n    at F3.invoke (c:\\Users\\Admin\\.vscode\\extensions\\uqbar.wollok-lsp-ide-0.5.0\\out\\server\\src\\server.js:3:157316)\n    at o.fire (c:\\Users\\Admin\\.vscode\\extensions\\uqbar.wollok-lsp-ide-0.5.0\\out\\server\\src\\server.js:3:158086)\n    at c:\\Users\\Admin\\.vscode\\extensions\\uqbar.wollok-lsp-ide-0.5.0\\out\\server\\src\\server.js:37:57871\n    at Qr (c:\\Users\\Admin\\.vscode\\extensions\\uqbar.wollok-lsp-ide-0.5.0\\out\\server\\src\\server.js:8:1561)","timestamp":"2025-04-28T13:39:54.270Z"}
{"level":"error","message":"✘ Failed to rebuild document Failed to parse testExample.wtest: \n-- PARSING FAILED --------------------------------------------------\n\n  2 | \n  3 | describe \"group of tests f\n> 4 |   test \"pepita has initial energy\" {\n    |         ^\n  5 |     assert.equals(100, pepita.energy())\n  6 |   }\n\nExpected one of the following: \n\n'{', whitespace\n","stack":"Error: Failed to parse testExample.wtest: \n-- PARSING FAILED --------------------------------------------------\n\n  2 | \n  3 | describe \"group of tests f\n> 4 |   test \"pepita has initial energy\" {\n    |         ^\n  5 |     assert.equals(100, pepita.energy())\n  6 |   }\n\nExpected one of the following: \n\n'{', whitespace\n\n    at c:\\Users\\Admin\\.vscode\\extensions\\uqbar.wollok-lsp-ide-0.5.0\\out\\server\\src\\server.js:2326:13026\n    at Array.map (<anonymous>)\n    at P1n (c:\\Users\\Admin\\.vscode\\extensions\\uqbar.wollok-lsp-ide-0.5.0\\out\\server\\src\\server.js:2326:12950)\n    at U2.buildEnvironmentFrom (c:\\Users\\Admin\\.vscode\\extensions\\uqbar.wollok-lsp-ide-0.5.0\\out\\server\\src\\server.js:2371:5255)\n    at U2.updateEnvironmentWith (c:\\Users\\Admin\\.vscode\\extensions\\uqbar.wollok-lsp-ide-0.5.0\\out\\server\\src\\server.js:2371:4990)\n    at UF (c:\\Users\\Admin\\.vscode\\extensions\\uqbar.wollok-lsp-ide-0.5.0\\out\\server\\src\\server.js:2371:7147)\n    at F3.invoke (c:\\Users\\Admin\\.vscode\\extensions\\uqbar.wollok-lsp-ide-0.5.0\\out\\server\\src\\server.js:3:157316)\n    at o.fire (c:\\Users\\Admin\\.vscode\\extensions\\uqbar.wollok-lsp-ide-0.5.0\\out\\server\\src\\server.js:3:158086)\n    at c:\\Users\\Admin\\.vscode\\extensions\\uqbar.wollok-lsp-ide-0.5.0\\out\\server\\src\\server.js:37:57871\n    at Qr (c:\\Users\\Admin\\.vscode\\extensions\\uqbar.wollok-lsp-ide-0.5.0\\out\\server\\src\\server.js:8:1561)","timestamp":"2025-04-28T13:39:54.301Z"}
{"level":"error","message":"✘ Failed to rebuild document Failed to parse testExample.wtest: \n-- PARSING FAILED --------------------------------------------------\n\n  2 | \n  3 | describe \"group of tests \n> 4 |   test \"pepita has initial energy\" {\n    |         ^\n  5 |     assert.equals(100, pepita.energy())\n  6 |   }\n\nExpected one of the following: \n\n'{', whitespace\n","stack":"Error: Failed to parse testExample.wtest: \n-- PARSING FAILED --------------------------------------------------\n\n  2 | \n  3 | describe \"group of tests \n> 4 |   test \"pepita has initial energy\" {\n    |         ^\n  5 |     assert.equals(100, pepita.energy())\n  6 |   }\n\nExpected one of the following: \n\n'{', whitespace\n\n    at c:\\Users\\Admin\\.vscode\\extensions\\uqbar.wollok-lsp-ide-0.5.0\\out\\server\\src\\server.js:2326:13026\n    at Array.map (<anonymous>)\n    at P1n (c:\\Users\\Admin\\.vscode\\extensions\\uqbar.wollok-lsp-ide-0.5.0\\out\\server\\src\\server.js:2326:12950)\n    at U2.buildEnvironmentFrom (c:\\Users\\Admin\\.vscode\\extensions\\uqbar.wollok-lsp-ide-0.5.0\\out\\server\\src\\server.js:2371:5255)\n    at U2.updateEnvironmentWith (c:\\Users\\Admin\\.vscode\\extensions\\uqbar.wollok-lsp-ide-0.5.0\\out\\server\\src\\server.js:2371:4990)\n    at UF (c:\\Users\\Admin\\.vscode\\extensions\\uqbar.wollok-lsp-ide-0.5.0\\out\\server\\src\\server.js:2371:7147)\n    at F3.invoke (c:\\Users\\Admin\\.vscode\\extensions\\uqbar.wollok-lsp-ide-0.5.0\\out\\server\\src\\server.js:3:157316)\n    at o.fire (c:\\Users\\Admin\\.vscode\\extensions\\uqbar.wollok-lsp-ide-0.5.0\\out\\server\\src\\server.js:3:158086)\n    at c:\\Users\\Admin\\.vscode\\extensions\\uqbar.wollok-lsp-ide-0.5.0\\out\\server\\src\\server.js:37:57871\n    at Qr (c:\\Users\\Admin\\.vscode\\extensions\\uqbar.wollok-lsp-ide-0.5.0\\out\\server\\src\\server.js:8:1561)","timestamp":"2025-04-28T13:39:54.333Z"}
{"level":"error","message":"✘ Failed to rebuild document Failed to parse testExample.wtest: \n-- PARSING FAILED --------------------------------------------------\n\n  2 | \n  3 | describe \"group of tests\n> 4 |   test \"pepita has initial energy\" {\n    |         ^\n  5 |     assert.equals(100, pepita.energy())\n  6 |   }\n\nExpected one of the following: \n\n'{', whitespace\n","stack":"Error: Failed to parse testExample.wtest: \n-- PARSING FAILED --------------------------------------------------\n\n  2 | \n  3 | describe \"group of tests\n> 4 |   test \"pepita has initial energy\" {\n    |         ^\n  5 |     assert.equals(100, pepita.energy())\n  6 |   }\n\nExpected one of the following: \n\n'{', whitespace\n\n    at c:\\Users\\Admin\\.vscode\\extensions\\uqbar.wollok-lsp-ide-0.5.0\\out\\server\\src\\server.js:2326:13026\n    at Array.map (<anonymous>)\n    at P1n (c:\\Users\\Admin\\.vscode\\extensions\\uqbar.wollok-lsp-ide-0.5.0\\out\\server\\src\\server.js:2326:12950)\n    at U2.buildEnvironmentFrom (c:\\Users\\Admin\\.vscode\\extensions\\uqbar.wollok-lsp-ide-0.5.0\\out\\server\\src\\server.js:2371:5255)\n    at U2.updateEnvironmentWith (c:\\Users\\Admin\\.vscode\\extensions\\uqbar.wollok-lsp-ide-0.5.0\\out\\server\\src\\server.js:2371:4990)\n    at UF (c:\\Users\\Admin\\.vscode\\extensions\\uqbar.wollok-lsp-ide-0.5.0\\out\\server\\src\\server.js:2371:7147)\n    at F3.invoke (c:\\Users\\Admin\\.vscode\\extensions\\uqbar.wollok-lsp-ide-0.5.0\\out\\server\\src\\server.js:3:157316)\n    at o.fire (c:\\Users\\Admin\\.vscode\\extensions\\uqbar.wollok-lsp-ide-0.5.0\\out\\server\\src\\server.js:3:158086)\n    at c:\\Users\\Admin\\.vscode\\extensions\\uqbar.wollok-lsp-ide-0.5.0\\out\\server\\src\\server.js:37:57871\n    at Qr (c:\\Users\\Admin\\.vscode\\extensions\\uqbar.wollok-lsp-ide-0.5.0\\out\\server\\src\\server.js:8:1561)","timestamp":"2025-04-28T13:39:54.367Z"}
{"level":"error","message":"✘ Failed to rebuild document Failed to parse testExample.wtest: \n-- PARSING FAILED --------------------------------------------------\n\n  2 | \n  3 | describe \"group of test\n> 4 |   test \"pepita has initial energy\" {\n    |         ^\n  5 |     assert.equals(100, pepita.energy())\n  6 |   }\n\nExpected one of the following: \n\n'{', whitespace\n","stack":"Error: Failed to parse testExample.wtest: \n-- PARSING FAILED --------------------------------------------------\n\n  2 | \n  3 | describe \"group of test\n> 4 |   test \"pepita has initial energy\" {\n    |         ^\n  5 |     assert.equals(100, pepita.energy())\n  6 |   }\n\nExpected one of the following: \n\n'{', whitespace\n\n    at c:\\Users\\Admin\\.vscode\\extensions\\uqbar.wollok-lsp-ide-0.5.0\\out\\server\\src\\server.js:2326:13026\n    at Array.map (<anonymous>)\n    at P1n (c:\\Users\\Admin\\.vscode\\extensions\\uqbar.wollok-lsp-ide-0.5.0\\out\\server\\src\\server.js:2326:12950)\n    at U2.buildEnvironmentFrom (c:\\Users\\Admin\\.vscode\\extensions\\uqbar.wollok-lsp-ide-0.5.0\\out\\server\\src\\server.js:2371:5255)\n    at U2.updateEnvironmentWith (c:\\Users\\Admin\\.vscode\\extensions\\uqbar.wollok-lsp-ide-0.5.0\\out\\server\\src\\server.js:2371:4990)\n    at UF (c:\\Users\\Admin\\.vscode\\extensions\\uqbar.wollok-lsp-ide-0.5.0\\out\\server\\src\\server.js:2371:7147)\n    at F3.invoke (c:\\Users\\Admin\\.vscode\\extensions\\uqbar.wollok-lsp-ide-0.5.0\\out\\server\\src\\server.js:3:157316)\n    at o.fire (c:\\Users\\Admin\\.vscode\\extensions\\uqbar.wollok-lsp-ide-0.5.0\\out\\server\\src\\server.js:3:158086)\n    at c:\\Users\\Admin\\.vscode\\extensions\\uqbar.wollok-lsp-ide-0.5.0\\out\\server\\src\\server.js:37:57871\n    at Qr (c:\\Users\\Admin\\.vscode\\extensions\\uqbar.wollok-lsp-ide-0.5.0\\out\\server\\src\\server.js:8:1561)","timestamp":"2025-04-28T13:39:54.399Z"}
{"level":"error","message":"✘ Failed to rebuild document Failed to parse testExample.wtest: \n-- PARSING FAILED --------------------------------------------------\n\n  2 | \n  3 | describe \"group of tes\n> 4 |   test \"pepita has initial energy\" {\n    |         ^\n  5 |     assert.equals(100, pepita.energy())\n  6 |   }\n\nExpected one of the following: \n\n'{', whitespace\n","stack":"Error: Failed to parse testExample.wtest: \n-- PARSING FAILED --------------------------------------------------\n\n  2 | \n  3 | describe \"group of tes\n> 4 |   test \"pepita has initial energy\" {\n    |         ^\n  5 |     assert.equals(100, pepita.energy())\n  6 |   }\n\nExpected one of the following: \n\n'{', whitespace\n\n    at c:\\Users\\Admin\\.vscode\\extensions\\uqbar.wollok-lsp-ide-0.5.0\\out\\server\\src\\server.js:2326:13026\n    at Array.map (<anonymous>)\n    at P1n (c:\\Users\\Admin\\.vscode\\extensions\\uqbar.wollok-lsp-ide-0.5.0\\out\\server\\src\\server.js:2326:12950)\n    at U2.buildEnvironmentFrom (c:\\Users\\Admin\\.vscode\\extensions\\uqbar.wollok-lsp-ide-0.5.0\\out\\server\\src\\server.js:2371:5255)\n    at U2.updateEnvironmentWith (c:\\Users\\Admin\\.vscode\\extensions\\uqbar.wollok-lsp-ide-0.5.0\\out\\server\\src\\server.js:2371:4990)\n    at UF (c:\\Users\\Admin\\.vscode\\extensions\\uqbar.wollok-lsp-ide-0.5.0\\out\\server\\src\\server.js:2371:7147)\n    at F3.invoke (c:\\Users\\Admin\\.vscode\\extensions\\uqbar.wollok-lsp-ide-0.5.0\\out\\server\\src\\server.js:3:157316)\n    at o.fire (c:\\Users\\Admin\\.vscode\\extensions\\uqbar.wollok-lsp-ide-0.5.0\\out\\server\\src\\server.js:3:158086)\n    at c:\\Users\\Admin\\.vscode\\extensions\\uqbar.wollok-lsp-ide-0.5.0\\out\\server\\src\\server.js:37:57871\n    at Qr (c:\\Users\\Admin\\.vscode\\extensions\\uqbar.wollok-lsp-ide-0.5.0\\out\\server\\src\\server.js:8:1561)","timestamp":"2025-04-28T13:39:54.431Z"}
{"level":"error","message":"✘ Failed to rebuild document Failed to parse testExample.wtest: \n-- PARSING FAILED --------------------------------------------------\n\n  2 | \n  3 | describe \"group of te\n> 4 |   test \"pepita has initial energy\" {\n    |         ^\n  5 |     assert.equals(100, pepita.energy())\n  6 |   }\n\nExpected one of the following: \n\n'{', whitespace\n","stack":"Error: Failed to parse testExample.wtest: \n-- PARSING FAILED --------------------------------------------------\n\n  2 | \n  3 | describe \"group of te\n> 4 |   test \"pepita has initial energy\" {\n    |         ^\n  5 |     assert.equals(100, pepita.energy())\n  6 |   }\n\nExpected one of the following: \n\n'{', whitespace\n\n    at c:\\Users\\Admin\\.vscode\\extensions\\uqbar.wollok-lsp-ide-0.5.0\\out\\server\\src\\server.js:2326:13026\n    at Array.map (<anonymous>)\n    at P1n (c:\\Users\\Admin\\.vscode\\extensions\\uqbar.wollok-lsp-ide-0.5.0\\out\\server\\src\\server.js:2326:12950)\n    at U2.buildEnvironmentFrom (c:\\Users\\Admin\\.vscode\\extensions\\uqbar.wollok-lsp-ide-0.5.0\\out\\server\\src\\server.js:2371:5255)\n    at U2.updateEnvironmentWith (c:\\Users\\Admin\\.vscode\\extensions\\uqbar.wollok-lsp-ide-0.5.0\\out\\server\\src\\server.js:2371:4990)\n    at UF (c:\\Users\\Admin\\.vscode\\extensions\\uqbar.wollok-lsp-ide-0.5.0\\out\\server\\src\\server.js:2371:7147)\n    at F3.invoke (c:\\Users\\Admin\\.vscode\\extensions\\uqbar.wollok-lsp-ide-0.5.0\\out\\server\\src\\server.js:3:157316)\n    at o.fire (c:\\Users\\Admin\\.vscode\\extensions\\uqbar.wollok-lsp-ide-0.5.0\\out\\server\\src\\server.js:3:158086)\n    at c:\\Users\\Admin\\.vscode\\extensions\\uqbar.wollok-lsp-ide-0.5.0\\out\\server\\src\\server.js:37:57871\n    at Qr (c:\\Users\\Admin\\.vscode\\extensions\\uqbar.wollok-lsp-ide-0.5.0\\out\\server\\src\\server.js:8:1561)","timestamp":"2025-04-28T13:39:54.462Z"}
{"level":"error","message":"✘ Failed to rebuild document Failed to parse testExample.wtest: \n-- PARSING FAILED --------------------------------------------------\n\n  2 | \n  3 | describe \"group of t\n> 4 |   test \"pepita has initial energy\" {\n    |         ^\n  5 |     assert.equals(100, pepita.energy())\n  6 |   }\n\nExpected one of the following: \n\n'{', whitespace\n","stack":"Error: Failed to parse testExample.wtest: \n-- PARSING FAILED --------------------------------------------------\n\n  2 | \n  3 | describe \"group of t\n> 4 |   test \"pepita has initial energy\" {\n    |         ^\n  5 |     assert.equals(100, pepita.energy())\n  6 |   }\n\nExpected one of the following: \n\n'{', whitespace\n\n    at c:\\Users\\Admin\\.vscode\\extensions\\uqbar.wollok-lsp-ide-0.5.0\\out\\server\\src\\server.js:2326:13026\n    at Array.map (<anonymous>)\n    at P1n (c:\\Users\\Admin\\.vscode\\extensions\\uqbar.wollok-lsp-ide-0.5.0\\out\\server\\src\\server.js:2326:12950)\n    at U2.buildEnvironmentFrom (c:\\Users\\Admin\\.vscode\\extensions\\uqbar.wollok-lsp-ide-0.5.0\\out\\server\\src\\server.js:2371:5255)\n    at U2.updateEnvironmentWith (c:\\Users\\Admin\\.vscode\\extensions\\uqbar.wollok-lsp-ide-0.5.0\\out\\server\\src\\server.js:2371:4990)\n    at UF (c:\\Users\\Admin\\.vscode\\extensions\\uqbar.wollok-lsp-ide-0.5.0\\out\\server\\src\\server.js:2371:7147)\n    at F3.invoke (c:\\Users\\Admin\\.vscode\\extensions\\uqbar.wollok-lsp-ide-0.5.0\\out\\server\\src\\server.js:3:157316)\n    at o.fire (c:\\Users\\Admin\\.vscode\\extensions\\uqbar.wollok-lsp-ide-0.5.0\\out\\server\\src\\server.js:3:158086)\n    at c:\\Users\\Admin\\.vscode\\extensions\\uqbar.wollok-lsp-ide-0.5.0\\out\\server\\src\\server.js:37:57871\n    at Qr (c:\\Users\\Admin\\.vscode\\extensions\\uqbar.wollok-lsp-ide-0.5.0\\out\\server\\src\\server.js:8:1561)","timestamp":"2025-04-28T13:39:54.495Z"}
{"level":"error","message":"✘ Failed to rebuild document Failed to parse testExample.wtest: \n-- PARSING FAILED --------------------------------------------------\n\n  2 | \n  3 | describe \"group of \n> 4 |   test \"pepita has initial energy\" {\n    |         ^\n  5 |     assert.equals(100, pepita.energy())\n  6 |   }\n\nExpected one of the following: \n\n'{', whitespace\n","stack":"Error: Failed to parse testExample.wtest: \n-- PARSING FAILED --------------------------------------------------\n\n  2 | \n  3 | describe \"group of \n> 4 |   test \"pepita has initial energy\" {\n    |         ^\n  5 |     assert.equals(100, pepita.energy())\n  6 |   }\n\nExpected one of the following: \n\n'{', whitespace\n\n    at c:\\Users\\Admin\\.vscode\\extensions\\uqbar.wollok-lsp-ide-0.5.0\\out\\server\\src\\server.js:2326:13026\n    at Array.map (<anonymous>)\n    at P1n (c:\\Users\\Admin\\.vscode\\extensions\\uqbar.wollok-lsp-ide-0.5.0\\out\\server\\src\\server.js:2326:12950)\n    at U2.buildEnvironmentFrom (c:\\Users\\Admin\\.vscode\\extensions\\uqbar.wollok-lsp-ide-0.5.0\\out\\server\\src\\server.js:2371:5255)\n    at U2.updateEnvironmentWith (c:\\Users\\Admin\\.vscode\\extensions\\uqbar.wollok-lsp-ide-0.5.0\\out\\server\\src\\server.js:2371:4990)\n    at UF (c:\\Users\\Admin\\.vscode\\extensions\\uqbar.wollok-lsp-ide-0.5.0\\out\\server\\src\\server.js:2371:7147)\n    at F3.invoke (c:\\Users\\Admin\\.vscode\\extensions\\uqbar.wollok-lsp-ide-0.5.0\\out\\server\\src\\server.js:3:157316)\n    at o.fire (c:\\Users\\Admin\\.vscode\\extensions\\uqbar.wollok-lsp-ide-0.5.0\\out\\server\\src\\server.js:3:158086)\n    at c:\\Users\\Admin\\.vscode\\extensions\\uqbar.wollok-lsp-ide-0.5.0\\out\\server\\src\\server.js:37:57871\n    at Qr (c:\\Users\\Admin\\.vscode\\extensions\\uqbar.wollok-lsp-ide-0.5.0\\out\\server\\src\\server.js:8:1561)","timestamp":"2025-04-28T13:39:54.528Z"}
{"level":"error","message":"✘ Failed to rebuild document Failed to parse testExample.wtest: \n-- PARSING FAILED --------------------------------------------------\n\n  2 | \n  3 | describe \"group of\n> 4 |   test \"pepita has initial energy\" {\n    |         ^\n  5 |     assert.equals(100, pepita.energy())\n  6 |   }\n\nExpected one of the following: \n\n'{', whitespace\n","stack":"Error: Failed to parse testExample.wtest: \n-- PARSING FAILED --------------------------------------------------\n\n  2 | \n  3 | describe \"group of\n> 4 |   test \"pepita has initial energy\" {\n    |         ^\n  5 |     assert.equals(100, pepita.energy())\n  6 |   }\n\nExpected one of the following: \n\n'{', whitespace\n\n    at c:\\Users\\Admin\\.vscode\\extensions\\uqbar.wollok-lsp-ide-0.5.0\\out\\server\\src\\server.js:2326:13026\n    at Array.map (<anonymous>)\n    at P1n (c:\\Users\\Admin\\.vscode\\extensions\\uqbar.wollok-lsp-ide-0.5.0\\out\\server\\src\\server.js:2326:12950)\n    at U2.buildEnvironmentFrom (c:\\Users\\Admin\\.vscode\\extensions\\uqbar.wollok-lsp-ide-0.5.0\\out\\server\\src\\server.js:2371:5255)\n    at U2.updateEnvironmentWith (c:\\Users\\Admin\\.vscode\\extensions\\uqbar.wollok-lsp-ide-0.5.0\\out\\server\\src\\server.js:2371:4990)\n    at UF (c:\\Users\\Admin\\.vscode\\extensions\\uqbar.wollok-lsp-ide-0.5.0\\out\\server\\src\\server.js:2371:7147)\n    at F3.invoke (c:\\Users\\Admin\\.vscode\\extensions\\uqbar.wollok-lsp-ide-0.5.0\\out\\server\\src\\server.js:3:157316)\n    at o.fire (c:\\Users\\Admin\\.vscode\\extensions\\uqbar.wollok-lsp-ide-0.5.0\\out\\server\\src\\server.js:3:158086)\n    at c:\\Users\\Admin\\.vscode\\extensions\\uqbar.wollok-lsp-ide-0.5.0\\out\\server\\src\\server.js:37:57871\n    at Qr (c:\\Users\\Admin\\.vscode\\extensions\\uqbar.wollok-lsp-ide-0.5.0\\out\\server\\src\\server.js:8:1561)","timestamp":"2025-04-28T13:39:54.559Z"}
{"level":"error","message":"✘ Failed to rebuild document Failed to parse testExample.wtest: \n-- PARSING FAILED --------------------------------------------------\n\n  2 | \n  3 | describe \"group o\n> 4 |   test \"pepita has initial energy\" {\n    |         ^\n  5 |     assert.equals(100, pepita.energy())\n  6 |   }\n\nExpected one of the following: \n\n'{', whitespace\n","stack":"Error: Failed to parse testExample.wtest: \n-- PARSING FAILED --------------------------------------------------\n\n  2 | \n  3 | describe \"group o\n> 4 |   test \"pepita has initial energy\" {\n    |         ^\n  5 |     assert.equals(100, pepita.energy())\n  6 |   }\n\nExpected one of the following: \n\n'{', whitespace\n\n    at c:\\Users\\Admin\\.vscode\\extensions\\uqbar.wollok-lsp-ide-0.5.0\\out\\server\\src\\server.js:2326:13026\n    at Array.map (<anonymous>)\n    at P1n (c:\\Users\\Admin\\.vscode\\extensions\\uqbar.wollok-lsp-ide-0.5.0\\out\\server\\src\\server.js:2326:12950)\n    at U2.buildEnvironmentFrom (c:\\Users\\Admin\\.vscode\\extensions\\uqbar.wollok-lsp-ide-0.5.0\\out\\server\\src\\server.js:2371:5255)\n    at U2.updateEnvironmentWith (c:\\Users\\Admin\\.vscode\\extensions\\uqbar.wollok-lsp-ide-0.5.0\\out\\server\\src\\server.js:2371:4990)\n    at UF (c:\\Users\\Admin\\.vscode\\extensions\\uqbar.wollok-lsp-ide-0.5.0\\out\\server\\src\\server.js:2371:7147)\n    at F3.invoke (c:\\Users\\Admin\\.vscode\\extensions\\uqbar.wollok-lsp-ide-0.5.0\\out\\server\\src\\server.js:3:157316)\n    at o.fire (c:\\Users\\Admin\\.vscode\\extensions\\uqbar.wollok-lsp-ide-0.5.0\\out\\server\\src\\server.js:3:158086)\n    at c:\\Users\\Admin\\.vscode\\extensions\\uqbar.wollok-lsp-ide-0.5.0\\out\\server\\src\\server.js:37:57871\n    at Qr (c:\\Users\\Admin\\.vscode\\extensions\\uqbar.wollok-lsp-ide-0.5.0\\out\\server\\src\\server.js:8:1561)","timestamp":"2025-04-28T13:39:54.591Z"}
{"level":"error","message":"✘ Failed to rebuild document Failed to parse testExample.wtest: \n-- PARSING FAILED --------------------------------------------------\n\n  2 | \n  3 | describe \"group \n> 4 |   test \"pepita has initial energy\" {\n    |         ^\n  5 |     assert.equals(100, pepita.energy())\n  6 |   }\n\nExpected one of the following: \n\n'{', whitespace\n","stack":"Error: Failed to parse testExample.wtest: \n-- PARSING FAILED --------------------------------------------------\n\n  2 | \n  3 | describe \"group \n> 4 |   test \"pepita has initial energy\" {\n    |         ^\n  5 |     assert.equals(100, pepita.energy())\n  6 |   }\n\nExpected one of the following: \n\n'{', whitespace\n\n    at c:\\Users\\Admin\\.vscode\\extensions\\uqbar.wollok-lsp-ide-0.5.0\\out\\server\\src\\server.js:2326:13026\n    at Array.map (<anonymous>)\n    at P1n (c:\\Users\\Admin\\.vscode\\extensions\\uqbar.wollok-lsp-ide-0.5.0\\out\\server\\src\\server.js:2326:12950)\n    at U2.buildEnvironmentFrom (c:\\Users\\Admin\\.vscode\\extensions\\uqbar.wollok-lsp-ide-0.5.0\\out\\server\\src\\server.js:2371:5255)\n    at U2.updateEnvironmentWith (c:\\Users\\Admin\\.vscode\\extensions\\uqbar.wollok-lsp-ide-0.5.0\\out\\server\\src\\server.js:2371:4990)\n    at UF (c:\\Users\\Admin\\.vscode\\extensions\\uqbar.wollok-lsp-ide-0.5.0\\out\\server\\src\\server.js:2371:7147)\n    at F3.invoke (c:\\Users\\Admin\\.vscode\\extensions\\uqbar.wollok-lsp-ide-0.5.0\\out\\server\\src\\server.js:3:157316)\n    at o.fire (c:\\Users\\Admin\\.vscode\\extensions\\uqbar.wollok-lsp-ide-0.5.0\\out\\server\\src\\server.js:3:158086)\n    at c:\\Users\\Admin\\.vscode\\extensions\\uqbar.wollok-lsp-ide-0.5.0\\out\\server\\src\\server.js:37:57871\n    at Qr (c:\\Users\\Admin\\.vscode\\extensions\\uqbar.wollok-lsp-ide-0.5.0\\out\\server\\src\\server.js:8:1561)","timestamp":"2025-04-28T13:39:54.624Z"}
{"level":"error","message":"✘ Failed to rebuild document Failed to parse testExample.wtest: \n-- PARSING FAILED --------------------------------------------------\n\n  2 | \n  3 | describe \"group\n> 4 |   test \"pepita has initial energy\" {\n    |         ^\n  5 |     assert.equals(100, pepita.energy())\n  6 |   }\n\nExpected one of the following: \n\n'{', whitespace\n","stack":"Error: Failed to parse testExample.wtest: \n-- PARSING FAILED --------------------------------------------------\n\n  2 | \n  3 | describe \"group\n> 4 |   test \"pepita has initial energy\" {\n    |         ^\n  5 |     assert.equals(100, pepita.energy())\n  6 |   }\n\nExpected one of the following: \n\n'{', whitespace\n\n    at c:\\Users\\Admin\\.vscode\\extensions\\uqbar.wollok-lsp-ide-0.5.0\\out\\server\\src\\server.js:2326:13026\n    at Array.map (<anonymous>)\n    at P1n (c:\\Users\\Admin\\.vscode\\extensions\\uqbar.wollok-lsp-ide-0.5.0\\out\\server\\src\\server.js:2326:12950)\n    at U2.buildEnvironmentFrom (c:\\Users\\Admin\\.vscode\\extensions\\uqbar.wollok-lsp-ide-0.5.0\\out\\server\\src\\server.js:2371:5255)\n    at U2.updateEnvironmentWith (c:\\Users\\Admin\\.vscode\\extensions\\uqbar.wollok-lsp-ide-0.5.0\\out\\server\\src\\server.js:2371:4990)\n    at UF (c:\\Users\\Admin\\.vscode\\extensions\\uqbar.wollok-lsp-ide-0.5.0\\out\\server\\src\\server.js:2371:7147)\n    at F3.invoke (c:\\Users\\Admin\\.vscode\\extensions\\uqbar.wollok-lsp-ide-0.5.0\\out\\server\\src\\server.js:3:157316)\n    at o.fire (c:\\Users\\Admin\\.vscode\\extensions\\uqbar.wollok-lsp-ide-0.5.0\\out\\server\\src\\server.js:3:158086)\n    at c:\\Users\\Admin\\.vscode\\extensions\\uqbar.wollok-lsp-ide-0.5.0\\out\\server\\src\\server.js:37:57871\n    at Qr (c:\\Users\\Admin\\.vscode\\extensions\\uqbar.wollok-lsp-ide-0.5.0\\out\\server\\src\\server.js:8:1561)","timestamp":"2025-04-28T13:39:54.656Z"}
{"level":"error","message":"✘ Failed to rebuild document Failed to parse testExample.wtest: \n-- PARSING FAILED --------------------------------------------------\n\n  2 | \n  3 | describe \"grou\n> 4 |   test \"pepita has initial energy\" {\n    |         ^\n  5 |     assert.equals(100, pepita.energy())\n  6 |   }\n\nExpected one of the following: \n\n'{', whitespace\n","stack":"Error: Failed to parse testExample.wtest: \n-- PARSING FAILED --------------------------------------------------\n\n  2 | \n  3 | describe \"grou\n> 4 |   test \"pepita has initial energy\" {\n    |         ^\n  5 |     assert.equals(100, pepita.energy())\n  6 |   }\n\nExpected one of the following: \n\n'{', whitespace\n\n    at c:\\Users\\Admin\\.vscode\\extensions\\uqbar.wollok-lsp-ide-0.5.0\\out\\server\\src\\server.js:2326:13026\n    at Array.map (<anonymous>)\n    at P1n (c:\\Users\\Admin\\.vscode\\extensions\\uqbar.wollok-lsp-ide-0.5.0\\out\\server\\src\\server.js:2326:12950)\n    at U2.buildEnvironmentFrom (c:\\Users\\Admin\\.vscode\\extensions\\uqbar.wollok-lsp-ide-0.5.0\\out\\server\\src\\server.js:2371:5255)\n    at U2.updateEnvironmentWith (c:\\Users\\Admin\\.vscode\\extensions\\uqbar.wollok-lsp-ide-0.5.0\\out\\server\\src\\server.js:2371:4990)\n    at UF (c:\\Users\\Admin\\.vscode\\extensions\\uqbar.wollok-lsp-ide-0.5.0\\out\\server\\src\\server.js:2371:7147)\n    at F3.invoke (c:\\Users\\Admin\\.vscode\\extensions\\uqbar.wollok-lsp-ide-0.5.0\\out\\server\\src\\server.js:3:157316)\n    at o.fire (c:\\Users\\Admin\\.vscode\\extensions\\uqbar.wollok-lsp-ide-0.5.0\\out\\server\\src\\server.js:3:158086)\n    at c:\\Users\\Admin\\.vscode\\extensions\\uqbar.wollok-lsp-ide-0.5.0\\out\\server\\src\\server.js:37:57871\n    at Qr (c:\\Users\\Admin\\.vscode\\extensions\\uqbar.wollok-lsp-ide-0.5.0\\out\\server\\src\\server.js:8:1561)","timestamp":"2025-04-28T13:39:54.690Z"}
{"level":"error","message":"✘ Failed to rebuild document Failed to parse testExample.wtest: \n-- PARSING FAILED --------------------------------------------------\n\n  2 | \n  3 | describe \"gro\n> 4 |   test \"pepita has initial energy\" {\n    |         ^\n  5 |     assert.equals(100, pepita.energy())\n  6 |   }\n\nExpected one of the following: \n\n'{', whitespace\n","stack":"Error: Failed to parse testExample.wtest: \n-- PARSING FAILED --------------------------------------------------\n\n  2 | \n  3 | describe \"gro\n> 4 |   test \"pepita has initial energy\" {\n    |         ^\n  5 |     assert.equals(100, pepita.energy())\n  6 |   }\n\nExpected one of the following: \n\n'{', whitespace\n\n    at c:\\Users\\Admin\\.vscode\\extensions\\uqbar.wollok-lsp-ide-0.5.0\\out\\server\\src\\server.js:2326:13026\n    at Array.map (<anonymous>)\n    at P1n (c:\\Users\\Admin\\.vscode\\extensions\\uqbar.wollok-lsp-ide-0.5.0\\out\\server\\src\\server.js:2326:12950)\n    at U2.buildEnvironmentFrom (c:\\Users\\Admin\\.vscode\\extensions\\uqbar.wollok-lsp-ide-0.5.0\\out\\server\\src\\server.js:2371:5255)\n    at U2.updateEnvironmentWith (c:\\Users\\Admin\\.vscode\\extensions\\uqbar.wollok-lsp-ide-0.5.0\\out\\server\\src\\server.js:2371:4990)\n    at UF (c:\\Users\\Admin\\.vscode\\extensions\\uqbar.wollok-lsp-ide-0.5.0\\out\\server\\src\\server.js:2371:7147)\n    at F3.invoke (c:\\Users\\Admin\\.vscode\\extensions\\uqbar.wollok-lsp-ide-0.5.0\\out\\server\\src\\server.js:3:157316)\n    at o.fire (c:\\Users\\Admin\\.vscode\\extensions\\uqbar.wollok-lsp-ide-0.5.0\\out\\server\\src\\server.js:3:158086)\n    at c:\\Users\\Admin\\.vscode\\extensions\\uqbar.wollok-lsp-ide-0.5.0\\out\\server\\src\\server.js:37:57871\n    at Qr (c:\\Users\\Admin\\.vscode\\extensions\\uqbar.wollok-lsp-ide-0.5.0\\out\\server\\src\\server.js:8:1561)","timestamp":"2025-04-28T13:39:54.723Z"}
{"level":"error","message":"✘ Failed to rebuild document Failed to parse testExample.wtest: \n-- PARSING FAILED --------------------------------------------------\n\n  2 | \n  3 | describe \"gr\n> 4 |   test \"pepita has initial energy\" {\n    |         ^\n  5 |     assert.equals(100, pepita.energy())\n  6 |   }\n\nExpected one of the following: \n\n'{', whitespace\n","stack":"Error: Failed to parse testExample.wtest: \n-- PARSING FAILED --------------------------------------------------\n\n  2 | \n  3 | describe \"gr\n> 4 |   test \"pepita has initial energy\" {\n    |         ^\n  5 |     assert.equals(100, pepita.energy())\n  6 |   }\n\nExpected one of the following: \n\n'{', whitespace\n\n    at c:\\Users\\Admin\\.vscode\\extensions\\uqbar.wollok-lsp-ide-0.5.0\\out\\server\\src\\server.js:2326:13026\n    at Array.map (<anonymous>)\n    at P1n (c:\\Users\\Admin\\.vscode\\extensions\\uqbar.wollok-lsp-ide-0.5.0\\out\\server\\src\\server.js:2326:12950)\n    at U2.buildEnvironmentFrom (c:\\Users\\Admin\\.vscode\\extensions\\uqbar.wollok-lsp-ide-0.5.0\\out\\server\\src\\server.js:2371:5255)\n    at U2.updateEnvironmentWith (c:\\Users\\Admin\\.vscode\\extensions\\uqbar.wollok-lsp-ide-0.5.0\\out\\server\\src\\server.js:2371:4990)\n    at UF (c:\\Users\\Admin\\.vscode\\extensions\\uqbar.wollok-lsp-ide-0.5.0\\out\\server\\src\\server.js:2371:7147)\n    at F3.invoke (c:\\Users\\Admin\\.vscode\\extensions\\uqbar.wollok-lsp-ide-0.5.0\\out\\server\\src\\server.js:3:157316)\n    at o.fire (c:\\Users\\Admin\\.vscode\\extensions\\uqbar.wollok-lsp-ide-0.5.0\\out\\server\\src\\server.js:3:158086)\n    at c:\\Users\\Admin\\.vscode\\extensions\\uqbar.wollok-lsp-ide-0.5.0\\out\\server\\src\\server.js:37:57871\n    at Qr (c:\\Users\\Admin\\.vscode\\extensions\\uqbar.wollok-lsp-ide-0.5.0\\out\\server\\src\\server.js:8:1561)","timestamp":"2025-04-28T13:39:54.756Z"}
{"level":"error","message":"✘ Failed to rebuild document Failed to parse testExample.wtest: \n-- PARSING FAILED --------------------------------------------------\n\n  2 | \n  3 | describe \"g\n> 4 |   test \"pepita has initial energy\" {\n    |         ^\n  5 |     assert.equals(100, pepita.energy())\n  6 |   }\n\nExpected one of the following: \n\n'{', whitespace\n","stack":"Error: Failed to parse testExample.wtest: \n-- PARSING FAILED --------------------------------------------------\n\n  2 | \n  3 | describe \"g\n> 4 |   test \"pepita has initial energy\" {\n    |         ^\n  5 |     assert.equals(100, pepita.energy())\n  6 |   }\n\nExpected one of the following: \n\n'{', whitespace\n\n    at c:\\Users\\Admin\\.vscode\\extensions\\uqbar.wollok-lsp-ide-0.5.0\\out\\server\\src\\server.js:2326:13026\n    at Array.map (<anonymous>)\n    at P1n (c:\\Users\\Admin\\.vscode\\extensions\\uqbar.wollok-lsp-ide-0.5.0\\out\\server\\src\\server.js:2326:12950)\n    at U2.buildEnvironmentFrom (c:\\Users\\Admin\\.vscode\\extensions\\uqbar.wollok-lsp-ide-0.5.0\\out\\server\\src\\server.js:2371:5255)\n    at U2.updateEnvironmentWith (c:\\Users\\Admin\\.vscode\\extensions\\uqbar.wollok-lsp-ide-0.5.0\\out\\server\\src\\server.js:2371:4990)\n    at UF (c:\\Users\\Admin\\.vscode\\extensions\\uqbar.wollok-lsp-ide-0.5.0\\out\\server\\src\\server.js:2371:7147)\n    at F3.invoke (c:\\Users\\Admin\\.vscode\\extensions\\uqbar.wollok-lsp-ide-0.5.0\\out\\server\\src\\server.js:3:157316)\n    at o.fire (c:\\Users\\Admin\\.vscode\\extensions\\uqbar.wollok-lsp-ide-0.5.0\\out\\server\\src\\server.js:3:158086)\n    at c:\\Users\\Admin\\.vscode\\extensions\\uqbar.wollok-lsp-ide-0.5.0\\out\\server\\src\\server.js:37:57871\n    at Qr (c:\\Users\\Admin\\.vscode\\extensions\\uqbar.wollok-lsp-ide-0.5.0\\out\\server\\src\\server.js:8:1561)","timestamp":"2025-04-28T13:39:54.788Z"}
{"level":"error","message":"✘ Failed to rebuild document Failed to parse testExample.wtest: \n-- PARSING FAILED --------------------------------------------------\n\n  2 | \n  3 | describe \"\n> 4 |   test \"pepita has initial energy\" {\n    |         ^\n  5 |     assert.equals(100, pepita.energy())\n  6 |   }\n\nExpected one of the following: \n\n'{', whitespace\n","stack":"Error: Failed to parse testExample.wtest: \n-- PARSING FAILED --------------------------------------------------\n\n  2 | \n  3 | describe \"\n> 4 |   test \"pepita has initial energy\" {\n    |         ^\n  5 |     assert.equals(100, pepita.energy())\n  6 |   }\n\nExpected one of the following: \n\n'{', whitespace\n\n    at c:\\Users\\Admin\\.vscode\\extensions\\uqbar.wollok-lsp-ide-0.5.0\\out\\server\\src\\server.js:2326:13026\n    at Array.map (<anonymous>)\n    at P1n (c:\\Users\\Admin\\.vscode\\extensions\\uqbar.wollok-lsp-ide-0.5.0\\out\\server\\src\\server.js:2326:12950)\n    at U2.buildEnvironmentFrom (c:\\Users\\Admin\\.vscode\\extensions\\uqbar.wollok-lsp-ide-0.5.0\\out\\server\\src\\server.js:2371:5255)\n    at U2.updateEnvironmentWith (c:\\Users\\Admin\\.vscode\\extensions\\uqbar.wollok-lsp-ide-0.5.0\\out\\server\\src\\server.js:2371:4990)\n    at UF (c:\\Users\\Admin\\.vscode\\extensions\\uqbar.wollok-lsp-ide-0.5.0\\out\\server\\src\\server.js:2371:7147)\n    at F3.invoke (c:\\Users\\Admin\\.vscode\\extensions\\uqbar.wollok-lsp-ide-0.5.0\\out\\server\\src\\server.js:3:157316)\n    at o.fire (c:\\Users\\Admin\\.vscode\\extensions\\uqbar.wollok-lsp-ide-0.5.0\\out\\server\\src\\server.js:3:158086)\n    at c:\\Users\\Admin\\.vscode\\extensions\\uqbar.wollok-lsp-ide-0.5.0\\out\\server\\src\\server.js:37:57871\n    at Qr (c:\\Users\\Admin\\.vscode\\extensions\\uqbar.wollok-lsp-ide-0.5.0\\out\\server\\src\\server.js:8:1561)","timestamp":"2025-04-28T13:39:54.820Z"}
{"level":"error","message":"✘ Failed to rebuild document Failed to parse testExample.wtest: \n-- PARSING FAILED --------------------------------------------------\n\n  2 | \n  3 | describe \n> 4 |   test \"pepita has initial energy\" {\n    |   ^\n  5 |     assert.equals(100, pepita.energy())\n  6 |   }\n\nExpected one of the following: \n\nstring literal, whitespace\n","stack":"Error: Failed to parse testExample.wtest: \n-- PARSING FAILED --------------------------------------------------\n\n  2 | \n  3 | describe \n> 4 |   test \"pepita has initial energy\" {\n    |   ^\n  5 |     assert.equals(100, pepita.energy())\n  6 |   }\n\nExpected one of the following: \n\nstring literal, whitespace\n\n    at c:\\Users\\Admin\\.vscode\\extensions\\uqbar.wollok-lsp-ide-0.5.0\\out\\server\\src\\server.js:2326:13026\n    at Array.map (<anonymous>)\n    at P1n (c:\\Users\\Admin\\.vscode\\extensions\\uqbar.wollok-lsp-ide-0.5.0\\out\\server\\src\\server.js:2326:12950)\n    at U2.buildEnvironmentFrom (c:\\Users\\Admin\\.vscode\\extensions\\uqbar.wollok-lsp-ide-0.5.0\\out\\server\\src\\server.js:2371:5255)\n    at U2.updateEnvironmentWith (c:\\Users\\Admin\\.vscode\\extensions\\uqbar.wollok-lsp-ide-0.5.0\\out\\server\\src\\server.js:2371:4990)\n    at UF (c:\\Users\\Admin\\.vscode\\extensions\\uqbar.wollok-lsp-ide-0.5.0\\out\\server\\src\\server.js:2371:7147)\n    at F3.invoke (c:\\Users\\Admin\\.vscode\\extensions\\uqbar.wollok-lsp-ide-0.5.0\\out\\server\\src\\server.js:3:157316)\n    at o.fire (c:\\Users\\Admin\\.vscode\\extensions\\uqbar.wollok-lsp-ide-0.5.0\\out\\server\\src\\server.js:3:158086)\n    at c:\\Users\\Admin\\.vscode\\extensions\\uqbar.wollok-lsp-ide-0.5.0\\out\\server\\src\\server.js:37:57871\n    at Qr (c:\\Users\\Admin\\.vscode\\extensions\\uqbar.wollok-lsp-ide-0.5.0\\out\\server\\src\\server.js:8:1561)","timestamp":"2025-04-28T13:39:54.851Z"}
{"level":"error","message":"✘ Failed to rebuild document Failed to parse testExample.wtest: \n-- PARSING FAILED --------------------------------------------------\n\n  2 | \n  3 | describe\n> 4 |   test \"pepita has initial energy\" {\n    |   ^\n  5 |     assert.equals(100, pepita.energy())\n  6 |   }\n\nExpected one of the following: \n\nstring literal, whitespace\n","stack":"Error: Failed to parse testExample.wtest: \n-- PARSING FAILED --------------------------------------------------\n\n  2 | \n  3 | describe\n> 4 |   test \"pepita has initial energy\" {\n    |   ^\n  5 |     assert.equals(100, pepita.energy())\n  6 |   }\n\nExpected one of the following: \n\nstring literal, whitespace\n\n    at c:\\Users\\Admin\\.vscode\\extensions\\uqbar.wollok-lsp-ide-0.5.0\\out\\server\\src\\server.js:2326:13026\n    at Array.map (<anonymous>)\n    at P1n (c:\\Users\\Admin\\.vscode\\extensions\\uqbar.wollok-lsp-ide-0.5.0\\out\\server\\src\\server.js:2326:12950)\n    at U2.buildEnvironmentFrom (c:\\Users\\Admin\\.vscode\\extensions\\uqbar.wollok-lsp-ide-0.5.0\\out\\server\\src\\server.js:2371:5255)\n    at U2.updateEnvironmentWith (c:\\Users\\Admin\\.vscode\\extensions\\uqbar.wollok-lsp-ide-0.5.0\\out\\server\\src\\server.js:2371:4990)\n    at UF (c:\\Users\\Admin\\.vscode\\extensions\\uqbar.wollok-lsp-ide-0.5.0\\out\\server\\src\\server.js:2371:7147)\n    at F3.invoke (c:\\Users\\Admin\\.vscode\\extensions\\uqbar.wollok-lsp-ide-0.5.0\\out\\server\\src\\server.js:3:157316)\n    at o.fire (c:\\Users\\Admin\\.vscode\\extensions\\uqbar.wollok-lsp-ide-0.5.0\\out\\server\\src\\server.js:3:158086)\n    at c:\\Users\\Admin\\.vscode\\extensions\\uqbar.wollok-lsp-ide-0.5.0\\out\\server\\src\\server.js:37:57871\n    at Qr (c:\\Users\\Admin\\.vscode\\extensions\\uqbar.wollok-lsp-ide-0.5.0\\out\\server\\src\\server.js:8:1561)","timestamp":"2025-04-28T13:39:54.883Z"}
{"level":"info","message":"⌛ Building environment","timeElapsed":121,"timestamp":"2025-04-28T13:39:55.037Z"}
{"level":"info","message":"⌛ Building environment","timeElapsed":105,"timestamp":"2025-04-28T13:39:55.143Z"}
{"level":"info","message":"⌛ Building environment","timeElapsed":196,"timestamp":"2025-04-28T13:39:55.341Z"}
{"level":"info","message":"⌛ Building environment","timeElapsed":136,"timestamp":"2025-04-28T13:39:55.477Z"}
{"level":"info","message":"⌛ Validating testExample.wtest","timeElapsed":139,"timestamp":"2025-04-28T13:39:55.617Z"}
{"level":"info","message":"⌛ Validating testExample.wtest","timeElapsed":121,"timestamp":"2025-04-28T13:39:56.063Z"}
{"level":"info","message":"⌛ Validating testExample.wtest","timeElapsed":122,"timestamp":"2025-04-28T13:39:56.265Z"}
{"level":"info","message":"⌛ Validating testExample.wtest","timeElapsed":118,"timestamp":"2025-04-28T13:39:56.384Z"}
{"level":"info","message":"⌛ Validating testExample.wtest","timeElapsed":132,"timestamp":"2025-04-28T13:39:56.593Z"}
{"level":"info","message":"⌛ Validating testExample.wtest","timeElapsed":116,"timestamp":"2025-04-28T13:39:56.711Z"}
{"level":"info","message":"⌛ Validating testExample.wtest","timeElapsed":125,"timestamp":"2025-04-28T13:39:56.839Z"}
{"level":"info","message":"⌛ Validating testExample.wtest","timeElapsed":126,"timestamp":"2025-04-28T13:39:56.966Z"}
{"level":"info","message":"⌛ Validating testExample.wtest","timeElapsed":126,"timestamp":"2025-04-28T13:39:57.091Z"}
{"level":"info","message":"⌛ Validating testExample.wtest","timeElapsed":121,"timestamp":"2025-04-28T13:39:57.213Z"}
{"level":"info","message":"⌛ Validating testExample.wtest","timeElapsed":126,"timestamp":"2025-04-28T13:39:57.419Z"}
{"level":"info","message":"⌛ Building environment","timeElapsed":110,"timestamp":"2025-04-28T13:39:59.904Z"}
{"level":"info","message":"⌛ Validating testExample.wtest","timeElapsed":153,"timestamp":"2025-04-28T13:40:00.059Z"}
{"level":"info","message":"⌛ Validating testExample.wtest","timeElapsed":153,"timestamp":"2025-04-28T13:40:03.134Z"}
{"level":"info","message":"⌛ Validating testExample.wtest","timeElapsed":120,"timestamp":"2025-04-28T13:40:04.204Z"}
{"level":"info","message":"⌛ Building environment","timeElapsed":106,"timestamp":"2025-04-28T13:40:09.852Z"}
{"level":"info","message":"⌛ Validating testExample.wtest","timeElapsed":141,"timestamp":"2025-04-28T13:40:09.994Z"}
{"level":"info","message":"⌛ Validating testExample.wtest","timeElapsed":169,"timestamp":"2025-04-28T13:40:12.176Z"}
{"level":"info","message":"⌛ Building environment","timeElapsed":200,"timestamp":"2025-04-28T13:40:12.473Z"}
{"level":"info","message":"⌛ Validating testExample.wtest","timeElapsed":134,"timestamp":"2025-04-28T13:40:12.607Z"}
{"level":"info","message":"⌛ Validating testExample.wtest","timeElapsed":129,"timestamp":"2025-04-28T13:40:12.898Z"}
{"level":"info","message":"⌛ Validating testExample.wtest","timeElapsed":133,"timestamp":"2025-04-28T13:40:13.037Z"}
{"level":"info","message":"⌛ Validating testExample.wtest","timeElapsed":138,"timestamp":"2025-04-28T13:40:13.176Z"}
{"level":"info","message":"⌛ Validating testExample.wtest","timeElapsed":134,"timestamp":"2025-04-28T13:40:13.548Z"}
{"level":"info","message":"⌛ Validating testExample.wtest","timeElapsed":135,"timestamp":"2025-04-28T13:40:13.771Z"}
{"level":"info","message":"⌛ Validating testExample.wtest","timeElapsed":137,"timestamp":"2025-04-28T13:40:13.910Z"}
{"level":"info","message":"⌛ Building environment","timeElapsed":119,"timestamp":"2025-04-28T13:40:14.028Z"}
{"level":"info","message":"⌛ Validating testExample.wtest","timeElapsed":125,"timestamp":"2025-04-28T13:40:14.235Z"}
{"level":"info","message":"⌛ Validating testExample.wtest","timeElapsed":225,"timestamp":"2025-04-28T13:40:14.783Z"}
{"level":"info","message":"⌛ Validating testExample.wtest","timeElapsed":122,"timestamp":"2025-04-28T13:40:14.907Z"}
{"level":"info","message":"⌛ Validating testExample.wtest","timeElapsed":129,"timestamp":"2025-04-28T13:40:15.112Z"}
{"level":"info","message":"⌛ Building environment","timeElapsed":150,"timestamp":"2025-04-28T13:40:15.263Z"}
{"level":"info","message":"⌛ Validating testExample.wtest","timeElapsed":134,"timestamp":"2025-04-28T13:40:15.495Z"}
{"level":"info","message":"⌛ Validating testExample.wtest","timeElapsed":130,"timestamp":"2025-04-28T13:40:15.626Z"}
{"level":"info","message":"⌛ Validating testExample.wtest","timeElapsed":132,"timestamp":"2025-04-28T13:40:15.759Z"}
{"level":"info","message":"⌛ Validating testExample.wtest","timeElapsed":116,"timestamp":"2025-04-28T13:40:15.956Z"}
{"level":"info","message":"⌛ Validating testExample.wtest","timeElapsed":115,"timestamp":"2025-04-28T13:40:16.235Z"}
{"level":"info","message":"⌛ Validating testExample.wtest","timeElapsed":120,"timestamp":"2025-04-28T13:40:16.356Z"}
{"level":"info","message":"⌛ Validating testExample.wtest","timeElapsed":114,"timestamp":"2025-04-28T13:40:16.551Z"}
{"level":"info","message":"⌛ Validating testExample.wtest","timeElapsed":118,"timestamp":"2025-04-28T13:40:16.676Z"}
{"level":"info","message":"⌛ Validating testExample.wtest","timeElapsed":127,"timestamp":"2025-04-28T13:40:16.900Z"}
{"level":"info","message":"⌛ Validating testExample.wtest","timeElapsed":117,"timestamp":"2025-04-28T13:40:17.022Z"}
{"level":"info","message":"⌛ Validating testExample.wtest","timeElapsed":124,"timestamp":"2025-04-28T13:40:17.145Z"}
{"level":"info","message":"⌛ Validating testExample.wtest","timeElapsed":113,"timestamp":"2025-04-28T13:40:17.803Z"}
{"level":"info","message":"⌛ Validating testExample.wtest","timeElapsed":114,"timestamp":"2025-04-28T13:40:18.106Z"}
{"level":"info","message":"⌛ Validating testExample.wtest","timeElapsed":131,"timestamp":"2025-04-28T13:40:18.339Z"}
{"level":"info","message":"⌛ Building environment","timeElapsed":176,"timestamp":"2025-04-28T13:40:18.597Z"}
{"level":"info","message":"⌛ Validating testExample.wtest","timeElapsed":129,"timestamp":"2025-04-28T13:40:18.725Z"}
{"level":"info","message":"⌛ Validating testExample.wtest","timeElapsed":117,"timestamp":"2025-04-28T13:40:18.927Z"}
{"level":"info","message":"⌛ Validating testExample.wtest","timeElapsed":126,"timestamp":"2025-04-28T13:40:19.219Z"}
{"level":"info","message":"⌛ Validating testExample.wtest","timeElapsed":343,"timestamp":"2025-04-28T13:40:19.718Z"}
{"level":"info","message":"⌛ Validating testExample.wtest","timeElapsed":127,"timestamp":"2025-04-28T13:40:19.846Z"}
{"level":"info","message":"⌛ Validating testExample.wtest","timeElapsed":131,"timestamp":"2025-04-28T13:40:20.057Z"}
{"level":"info","message":"⌛ Building environment","timeElapsed":206,"timestamp":"2025-04-28T13:40:20.264Z"}
{"level":"info","message":"⌛ Validating testExample.wtest","timeElapsed":181,"timestamp":"2025-04-28T13:40:20.447Z"}
{"level":"info","message":"⌛ Building environment","timeElapsed":172,"timestamp":"2025-04-28T13:40:20.796Z"}
{"level":"info","message":"⌛ Validating testExample.wtest","timeElapsed":130,"timestamp":"2025-04-28T13:40:21.012Z"}
{"level":"info","message":"⌛ Validating testExample.wtest","timeElapsed":127,"timestamp":"2025-04-28T13:40:21.370Z"}
{"level":"info","message":"⌛ Validating testExample.wtest","timeElapsed":125,"timestamp":"2025-04-28T13:40:21.576Z"}
{"level":"info","message":"⌛ Validating testExample.wtest","timeElapsed":140,"timestamp":"2025-04-28T13:40:21.721Z"}
{"level":"info","message":"⌛ Validating testExample.wtest","timeElapsed":142,"timestamp":"2025-04-28T13:40:21.956Z"}
{"level":"info","message":"⌛ Validating testExample.wtest","timeElapsed":219,"timestamp":"2025-04-28T13:40:22.176Z"}
{"level":"info","message":"⌛ Building environment","timeElapsed":101,"timestamp":"2025-04-28T13:40:22.279Z"}
{"level":"info","message":"⌛ Validating testExample.wtest","timeElapsed":126,"timestamp":"2025-04-28T13:40:22.405Z"}
{"level":"info","message":"⌛ Validating testExample.wtest","timeElapsed":120,"timestamp":"2025-04-28T13:40:22.526Z"}
{"level":"info","message":"⌛ Validating testExample.wtest","timeElapsed":131,"timestamp":"2025-04-28T13:40:22.661Z"}
{"level":"info","message":"⌛ Building environment","timeElapsed":108,"timestamp":"2025-04-28T13:40:22.770Z"}
{"level":"info","message":"⌛ Validating testExample.wtest","timeElapsed":117,"timestamp":"2025-04-28T13:40:22.887Z"}
{"level":"info","message":"⌛ Validating testExample.wtest","timeElapsed":130,"timestamp":"2025-04-28T13:40:23.279Z"}
{"level":"info","message":"⌛ Validating testExample.wtest","timeElapsed":135,"timestamp":"2025-04-28T13:40:23.891Z"}
{"level":"info","message":"⌛ Building environment","timeElapsed":163,"timestamp":"2025-04-28T13:40:24.098Z"}
{"level":"info","message":"⌛ Validating testExample.wtest","timeElapsed":142,"timestamp":"2025-04-28T13:40:24.245Z"}
{"level":"info","message":"⌛ Building environment","timeElapsed":219,"timestamp":"2025-04-28T13:40:24.470Z"}
{"level":"info","message":"⌛ Validating testExample.wtest","timeElapsed":164,"timestamp":"2025-04-28T13:40:24.636Z"}
{"level":"info","message":"⌛ Validating testExample.wtest","timeElapsed":121,"timestamp":"2025-04-28T13:40:24.838Z"}
{"level":"info","message":"⌛ Validating testExample.wtest","timeElapsed":117,"timestamp":"2025-04-28T13:40:24.955Z"}
{"level":"info","message":"⌛ Validating testExample.wtest","timeElapsed":123,"timestamp":"2025-04-28T13:40:25.155Z"}
{"level":"info","message":"⌛ Validating testExample.wtest","timeElapsed":114,"timestamp":"2025-04-28T13:40:25.349Z"}
{"level":"info","message":"⌛ Validating testExample.wtest","timeElapsed":128,"timestamp":"2025-04-28T13:40:25.553Z"}
{"level":"info","message":"⌛ Validating testExample.wtest","timeElapsed":119,"timestamp":"2025-04-28T13:40:25.671Z"}
{"level":"info","message":"⌛ Validating testExample.wtest","timeElapsed":118,"timestamp":"2025-04-28T13:40:25.790Z"}
{"level":"info","message":"⌛ Validating testExample.wtest","timeElapsed":121,"timestamp":"2025-04-28T13:40:25.995Z"}
{"level":"info","message":"⌛ Validating testExample.wtest","timeElapsed":116,"timestamp":"2025-04-28T13:40:26.343Z"}
{"level":"info","message":"⌛ Building environment","timeElapsed":163,"timestamp":"2025-04-28T13:40:26.655Z"}
{"level":"info","message":"⌛ Validating testExample.wtest","timeElapsed":116,"timestamp":"2025-04-28T13:40:26.772Z"}
{"level":"info","message":"⌛ Validating testExample.wtest","timeElapsed":117,"timestamp":"2025-04-28T13:40:27.039Z"}
{"level":"info","message":"⌛ Validating testExample.wtest","timeElapsed":133,"timestamp":"2025-04-28T13:40:27.177Z"}
{"level":"info","message":"⌛ Validating testExample.wtest","timeElapsed":124,"timestamp":"2025-04-28T13:40:27.387Z"}
{"level":"info","message":"⌛ Validating testExample.wtest","timeElapsed":124,"timestamp":"2025-04-28T13:40:27.512Z"}
{"level":"info","message":"⌛ Validating testExample.wtest","timeElapsed":135,"timestamp":"2025-04-28T13:40:27.652Z"}
{"level":"info","message":"⌛ Validating testExample.wtest","timeElapsed":131,"timestamp":"2025-04-28T13:40:27.784Z"}
{"level":"info","message":"⌛ Validating testExample.wtest","timeElapsed":134,"timestamp":"2025-04-28T13:40:27.919Z"}
{"level":"info","message":"⌛ Validating testExample.wtest","timeElapsed":217,"timestamp":"2025-04-28T13:40:28.137Z"}
{"level":"info","message":"⌛ Validating testExample.wtest","timeElapsed":137,"timestamp":"2025-04-28T13:40:28.275Z"}
{"level":"info","message":"⌛ Validating testExample.wtest","timeElapsed":137,"timestamp":"2025-04-28T13:40:28.413Z"}
{"level":"info","message":"⌛ Validating testExample.wtest","timeElapsed":126,"timestamp":"2025-04-28T13:40:28.539Z"}
{"level":"info","message":"⌛ Validating testExample.wtest","timeElapsed":130,"timestamp":"2025-04-28T13:40:28.669Z"}
{"level":"info","message":"⌛ Validating testExample.wtest","timeElapsed":132,"timestamp":"2025-04-28T13:40:28.801Z"}
{"level":"info","message":"⌛ Validating testExample.wtest","timeElapsed":117,"timestamp":"2025-04-28T13:40:29.154Z"}
{"level":"info","message":"⌛ Validating testExample.wtest","timeElapsed":120,"timestamp":"2025-04-28T13:40:30.083Z"}
{"level":"info","message":"⌛ Validating testExample.wtest","timeElapsed":115,"timestamp":"2025-04-28T13:40:30.198Z"}
{"level":"info","message":"⌛ Validating testExample.wtest","timeElapsed":115,"timestamp":"2025-04-28T13:40:30.312Z"}
{"level":"info","message":"⌛ Validating testExample.wtest","timeElapsed":118,"timestamp":"2025-04-28T13:40:30.436Z"}
{"level":"info","message":"⌛ Validating testExample.wtest","timeElapsed":219,"timestamp":"2025-04-28T13:40:30.659Z"}
{"level":"info","message":"⌛ Validating testExample.wtest","timeElapsed":214,"timestamp":"2025-04-28T13:40:30.873Z"}
{"level":"info","message":"⌛ Validating testExample.wtest","timeElapsed":122,"timestamp":"2025-04-28T13:40:30.996Z"}
{"level":"info","message":"⌛ Validating testExample.wtest","timeElapsed":115,"timestamp":"2025-04-28T13:40:31.112Z"}
{"level":"info","message":"⌛ Building environment","timeElapsed":112,"timestamp":"2025-04-28T13:40:31.225Z"}
{"level":"info","message":"⌛ Validating testExample.wtest","timeElapsed":111,"timestamp":"2025-04-28T13:40:31.337Z"}
{"level":"info","message":"⌛ Validating testExample.wtest","timeElapsed":112,"timestamp":"2025-04-28T13:40:31.449Z"}
{"level":"info","message":"⌛ Validating testExample.wtest","timeElapsed":110,"timestamp":"2025-04-28T13:40:31.560Z"}
{"level":"info","message":"⌛ Validating testExample.wtest","timeElapsed":113,"timestamp":"2025-04-28T13:40:31.678Z"}
{"level":"info","message":"⌛ Validating testExample.wtest","timeElapsed":126,"timestamp":"2025-04-28T13:40:31.804Z"}
{"level":"info","message":"⌛ Validating testExample.wtest","timeElapsed":146,"timestamp":"2025-04-28T13:40:32.117Z"}
{"level":"info","message":"⌛ Validating testExample.wtest","timeElapsed":128,"timestamp":"2025-04-28T13:40:32.329Z"}
{"level":"info","message":"⌛ Validating testExample.wtest","timeElapsed":132,"timestamp":"2025-04-28T13:40:32.552Z"}
{"level":"info","message":"⌛ Validating testExample.wtest","timeElapsed":127,"timestamp":"2025-04-28T13:40:32.928Z"}
{"level":"info","message":"⌛ Building environment","timeElapsed":138,"timestamp":"2025-04-28T13:40:33.145Z"}
{"level":"info","message":"⌛ Validating testExample.wtest","timeElapsed":114,"timestamp":"2025-04-28T13:40:33.260Z"}
{"level":"info","message":"⌛ Validating testExample.wtest","timeElapsed":123,"timestamp":"2025-04-28T13:40:33.543Z"}
{"level":"info","message":"⌛ Validating testExample.wtest","timeElapsed":241,"timestamp":"2025-04-28T13:40:33.785Z"}
{"level":"info","message":"⌛ Validating testExample.wtest","timeElapsed":128,"timestamp":"2025-04-28T13:40:34.081Z"}
{"level":"info","message":"⌛ Validating testExample.wtest","timeElapsed":116,"timestamp":"2025-04-28T13:40:34.271Z"}
{"level":"info","message":"⌛ Validating testExample.wtest","timeElapsed":118,"timestamp":"2025-04-28T13:40:34.390Z"}
{"level":"info","message":"⌛ Validating testExample.wtest","timeElapsed":116,"timestamp":"2025-04-28T13:40:34.584Z"}
{"level":"info","message":"⌛ Validating testExample.wtest","timeElapsed":117,"timestamp":"2025-04-28T13:40:34.702Z"}
{"level":"info","message":"⌛ Validating testExample.wtest","timeElapsed":141,"timestamp":"2025-04-28T13:40:35.102Z"}
{"level":"info","message":"⌛ Validating testExample.wtest","timeElapsed":125,"timestamp":"2025-04-28T13:40:35.228Z"}
{"level":"info","message":"⌛ Validating testExample.wtest","timeElapsed":118,"timestamp":"2025-04-28T13:40:35.428Z"}
{"level":"info","message":"⌛ Validating testExample.wtest","timeElapsed":116,"timestamp":"2025-04-28T13:40:35.548Z"}
{"level":"info","message":"⌛ Validating testExample.wtest","timeElapsed":120,"timestamp":"2025-04-28T13:40:35.669Z"}
{"level":"info","message":"⌛ Validating testExample.wtest","timeElapsed":111,"timestamp":"2025-04-28T13:40:35.780Z"}
{"level":"info","message":"⌛ Validating testExample.wtest","timeElapsed":120,"timestamp":"2025-04-28T13:40:35.902Z"}
{"level":"info","message":"⌛ Validating testExample.wtest","timeElapsed":112,"timestamp":"2025-04-28T13:40:36.014Z"}
{"level":"info","message":"⌛ Validating testExample.wtest","timeElapsed":124,"timestamp":"2025-04-28T13:40:43.755Z"}
{"level":"info","message":"onRequest - completionItem/resolve","timestamp":"2025-04-28T13:40:43.755Z"}
{"level":"info","message":"⌛ Validating testExample.wtest","timeElapsed":121,"timestamp":"2025-04-28T13:40:44.029Z"}
{"level":"info","message":"⌛ Building environment","timeElapsed":157,"timestamp":"2025-04-28T13:41:23.176Z"}
{"level":"info","message":"⌛ Validating testExample.wtest","timeElapsed":135,"timestamp":"2025-04-28T13:41:23.313Z"}
{"level":"info","message":"⌛ Validating testExample.wtest","timeElapsed":155,"timestamp":"2025-04-28T13:41:23.649Z"}
{"level":"error","message":"✘ Failed to rebuild document Failed to parse testExample.wtest: \n-- PARSING FAILED --------------------------------------------------\n\n  2 | \n  3 | test \"Roberto puede llevar un paquete que esta pago en un camion de una tonelada\" \n> 4 | }\n    | ^\n\nExpected one of the following: \n\n'@', '{', comment, whitespace\n","stack":"Error: Failed to parse testExample.wtest: \n-- PARSING FAILED --------------------------------------------------\n\n  2 | \n  3 | test \"Roberto puede llevar un paquete que esta pago en un camion de una tonelada\" \n> 4 | }\n    | ^\n\nExpected one of the following: \n\n'@', '{', comment, whitespace\n\n    at c:\\Users\\Admin\\.vscode\\extensions\\uqbar.wollok-lsp-ide-0.5.0\\out\\server\\src\\server.js:2326:13026\n    at Array.map (<anonymous>)\n    at P1n (c:\\Users\\Admin\\.vscode\\extensions\\uqbar.wollok-lsp-ide-0.5.0\\out\\server\\src\\server.js:2326:12950)\n    at U2.buildEnvironmentFrom (c:\\Users\\Admin\\.vscode\\extensions\\uqbar.wollok-lsp-ide-0.5.0\\out\\server\\src\\server.js:2371:5255)\n    at U2.updateEnvironmentWith (c:\\Users\\Admin\\.vscode\\extensions\\uqbar.wollok-lsp-ide-0.5.0\\out\\server\\src\\server.js:2371:4990)\n    at UF (c:\\Users\\Admin\\.vscode\\extensions\\uqbar.wollok-lsp-ide-0.5.0\\out\\server\\src\\server.js:2371:7147)\n    at F3.invoke (c:\\Users\\Admin\\.vscode\\extensions\\uqbar.wollok-lsp-ide-0.5.0\\out\\server\\src\\server.js:3:157316)\n    at o.fire (c:\\Users\\Admin\\.vscode\\extensions\\uqbar.wollok-lsp-ide-0.5.0\\out\\server\\src\\server.js:3:158086)\n    at c:\\Users\\Admin\\.vscode\\extensions\\uqbar.wollok-lsp-ide-0.5.0\\out\\server\\src\\server.js:37:57871\n    at Qr (c:\\Users\\Admin\\.vscode\\extensions\\uqbar.wollok-lsp-ide-0.5.0\\out\\server\\src\\server.js:8:1561)","timestamp":"2025-04-28T13:41:24.051Z"}
{"level":"error","message":"✘ Failed to rebuild document Failed to parse testExample.wtest: \n-- PARSING FAILED --------------------------------------------------\n\n  2 | \n  3 | test \"Roberto puede llevar un paquete que esta pago en un camion de una tonelada\" {}\n> 4 | }\n    | ^\n\nExpected one of the following: \n\n'@', 'class', 'const', 'describe', 'mixin', 'object', 'only', 'package', 'program', 'test', 'var', '{', EOF, comment, not \"}\", whitespace\n","stack":"Error: Failed to parse testExample.wtest: \n-- PARSING FAILED --------------------------------------------------\n\n  2 | \n  3 | test \"Roberto puede llevar un paquete que esta pago en un camion de una tonelada\" {}\n> 4 | }\n    | ^\n\nExpected one of the following: \n\n'@', 'class', 'const', 'describe', 'mixin', 'object', 'only', 'package', 'program', 'test', 'var', '{', EOF, comment, not \"}\", whitespace\n\n    at c:\\Users\\Admin\\.vscode\\extensions\\uqbar.wollok-lsp-ide-0.5.0\\out\\server\\src\\server.js:2326:13026\n    at Array.map (<anonymous>)\n    at P1n (c:\\Users\\Admin\\.vscode\\extensions\\uqbar.wollok-lsp-ide-0.5.0\\out\\server\\src\\server.js:2326:12950)\n    at U2.buildEnvironmentFrom (c:\\Users\\Admin\\.vscode\\extensions\\uqbar.wollok-lsp-ide-0.5.0\\out\\server\\src\\server.js:2371:5255)\n    at U2.updateEnvironmentWith (c:\\Users\\Admin\\.vscode\\extensions\\uqbar.wollok-lsp-ide-0.5.0\\out\\server\\src\\server.js:2371:4990)\n    at UF (c:\\Users\\Admin\\.vscode\\extensions\\uqbar.wollok-lsp-ide-0.5.0\\out\\server\\src\\server.js:2371:7147)\n    at F3.invoke (c:\\Users\\Admin\\.vscode\\extensions\\uqbar.wollok-lsp-ide-0.5.0\\out\\server\\src\\server.js:3:157316)\n    at o.fire (c:\\Users\\Admin\\.vscode\\extensions\\uqbar.wollok-lsp-ide-0.5.0\\out\\server\\src\\server.js:3:158086)\n    at c:\\Users\\Admin\\.vscode\\extensions\\uqbar.wollok-lsp-ide-0.5.0\\out\\server\\src\\server.js:37:57871\n    at Qr (c:\\Users\\Admin\\.vscode\\extensions\\uqbar.wollok-lsp-ide-0.5.0\\out\\server\\src\\server.js:8:1561)","timestamp":"2025-04-28T13:41:25.141Z"}
{"level":"error","message":"✘ Failed to rebuild document Failed to parse testExample.wtest: \n-- PARSING FAILED --------------------------------------------------\n\n  4 |   \n  5 | }\n> 6 | }\n    | ^\n\nExpected one of the following: \n\n'@', 'class', 'const', 'describe', 'mixin', 'object', 'only', 'package', 'program', 'test', 'var', '{', EOF, comment, not \"}\", whitespace\n","stack":"Error: Failed to parse testExample.wtest: \n-- PARSING FAILED --------------------------------------------------\n\n  4 |   \n  5 | }\n> 6 | }\n    | ^\n\nExpected one of the following: \n\n'@', 'class', 'const', 'describe', 'mixin', 'object', 'only', 'package', 'program', 'test', 'var', '{', EOF, comment, not \"}\", whitespace\n\n    at c:\\Users\\Admin\\.vscode\\extensions\\uqbar.wollok-lsp-ide-0.5.0\\out\\server\\src\\server.js:2326:13026\n    at Array.map (<anonymous>)\n    at P1n (c:\\Users\\Admin\\.vscode\\extensions\\uqbar.wollok-lsp-ide-0.5.0\\out\\server\\src\\server.js:2326:12950)\n    at U2.buildEnvironmentFrom (c:\\Users\\Admin\\.vscode\\extensions\\uqbar.wollok-lsp-ide-0.5.0\\out\\server\\src\\server.js:2371:5255)\n    at U2.updateEnvironmentWith (c:\\Users\\Admin\\.vscode\\extensions\\uqbar.wollok-lsp-ide-0.5.0\\out\\server\\src\\server.js:2371:4990)\n    at UF (c:\\Users\\Admin\\.vscode\\extensions\\uqbar.wollok-lsp-ide-0.5.0\\out\\server\\src\\server.js:2371:7147)\n    at F3.invoke (c:\\Users\\Admin\\.vscode\\extensions\\uqbar.wollok-lsp-ide-0.5.0\\out\\server\\src\\server.js:3:157316)\n    at o.fire (c:\\Users\\Admin\\.vscode\\extensions\\uqbar.wollok-lsp-ide-0.5.0\\out\\server\\src\\server.js:3:158086)\n    at c:\\Users\\Admin\\.vscode\\extensions\\uqbar.wollok-lsp-ide-0.5.0\\out\\server\\src\\server.js:37:57871\n    at Qr (c:\\Users\\Admin\\.vscode\\extensions\\uqbar.wollok-lsp-ide-0.5.0\\out\\server\\src\\server.js:8:1561)","timestamp":"2025-04-28T13:41:26.257Z"}
{"level":"error","message":"✘ Failed to rebuild document Failed to parse testExample.wtest: \n-- PARSING FAILED --------------------------------------------------\n\n  4 |   c\n  5 | }\n> 6 | }\n    | ^\n\nExpected one of the following: \n\n'@', 'class', 'const', 'describe', 'mixin', 'object', 'only', 'package', 'program', 'test', 'var', '{', EOF, comment, not \"}\", whitespace\n","stack":"Error: Failed to parse testExample.wtest: \n-- PARSING FAILED --------------------------------------------------\n\n  4 |   c\n  5 | }\n> 6 | }\n    | ^\n\nExpected one of the following: \n\n'@', 'class', 'const', 'describe', 'mixin', 'object', 'only', 'package', 'program', 'test', 'var', '{', EOF, comment, not \"}\", whitespace\n\n    at c:\\Users\\Admin\\.vscode\\extensions\\uqbar.wollok-lsp-ide-0.5.0\\out\\server\\src\\server.js:2326:13026\n    at Array.map (<anonymous>)\n    at P1n (c:\\Users\\Admin\\.vscode\\extensions\\uqbar.wollok-lsp-ide-0.5.0\\out\\server\\src\\server.js:2326:12950)\n    at U2.buildEnvironmentFrom (c:\\Users\\Admin\\.vscode\\extensions\\uqbar.wollok-lsp-ide-0.5.0\\out\\server\\src\\server.js:2371:5255)\n    at U2.updateEnvironmentWith (c:\\Users\\Admin\\.vscode\\extensions\\uqbar.wollok-lsp-ide-0.5.0\\out\\server\\src\\server.js:2371:4990)\n    at UF (c:\\Users\\Admin\\.vscode\\extensions\\uqbar.wollok-lsp-ide-0.5.0\\out\\server\\src\\server.js:2371:7147)\n    at F3.invoke (c:\\Users\\Admin\\.vscode\\extensions\\uqbar.wollok-lsp-ide-0.5.0\\out\\server\\src\\server.js:3:157316)\n    at o.fire (c:\\Users\\Admin\\.vscode\\extensions\\uqbar.wollok-lsp-ide-0.5.0\\out\\server\\src\\server.js:3:158086)\n    at c:\\Users\\Admin\\.vscode\\extensions\\uqbar.wollok-lsp-ide-0.5.0\\out\\server\\src\\server.js:37:57871\n    at Qr (c:\\Users\\Admin\\.vscode\\extensions\\uqbar.wollok-lsp-ide-0.5.0\\out\\server\\src\\server.js:8:1561)","timestamp":"2025-04-28T13:41:43.225Z"}
{"level":"info","message":"onRequest - completionItem/resolve","timestamp":"2025-04-28T13:41:43.259Z"}
{"level":"error","message":"✘ Failed to rebuild document Failed to parse testExample.wtest: \n-- PARSING FAILED --------------------------------------------------\n\n  4 |   ca\n  5 | }\n> 6 | }\n    | ^\n\nExpected one of the following: \n\n'@', 'class', 'const', 'describe', 'mixin', 'object', 'only', 'package', 'program', 'test', 'var', '{', EOF, comment, not \"}\", whitespace\n","stack":"Error: Failed to parse testExample.wtest: \n-- PARSING FAILED --------------------------------------------------\n\n  4 |   ca\n  5 | }\n> 6 | }\n    | ^\n\nExpected one of the following: \n\n'@', 'class', 'const', 'describe', 'mixin', 'object', 'only', 'package', 'program', 'test', 'var', '{', EOF, comment, not \"}\", whitespace\n\n    at c:\\Users\\Admin\\.vscode\\extensions\\uqbar.wollok-lsp-ide-0.5.0\\out\\server\\src\\server.js:2326:13026\n    at Array.map (<anonymous>)\n    at P1n (c:\\Users\\Admin\\.vscode\\extensions\\uqbar.wollok-lsp-ide-0.5.0\\out\\server\\src\\server.js:2326:12950)\n    at U2.buildEnvironmentFrom (c:\\Users\\Admin\\.vscode\\extensions\\uqbar.wollok-lsp-ide-0.5.0\\out\\server\\src\\server.js:2371:5255)\n    at U2.updateEnvironmentWith (c:\\Users\\Admin\\.vscode\\extensions\\uqbar.wollok-lsp-ide-0.5.0\\out\\server\\src\\server.js:2371:4990)\n    at UF (c:\\Users\\Admin\\.vscode\\extensions\\uqbar.wollok-lsp-ide-0.5.0\\out\\server\\src\\server.js:2371:7147)\n    at F3.invoke (c:\\Users\\Admin\\.vscode\\extensions\\uqbar.wollok-lsp-ide-0.5.0\\out\\server\\src\\server.js:3:157316)\n    at o.fire (c:\\Users\\Admin\\.vscode\\extensions\\uqbar.wollok-lsp-ide-0.5.0\\out\\server\\src\\server.js:3:158086)\n    at c:\\Users\\Admin\\.vscode\\extensions\\uqbar.wollok-lsp-ide-0.5.0\\out\\server\\src\\server.js:37:57871\n    at Qr (c:\\Users\\Admin\\.vscode\\extensions\\uqbar.wollok-lsp-ide-0.5.0\\out\\server\\src\\server.js:8:1561)","timestamp":"2025-04-28T13:41:43.384Z"}
{"level":"error","message":"✘ Failed to rebuild document Failed to parse testExample.wtest: \n-- PARSING FAILED --------------------------------------------------\n\n  4 |   c\n  5 | }\n> 6 | }\n    | ^\n\nExpected one of the following: \n\n'@', 'class', 'const', 'describe', 'mixin', 'object', 'only', 'package', 'program', 'test', 'var', '{', EOF, comment, not \"}\", whitespace\n","stack":"Error: Failed to parse testExample.wtest: \n-- PARSING FAILED --------------------------------------------------\n\n  4 |   c\n  5 | }\n> 6 | }\n    | ^\n\nExpected one of the following: \n\n'@', 'class', 'const', 'describe', 'mixin', 'object', 'only', 'package', 'program', 'test', 'var', '{', EOF, comment, not \"}\", whitespace\n\n    at c:\\Users\\Admin\\.vscode\\extensions\\uqbar.wollok-lsp-ide-0.5.0\\out\\server\\src\\server.js:2326:13026\n    at Array.map (<anonymous>)\n    at P1n (c:\\Users\\Admin\\.vscode\\extensions\\uqbar.wollok-lsp-ide-0.5.0\\out\\server\\src\\server.js:2326:12950)\n    at U2.buildEnvironmentFrom (c:\\Users\\Admin\\.vscode\\extensions\\uqbar.wollok-lsp-ide-0.5.0\\out\\server\\src\\server.js:2371:5255)\n    at U2.updateEnvironmentWith (c:\\Users\\Admin\\.vscode\\extensions\\uqbar.wollok-lsp-ide-0.5.0\\out\\server\\src\\server.js:2371:4990)\n    at UF (c:\\Users\\Admin\\.vscode\\extensions\\uqbar.wollok-lsp-ide-0.5.0\\out\\server\\src\\server.js:2371:7147)\n    at F3.invoke (c:\\Users\\Admin\\.vscode\\extensions\\uqbar.wollok-lsp-ide-0.5.0\\out\\server\\src\\server.js:3:157316)\n    at o.fire (c:\\Users\\Admin\\.vscode\\extensions\\uqbar.wollok-lsp-ide-0.5.0\\out\\server\\src\\server.js:3:158086)\n    at c:\\Users\\Admin\\.vscode\\extensions\\uqbar.wollok-lsp-ide-0.5.0\\out\\server\\src\\server.js:37:57871\n    at Qr (c:\\Users\\Admin\\.vscode\\extensions\\uqbar.wollok-lsp-ide-0.5.0\\out\\server\\src\\server.js:8:1561)","timestamp":"2025-04-28T13:41:44.273Z"}
{"level":"error","message":"✘ Failed to rebuild document Failed to parse testExample.wtest: \n-- PARSING FAILED --------------------------------------------------\n\n  4 |   \n  5 | }\n> 6 | }\n    | ^\n\nExpected one of the following: \n\n'@', 'class', 'const', 'describe', 'mixin', 'object', 'only', 'package', 'program', 'test', 'var', '{', EOF, comment, not \"}\", whitespace\n","stack":"Error: Failed to parse testExample.wtest: \n-- PARSING FAILED --------------------------------------------------\n\n  4 |   \n  5 | }\n> 6 | }\n    | ^\n\nExpected one of the following: \n\n'@', 'class', 'const', 'describe', 'mixin', 'object', 'only', 'package', 'program', 'test', 'var', '{', EOF, comment, not \"}\", whitespace\n\n    at c:\\Users\\Admin\\.vscode\\extensions\\uqbar.wollok-lsp-ide-0.5.0\\out\\server\\src\\server.js:2326:13026\n    at Array.map (<anonymous>)\n    at P1n (c:\\Users\\Admin\\.vscode\\extensions\\uqbar.wollok-lsp-ide-0.5.0\\out\\server\\src\\server.js:2326:12950)\n    at U2.buildEnvironmentFrom (c:\\Users\\Admin\\.vscode\\extensions\\uqbar.wollok-lsp-ide-0.5.0\\out\\server\\src\\server.js:2371:5255)\n    at U2.updateEnvironmentWith (c:\\Users\\Admin\\.vscode\\extensions\\uqbar.wollok-lsp-ide-0.5.0\\out\\server\\src\\server.js:2371:4990)\n    at UF (c:\\Users\\Admin\\.vscode\\extensions\\uqbar.wollok-lsp-ide-0.5.0\\out\\server\\src\\server.js:2371:7147)\n    at F3.invoke (c:\\Users\\Admin\\.vscode\\extensions\\uqbar.wollok-lsp-ide-0.5.0\\out\\server\\src\\server.js:3:157316)\n    at o.fire (c:\\Users\\Admin\\.vscode\\extensions\\uqbar.wollok-lsp-ide-0.5.0\\out\\server\\src\\server.js:3:158086)\n    at c:\\Users\\Admin\\.vscode\\extensions\\uqbar.wollok-lsp-ide-0.5.0\\out\\server\\src\\server.js:37:57871\n    at Qr (c:\\Users\\Admin\\.vscode\\extensions\\uqbar.wollok-lsp-ide-0.5.0\\out\\server\\src\\server.js:8:1561)","timestamp":"2025-04-28T13:41:44.465Z"}
{"level":"error","message":"✘ Failed to rebuild document Failed to parse testExample.wtest: \n-- PARSING FAILED --------------------------------------------------\n\n  4 |   r\n  5 | }\n> 6 | }\n    | ^\n\nExpected one of the following: \n\n'@', 'class', 'const', 'describe', 'mixin', 'object', 'only', 'package', 'program', 'test', 'var', '{', EOF, comment, not \"}\", whitespace\n","stack":"Error: Failed to parse testExample.wtest: \n-- PARSING FAILED --------------------------------------------------\n\n  4 |   r\n  5 | }\n> 6 | }\n    | ^\n\nExpected one of the following: \n\n'@', 'class', 'const', 'describe', 'mixin', 'object', 'only', 'package', 'program', 'test', 'var', '{', EOF, comment, not \"}\", whitespace\n\n    at c:\\Users\\Admin\\.vscode\\extensions\\uqbar.wollok-lsp-ide-0.5.0\\out\\server\\src\\server.js:2326:13026\n    at Array.map (<anonymous>)\n    at P1n (c:\\Users\\Admin\\.vscode\\extensions\\uqbar.wollok-lsp-ide-0.5.0\\out\\server\\src\\server.js:2326:12950)\n    at U2.buildEnvironmentFrom (c:\\Users\\Admin\\.vscode\\extensions\\uqbar.wollok-lsp-ide-0.5.0\\out\\server\\src\\server.js:2371:5255)\n    at U2.updateEnvironmentWith (c:\\Users\\Admin\\.vscode\\extensions\\uqbar.wollok-lsp-ide-0.5.0\\out\\server\\src\\server.js:2371:4990)\n    at UF (c:\\Users\\Admin\\.vscode\\extensions\\uqbar.wollok-lsp-ide-0.5.0\\out\\server\\src\\server.js:2371:7147)\n    at F3.invoke (c:\\Users\\Admin\\.vscode\\extensions\\uqbar.wollok-lsp-ide-0.5.0\\out\\server\\src\\server.js:3:157316)\n    at o.fire (c:\\Users\\Admin\\.vscode\\extensions\\uqbar.wollok-lsp-ide-0.5.0\\out\\server\\src\\server.js:3:158086)\n    at c:\\Users\\Admin\\.vscode\\extensions\\uqbar.wollok-lsp-ide-0.5.0\\out\\server\\src\\server.js:37:57871\n    at Qr (c:\\Users\\Admin\\.vscode\\extensions\\uqbar.wollok-lsp-ide-0.5.0\\out\\server\\src\\server.js:8:1561)","timestamp":"2025-04-28T13:41:44.704Z"}
{"level":"error","message":"✘ Failed to rebuild document Failed to parse testExample.wtest: \n-- PARSING FAILED --------------------------------------------------\n\n  4 |   \n  5 | }\n> 6 | }\n    | ^\n\nExpected one of the following: \n\n'@', 'class', 'const', 'describe', 'mixin', 'object', 'only', 'package', 'program', 'test', 'var', '{', EOF, comment, not \"}\", whitespace\n","stack":"Error: Failed to parse testExample.wtest: \n-- PARSING FAILED --------------------------------------------------\n\n  4 |   \n  5 | }\n> 6 | }\n    | ^\n\nExpected one of the following: \n\n'@', 'class', 'const', 'describe', 'mixin', 'object', 'only', 'package', 'program', 'test', 'var', '{', EOF, comment, not \"}\", whitespace\n\n    at c:\\Users\\Admin\\.vscode\\extensions\\uqbar.wollok-lsp-ide-0.5.0\\out\\server\\src\\server.js:2326:13026\n    at Array.map (<anonymous>)\n    at P1n (c:\\Users\\Admin\\.vscode\\extensions\\uqbar.wollok-lsp-ide-0.5.0\\out\\server\\src\\server.js:2326:12950)\n    at U2.buildEnvironmentFrom (c:\\Users\\Admin\\.vscode\\extensions\\uqbar.wollok-lsp-ide-0.5.0\\out\\server\\src\\server.js:2371:5255)\n    at U2.updateEnvironmentWith (c:\\Users\\Admin\\.vscode\\extensions\\uqbar.wollok-lsp-ide-0.5.0\\out\\server\\src\\server.js:2371:4990)\n    at UF (c:\\Users\\Admin\\.vscode\\extensions\\uqbar.wollok-lsp-ide-0.5.0\\out\\server\\src\\server.js:2371:7147)\n    at F3.invoke (c:\\Users\\Admin\\.vscode\\extensions\\uqbar.wollok-lsp-ide-0.5.0\\out\\server\\src\\server.js:3:157316)\n    at o.fire (c:\\Users\\Admin\\.vscode\\extensions\\uqbar.wollok-lsp-ide-0.5.0\\out\\server\\src\\server.js:3:158086)\n    at c:\\Users\\Admin\\.vscode\\extensions\\uqbar.wollok-lsp-ide-0.5.0\\out\\server\\src\\server.js:37:57871\n    at Qr (c:\\Users\\Admin\\.vscode\\extensions\\uqbar.wollok-lsp-ide-0.5.0\\out\\server\\src\\server.js:8:1561)","timestamp":"2025-04-28T13:41:45.546Z"}
{"level":"error","message":"✘ Failed to rebuild document Failed to parse testExample.wtest: \n-- PARSING FAILED --------------------------------------------------\n\n  4 |   p\n  5 | }\n> 6 | }\n    | ^\n\nExpected one of the following: \n\n'@', 'class', 'const', 'describe', 'mixin', 'object', 'only', 'package', 'program', 'test', 'var', '{', EOF, comment, not \"}\", whitespace\n","stack":"Error: Failed to parse testExample.wtest: \n-- PARSING FAILED --------------------------------------------------\n\n  4 |   p\n  5 | }\n> 6 | }\n    | ^\n\nExpected one of the following: \n\n'@', 'class', 'const', 'describe', 'mixin', 'object', 'only', 'package', 'program', 'test', 'var', '{', EOF, comment, not \"}\", whitespace\n\n    at c:\\Users\\Admin\\.vscode\\extensions\\uqbar.wollok-lsp-ide-0.5.0\\out\\server\\src\\server.js:2326:13026\n    at Array.map (<anonymous>)\n    at P1n (c:\\Users\\Admin\\.vscode\\extensions\\uqbar.wollok-lsp-ide-0.5.0\\out\\server\\src\\server.js:2326:12950)\n    at U2.buildEnvironmentFrom (c:\\Users\\Admin\\.vscode\\extensions\\uqbar.wollok-lsp-ide-0.5.0\\out\\server\\src\\server.js:2371:5255)\n    at U2.updateEnvironmentWith (c:\\Users\\Admin\\.vscode\\extensions\\uqbar.wollok-lsp-ide-0.5.0\\out\\server\\src\\server.js:2371:4990)\n    at UF (c:\\Users\\Admin\\.vscode\\extensions\\uqbar.wollok-lsp-ide-0.5.0\\out\\server\\src\\server.js:2371:7147)\n    at F3.invoke (c:\\Users\\Admin\\.vscode\\extensions\\uqbar.wollok-lsp-ide-0.5.0\\out\\server\\src\\server.js:3:157316)\n    at o.fire (c:\\Users\\Admin\\.vscode\\extensions\\uqbar.wollok-lsp-ide-0.5.0\\out\\server\\src\\server.js:3:158086)\n    at c:\\Users\\Admin\\.vscode\\extensions\\uqbar.wollok-lsp-ide-0.5.0\\out\\server\\src\\server.js:37:57871\n    at Qr (c:\\Users\\Admin\\.vscode\\extensions\\uqbar.wollok-lsp-ide-0.5.0\\out\\server\\src\\server.js:8:1561)","timestamp":"2025-04-28T13:41:45.950Z"}
{"level":"error","message":"✘ Failed to rebuild document Failed to parse testExample.wtest: \n-- PARSING FAILED --------------------------------------------------\n\n  4 |   pa\n  5 | }\n> 6 | }\n    | ^\n\nExpected one of the following: \n\n'@', 'class', 'const', 'describe', 'mixin', 'object', 'only', 'package', 'program', 'test', 'var', '{', EOF, comment, not \"}\", whitespace\n","stack":"Error: Failed to parse testExample.wtest: \n-- PARSING FAILED --------------------------------------------------\n\n  4 |   pa\n  5 | }\n> 6 | }\n    | ^\n\nExpected one of the following: \n\n'@', 'class', 'const', 'describe', 'mixin', 'object', 'only', 'package', 'program', 'test', 'var', '{', EOF, comment, not \"}\", whitespace\n\n    at c:\\Users\\Admin\\.vscode\\extensions\\uqbar.wollok-lsp-ide-0.5.0\\out\\server\\src\\server.js:2326:13026\n    at Array.map (<anonymous>)\n    at P1n (c:\\Users\\Admin\\.vscode\\extensions\\uqbar.wollok-lsp-ide-0.5.0\\out\\server\\src\\server.js:2326:12950)\n    at U2.buildEnvironmentFrom (c:\\Users\\Admin\\.vscode\\extensions\\uqbar.wollok-lsp-ide-0.5.0\\out\\server\\src\\server.js:2371:5255)\n    at U2.updateEnvironmentWith (c:\\Users\\Admin\\.vscode\\extensions\\uqbar.wollok-lsp-ide-0.5.0\\out\\server\\src\\server.js:2371:4990)\n    at UF (c:\\Users\\Admin\\.vscode\\extensions\\uqbar.wollok-lsp-ide-0.5.0\\out\\server\\src\\server.js:2371:7147)\n    at F3.invoke (c:\\Users\\Admin\\.vscode\\extensions\\uqbar.wollok-lsp-ide-0.5.0\\out\\server\\src\\server.js:3:157316)\n    at o.fire (c:\\Users\\Admin\\.vscode\\extensions\\uqbar.wollok-lsp-ide-0.5.0\\out\\server\\src\\server.js:3:158086)\n    at c:\\Users\\Admin\\.vscode\\extensions\\uqbar.wollok-lsp-ide-0.5.0\\out\\server\\src\\server.js:37:57871\n    at Qr (c:\\Users\\Admin\\.vscode\\extensions\\uqbar.wollok-lsp-ide-0.5.0\\out\\server\\src\\server.js:8:1561)","timestamp":"2025-04-28T13:41:46.054Z"}
{"level":"error","message":"✘ Failed to rebuild document Failed to parse testExample.wtest: \n-- PARSING FAILED --------------------------------------------------\n\n  4 |   paq\n  5 | }\n> 6 | }\n    | ^\n\nExpected one of the following: \n\n'@', 'class', 'const', 'describe', 'mixin', 'object', 'only', 'package', 'program', 'test', 'var', '{', EOF, comment, not \"}\", whitespace\n","stack":"Error: Failed to parse testExample.wtest: \n-- PARSING FAILED --------------------------------------------------\n\n  4 |   paq\n  5 | }\n> 6 | }\n    | ^\n\nExpected one of the following: \n\n'@', 'class', 'const', 'describe', 'mixin', 'object', 'only', 'package', 'program', 'test', 'var', '{', EOF, comment, not \"}\", whitespace\n\n    at c:\\Users\\Admin\\.vscode\\extensions\\uqbar.wollok-lsp-ide-0.5.0\\out\\server\\src\\server.js:2326:13026\n    at Array.map (<anonymous>)\n    at P1n (c:\\Users\\Admin\\.vscode\\extensions\\uqbar.wollok-lsp-ide-0.5.0\\out\\server\\src\\server.js:2326:12950)\n    at U2.buildEnvironmentFrom (c:\\Users\\Admin\\.vscode\\extensions\\uqbar.wollok-lsp-ide-0.5.0\\out\\server\\src\\server.js:2371:5255)\n    at U2.updateEnvironmentWith (c:\\Users\\Admin\\.vscode\\extensions\\uqbar.wollok-lsp-ide-0.5.0\\out\\server\\src\\server.js:2371:4990)\n    at UF (c:\\Users\\Admin\\.vscode\\extensions\\uqbar.wollok-lsp-ide-0.5.0\\out\\server\\src\\server.js:2371:7147)\n    at F3.invoke (c:\\Users\\Admin\\.vscode\\extensions\\uqbar.wollok-lsp-ide-0.5.0\\out\\server\\src\\server.js:3:157316)\n    at o.fire (c:\\Users\\Admin\\.vscode\\extensions\\uqbar.wollok-lsp-ide-0.5.0\\out\\server\\src\\server.js:3:158086)\n    at c:\\Users\\Admin\\.vscode\\extensions\\uqbar.wollok-lsp-ide-0.5.0\\out\\server\\src\\server.js:37:57871\n    at Qr (c:\\Users\\Admin\\.vscode\\extensions\\uqbar.wollok-lsp-ide-0.5.0\\out\\server\\src\\server.js:8:1561)","timestamp":"2025-04-28T13:41:46.229Z"}
{"level":"error","message":"✘ Failed to rebuild document Failed to parse testExample.wtest: \n-- PARSING FAILED --------------------------------------------------\n\n  4 |   paqu\n  5 | }\n> 6 | }\n    | ^\n\nExpected one of the following: \n\n'@', 'class', 'const', 'describe', 'mixin', 'object', 'only', 'package', 'program', 'test', 'var', '{', EOF, comment, not \"}\", whitespace\n","stack":"Error: Failed to parse testExample.wtest: \n-- PARSING FAILED --------------------------------------------------\n\n  4 |   paqu\n  5 | }\n> 6 | }\n    | ^\n\nExpected one of the following: \n\n'@', 'class', 'const', 'describe', 'mixin', 'object', 'only', 'package', 'program', 'test', 'var', '{', EOF, comment, not \"}\", whitespace\n\n    at c:\\Users\\Admin\\.vscode\\extensions\\uqbar.wollok-lsp-ide-0.5.0\\out\\server\\src\\server.js:2326:13026\n    at Array.map (<anonymous>)\n    at P1n (c:\\Users\\Admin\\.vscode\\extensions\\uqbar.wollok-lsp-ide-0.5.0\\out\\server\\src\\server.js:2326:12950)\n    at U2.buildEnvironmentFrom (c:\\Users\\Admin\\.vscode\\extensions\\uqbar.wollok-lsp-ide-0.5.0\\out\\server\\src\\server.js:2371:5255)\n    at U2.updateEnvironmentWith (c:\\Users\\Admin\\.vscode\\extensions\\uqbar.wollok-lsp-ide-0.5.0\\out\\server\\src\\server.js:2371:4990)\n    at UF (c:\\Users\\Admin\\.vscode\\extensions\\uqbar.wollok-lsp-ide-0.5.0\\out\\server\\src\\server.js:2371:7147)\n    at F3.invoke (c:\\Users\\Admin\\.vscode\\extensions\\uqbar.wollok-lsp-ide-0.5.0\\out\\server\\src\\server.js:3:157316)\n    at o.fire (c:\\Users\\Admin\\.vscode\\extensions\\uqbar.wollok-lsp-ide-0.5.0\\out\\server\\src\\server.js:3:158086)\n    at c:\\Users\\Admin\\.vscode\\extensions\\uqbar.wollok-lsp-ide-0.5.0\\out\\server\\src\\server.js:37:57871\n    at Qr (c:\\Users\\Admin\\.vscode\\extensions\\uqbar.wollok-lsp-ide-0.5.0\\out\\server\\src\\server.js:8:1561)","timestamp":"2025-04-28T13:41:46.322Z"}
{"level":"error","message":"✘ Failed to rebuild document Failed to parse testExample.wtest: \n-- PARSING FAILED --------------------------------------------------\n\n  4 |   paque\n  5 | }\n> 6 | }\n    | ^\n\nExpected one of the following: \n\n'@', 'class', 'const', 'describe', 'mixin', 'object', 'only', 'package', 'program', 'test', 'var', '{', EOF, comment, not \"}\", whitespace\n","stack":"Error: Failed to parse testExample.wtest: \n-- PARSING FAILED --------------------------------------------------\n\n  4 |   paque\n  5 | }\n> 6 | }\n    | ^\n\nExpected one of the following: \n\n'@', 'class', 'const', 'describe', 'mixin', 'object', 'only', 'package', 'program', 'test', 'var', '{', EOF, comment, not \"}\", whitespace\n\n    at c:\\Users\\Admin\\.vscode\\extensions\\uqbar.wollok-lsp-ide-0.5.0\\out\\server\\src\\server.js:2326:13026\n    at Array.map (<anonymous>)\n    at P1n (c:\\Users\\Admin\\.vscode\\extensions\\uqbar.wollok-lsp-ide-0.5.0\\out\\server\\src\\server.js:2326:12950)\n    at U2.buildEnvironmentFrom (c:\\Users\\Admin\\.vscode\\extensions\\uqbar.wollok-lsp-ide-0.5.0\\out\\server\\src\\server.js:2371:5255)\n    at U2.updateEnvironmentWith (c:\\Users\\Admin\\.vscode\\extensions\\uqbar.wollok-lsp-ide-0.5.0\\out\\server\\src\\server.js:2371:4990)\n    at UF (c:\\Users\\Admin\\.vscode\\extensions\\uqbar.wollok-lsp-ide-0.5.0\\out\\server\\src\\server.js:2371:7147)\n    at F3.invoke (c:\\Users\\Admin\\.vscode\\extensions\\uqbar.wollok-lsp-ide-0.5.0\\out\\server\\src\\server.js:3:157316)\n    at o.fire (c:\\Users\\Admin\\.vscode\\extensions\\uqbar.wollok-lsp-ide-0.5.0\\out\\server\\src\\server.js:3:158086)\n    at c:\\Users\\Admin\\.vscode\\extensions\\uqbar.wollok-lsp-ide-0.5.0\\out\\server\\src\\server.js:37:57871\n    at Qr (c:\\Users\\Admin\\.vscode\\extensions\\uqbar.wollok-lsp-ide-0.5.0\\out\\server\\src\\server.js:8:1561)","timestamp":"2025-04-28T13:41:46.404Z"}
{"level":"error","message":"✘ Failed to rebuild document Failed to parse testExample.wtest: \n-- PARSING FAILED --------------------------------------------------\n\n  4 |   paquet\n  5 | }\n> 6 | }\n    | ^\n\nExpected one of the following: \n\n'@', 'class', 'const', 'describe', 'mixin', 'object', 'only', 'package', 'program', 'test', 'var', '{', EOF, comment, not \"}\", whitespace\n","stack":"Error: Failed to parse testExample.wtest: \n-- PARSING FAILED --------------------------------------------------\n\n  4 |   paquet\n  5 | }\n> 6 | }\n    | ^\n\nExpected one of the following: \n\n'@', 'class', 'const', 'describe', 'mixin', 'object', 'only', 'package', 'program', 'test', 'var', '{', EOF, comment, not \"}\", whitespace\n\n    at c:\\Users\\Admin\\.vscode\\extensions\\uqbar.wollok-lsp-ide-0.5.0\\out\\server\\src\\server.js:2326:13026\n    at Array.map (<anonymous>)\n    at P1n (c:\\Users\\Admin\\.vscode\\extensions\\uqbar.wollok-lsp-ide-0.5.0\\out\\server\\src\\server.js:2326:12950)\n    at U2.buildEnvironmentFrom (c:\\Users\\Admin\\.vscode\\extensions\\uqbar.wollok-lsp-ide-0.5.0\\out\\server\\src\\server.js:2371:5255)\n    at U2.updateEnvironmentWith (c:\\Users\\Admin\\.vscode\\extensions\\uqbar.wollok-lsp-ide-0.5.0\\out\\server\\src\\server.js:2371:4990)\n    at UF (c:\\Users\\Admin\\.vscode\\extensions\\uqbar.wollok-lsp-ide-0.5.0\\out\\server\\src\\server.js:2371:7147)\n    at F3.invoke (c:\\Users\\Admin\\.vscode\\extensions\\uqbar.wollok-lsp-ide-0.5.0\\out\\server\\src\\server.js:3:157316)\n    at o.fire (c:\\Users\\Admin\\.vscode\\extensions\\uqbar.wollok-lsp-ide-0.5.0\\out\\server\\src\\server.js:3:158086)\n    at c:\\Users\\Admin\\.vscode\\extensions\\uqbar.wollok-lsp-ide-0.5.0\\out\\server\\src\\server.js:37:57871\n    at Qr (c:\\Users\\Admin\\.vscode\\extensions\\uqbar.wollok-lsp-ide-0.5.0\\out\\server\\src\\server.js:8:1561)","timestamp":"2025-04-28T13:41:46.722Z"}
{"level":"error","message":"✘ Failed to rebuild document Failed to parse testExample.wtest: \n-- PARSING FAILED --------------------------------------------------\n\n  4 |   paquete\n  5 | }\n> 6 | }\n    | ^\n\nExpected one of the following: \n\n'@', 'class', 'const', 'describe', 'mixin', 'object', 'only', 'package', 'program', 'test', 'var', '{', EOF, comment, not \"}\", whitespace\n","stack":"Error: Failed to parse testExample.wtest: \n-- PARSING FAILED --------------------------------------------------\n\n  4 |   paquete\n  5 | }\n> 6 | }\n    | ^\n\nExpected one of the following: \n\n'@', 'class', 'const', 'describe', 'mixin', 'object', 'only', 'package', 'program', 'test', 'var', '{', EOF, comment, not \"}\", whitespace\n\n    at c:\\Users\\Admin\\.vscode\\extensions\\uqbar.wollok-lsp-ide-0.5.0\\out\\server\\src\\server.js:2326:13026\n    at Array.map (<anonymous>)\n    at P1n (c:\\Users\\Admin\\.vscode\\extensions\\uqbar.wollok-lsp-ide-0.5.0\\out\\server\\src\\server.js:2326:12950)\n    at U2.buildEnvironmentFrom (c:\\Users\\Admin\\.vscode\\extensions\\uqbar.wollok-lsp-ide-0.5.0\\out\\server\\src\\server.js:2371:5255)\n    at U2.updateEnvironmentWith (c:\\Users\\Admin\\.vscode\\extensions\\uqbar.wollok-lsp-ide-0.5.0\\out\\server\\src\\server.js:2371:4990)\n    at UF (c:\\Users\\Admin\\.vscode\\extensions\\uqbar.wollok-lsp-ide-0.5.0\\out\\server\\src\\server.js:2371:7147)\n    at F3.invoke (c:\\Users\\Admin\\.vscode\\extensions\\uqbar.wollok-lsp-ide-0.5.0\\out\\server\\src\\server.js:3:157316)\n    at o.fire (c:\\Users\\Admin\\.vscode\\extensions\\uqbar.wollok-lsp-ide-0.5.0\\out\\server\\src\\server.js:3:158086)\n    at c:\\Users\\Admin\\.vscode\\extensions\\uqbar.wollok-lsp-ide-0.5.0\\out\\server\\src\\server.js:37:57871\n    at Qr (c:\\Users\\Admin\\.vscode\\extensions\\uqbar.wollok-lsp-ide-0.5.0\\out\\server\\src\\server.js:8:1561)","timestamp":"2025-04-28T13:41:46.803Z"}
{"level":"error","message":"✘ Failed to rebuild document Failed to parse testExample.wtest: \n-- PARSING FAILED --------------------------------------------------\n\n  4 |   paquete.\n  5 | }\n> 6 | }\n    | ^\n\nExpected one of the following: \n\n'@', 'class', 'const', 'describe', 'mixin', 'object', 'only', 'package', 'program', 'test', 'var', '{', EOF, comment, not \"}\", whitespace\n","stack":"Error: Failed to parse testExample.wtest: \n-- PARSING FAILED --------------------------------------------------\n\n  4 |   paquete.\n  5 | }\n> 6 | }\n    | ^\n\nExpected one of the following: \n\n'@', 'class', 'const', 'describe', 'mixin', 'object', 'only', 'package', 'program', 'test', 'var', '{', EOF, comment, not \"}\", whitespace\n\n    at c:\\Users\\Admin\\.vscode\\extensions\\uqbar.wollok-lsp-ide-0.5.0\\out\\server\\src\\server.js:2326:13026\n    at Array.map (<anonymous>)\n    at P1n (c:\\Users\\Admin\\.vscode\\extensions\\uqbar.wollok-lsp-ide-0.5.0\\out\\server\\src\\server.js:2326:12950)\n    at U2.buildEnvironmentFrom (c:\\Users\\Admin\\.vscode\\extensions\\uqbar.wollok-lsp-ide-0.5.0\\out\\server\\src\\server.js:2371:5255)\n    at U2.updateEnvironmentWith (c:\\Users\\Admin\\.vscode\\extensions\\uqbar.wollok-lsp-ide-0.5.0\\out\\server\\src\\server.js:2371:4990)\n    at UF (c:\\Users\\Admin\\.vscode\\extensions\\uqbar.wollok-lsp-ide-0.5.0\\out\\server\\src\\server.js:2371:7147)\n    at F3.invoke (c:\\Users\\Admin\\.vscode\\extensions\\uqbar.wollok-lsp-ide-0.5.0\\out\\server\\src\\server.js:3:157316)\n    at o.fire (c:\\Users\\Admin\\.vscode\\extensions\\uqbar.wollok-lsp-ide-0.5.0\\out\\server\\src\\server.js:3:158086)\n    at c:\\Users\\Admin\\.vscode\\extensions\\uqbar.wollok-lsp-ide-0.5.0\\out\\server\\src\\server.js:37:57871\n    at Qr (c:\\Users\\Admin\\.vscode\\extensions\\uqbar.wollok-lsp-ide-0.5.0\\out\\server\\src\\server.js:8:1561)","timestamp":"2025-04-28T13:41:47.007Z"}
{"level":"info","message":"onRequest - completionItem/resolve","timestamp":"2025-04-28T13:41:47.045Z"}
{"level":"error","message":"✘ Failed to rebuild document Failed to parse testExample.wtest: \n-- PARSING FAILED --------------------------------------------------\n\n  4 |   paquete.e\n  5 | }\n> 6 | }\n    | ^\n\nExpected one of the following: \n\n'@', 'class', 'const', 'describe', 'mixin', 'object', 'only', 'package', 'program', 'test', 'var', '{', EOF, comment, not \"}\", whitespace\n","stack":"Error: Failed to parse testExample.wtest: \n-- PARSING FAILED --------------------------------------------------\n\n  4 |   paquete.e\n  5 | }\n> 6 | }\n    | ^\n\nExpected one of the following: \n\n'@', 'class', 'const', 'describe', 'mixin', 'object', 'only', 'package', 'program', 'test', 'var', '{', EOF, comment, not \"}\", whitespace\n\n    at c:\\Users\\Admin\\.vscode\\extensions\\uqbar.wollok-lsp-ide-0.5.0\\out\\server\\src\\server.js:2326:13026\n    at Array.map (<anonymous>)\n    at P1n (c:\\Users\\Admin\\.vscode\\extensions\\uqbar.wollok-lsp-ide-0.5.0\\out\\server\\src\\server.js:2326:12950)\n    at U2.buildEnvironmentFrom (c:\\Users\\Admin\\.vscode\\extensions\\uqbar.wollok-lsp-ide-0.5.0\\out\\server\\src\\server.js:2371:5255)\n    at U2.updateEnvironmentWith (c:\\Users\\Admin\\.vscode\\extensions\\uqbar.wollok-lsp-ide-0.5.0\\out\\server\\src\\server.js:2371:4990)\n    at UF (c:\\Users\\Admin\\.vscode\\extensions\\uqbar.wollok-lsp-ide-0.5.0\\out\\server\\src\\server.js:2371:7147)\n    at F3.invoke (c:\\Users\\Admin\\.vscode\\extensions\\uqbar.wollok-lsp-ide-0.5.0\\out\\server\\src\\server.js:3:157316)\n    at o.fire (c:\\Users\\Admin\\.vscode\\extensions\\uqbar.wollok-lsp-ide-0.5.0\\out\\server\\src\\server.js:3:158086)\n    at c:\\Users\\Admin\\.vscode\\extensions\\uqbar.wollok-lsp-ide-0.5.0\\out\\server\\src\\server.js:37:57871\n    at Qr (c:\\Users\\Admin\\.vscode\\extensions\\uqbar.wollok-lsp-ide-0.5.0\\out\\server\\src\\server.js:8:1561)","timestamp":"2025-04-28T13:41:48.088Z"}
{"level":"info","message":"onRequest - completionItem/resolve","timestamp":"2025-04-28T13:41:48.091Z"}
{"level":"error","message":"✘ Failed to rebuild document Failed to parse testExample.wtest: \n-- PARSING FAILED --------------------------------------------------\n\n  4 |   paquete.es\n  5 | }\n> 6 | }\n    | ^\n\nExpected one of the following: \n\n'@', 'class', 'const', 'describe', 'mixin', 'object', 'only', 'package', 'program', 'test', 'var', '{', EOF, comment, not \"}\", whitespace\n","stack":"Error: Failed to parse testExample.wtest: \n-- PARSING FAILED --------------------------------------------------\n\n  4 |   paquete.es\n  5 | }\n> 6 | }\n    | ^\n\nExpected one of the following: \n\n'@', 'class', 'const', 'describe', 'mixin', 'object', 'only', 'package', 'program', 'test', 'var', '{', EOF, comment, not \"}\", whitespace\n\n    at c:\\Users\\Admin\\.vscode\\extensions\\uqbar.wollok-lsp-ide-0.5.0\\out\\server\\src\\server.js:2326:13026\n    at Array.map (<anonymous>)\n    at P1n (c:\\Users\\Admin\\.vscode\\extensions\\uqbar.wollok-lsp-ide-0.5.0\\out\\server\\src\\server.js:2326:12950)\n    at U2.buildEnvironmentFrom (c:\\Users\\Admin\\.vscode\\extensions\\uqbar.wollok-lsp-ide-0.5.0\\out\\server\\src\\server.js:2371:5255)\n    at U2.updateEnvironmentWith (c:\\Users\\Admin\\.vscode\\extensions\\uqbar.wollok-lsp-ide-0.5.0\\out\\server\\src\\server.js:2371:4990)\n    at UF (c:\\Users\\Admin\\.vscode\\extensions\\uqbar.wollok-lsp-ide-0.5.0\\out\\server\\src\\server.js:2371:7147)\n    at F3.invoke (c:\\Users\\Admin\\.vscode\\extensions\\uqbar.wollok-lsp-ide-0.5.0\\out\\server\\src\\server.js:3:157316)\n    at o.fire (c:\\Users\\Admin\\.vscode\\extensions\\uqbar.wollok-lsp-ide-0.5.0\\out\\server\\src\\server.js:3:158086)\n    at c:\\Users\\Admin\\.vscode\\extensions\\uqbar.wollok-lsp-ide-0.5.0\\out\\server\\src\\server.js:37:57871\n    at Qr (c:\\Users\\Admin\\.vscode\\extensions\\uqbar.wollok-lsp-ide-0.5.0\\out\\server\\src\\server.js:8:1561)","timestamp":"2025-04-28T13:41:48.274Z"}
{"level":"info","message":"onRequest - completionItem/resolve","timestamp":"2025-04-28T13:41:48.275Z"}
{"level":"error","message":"✘ Failed to rebuild document Failed to parse testExample.wtest: \n-- PARSING FAILED --------------------------------------------------\n\n  4 |   paquete.est\n  5 | }\n> 6 | }\n    | ^\n\nExpected one of the following: \n\n'@', 'class', 'const', 'describe', 'mixin', 'object', 'only', 'package', 'program', 'test', 'var', '{', EOF, comment, not \"}\", whitespace\n","stack":"Error: Failed to parse testExample.wtest: \n-- PARSING FAILED --------------------------------------------------\n\n  4 |   paquete.est\n  5 | }\n> 6 | }\n    | ^\n\nExpected one of the following: \n\n'@', 'class', 'const', 'describe', 'mixin', 'object', 'only', 'package', 'program', 'test', 'var', '{', EOF, comment, not \"}\", whitespace\n\n    at c:\\Users\\Admin\\.vscode\\extensions\\uqbar.wollok-lsp-ide-0.5.0\\out\\server\\src\\server.js:2326:13026\n    at Array.map (<anonymous>)\n    at P1n (c:\\Users\\Admin\\.vscode\\extensions\\uqbar.wollok-lsp-ide-0.5.0\\out\\server\\src\\server.js:2326:12950)\n    at U2.buildEnvironmentFrom (c:\\Users\\Admin\\.vscode\\extensions\\uqbar.wollok-lsp-ide-0.5.0\\out\\server\\src\\server.js:2371:5255)\n    at U2.updateEnvironmentWith (c:\\Users\\Admin\\.vscode\\extensions\\uqbar.wollok-lsp-ide-0.5.0\\out\\server\\src\\server.js:2371:4990)\n    at UF (c:\\Users\\Admin\\.vscode\\extensions\\uqbar.wollok-lsp-ide-0.5.0\\out\\server\\src\\server.js:2371:7147)\n    at F3.invoke (c:\\Users\\Admin\\.vscode\\extensions\\uqbar.wollok-lsp-ide-0.5.0\\out\\server\\src\\server.js:3:157316)\n    at o.fire (c:\\Users\\Admin\\.vscode\\extensions\\uqbar.wollok-lsp-ide-0.5.0\\out\\server\\src\\server.js:3:158086)\n    at c:\\Users\\Admin\\.vscode\\extensions\\uqbar.wollok-lsp-ide-0.5.0\\out\\server\\src\\server.js:37:57871\n    at Qr (c:\\Users\\Admin\\.vscode\\extensions\\uqbar.wollok-lsp-ide-0.5.0\\out\\server\\src\\server.js:8:1561)","timestamp":"2025-04-28T13:41:48.441Z"}
{"level":"error","message":"✘ Failed to rebuild document Failed to parse testExample.wtest: \n-- PARSING FAILED --------------------------------------------------\n\n  4 |   paquete.esta\n  5 | }\n> 6 | }\n    | ^\n\nExpected one of the following: \n\n'@', 'class', 'const', 'describe', 'mixin', 'object', 'only', 'package', 'program', 'test', 'var', '{', EOF, comment, not \"}\", whitespace\n","stack":"Error: Failed to parse testExample.wtest: \n-- PARSING FAILED --------------------------------------------------\n\n  4 |   paquete.esta\n  5 | }\n> 6 | }\n    | ^\n\nExpected one of the following: \n\n'@', 'class', 'const', 'describe', 'mixin', 'object', 'only', 'package', 'program', 'test', 'var', '{', EOF, comment, not \"}\", whitespace\n\n    at c:\\Users\\Admin\\.vscode\\extensions\\uqbar.wollok-lsp-ide-0.5.0\\out\\server\\src\\server.js:2326:13026\n    at Array.map (<anonymous>)\n    at P1n (c:\\Users\\Admin\\.vscode\\extensions\\uqbar.wollok-lsp-ide-0.5.0\\out\\server\\src\\server.js:2326:12950)\n    at U2.buildEnvironmentFrom (c:\\Users\\Admin\\.vscode\\extensions\\uqbar.wollok-lsp-ide-0.5.0\\out\\server\\src\\server.js:2371:5255)\n    at U2.updateEnvironmentWith (c:\\Users\\Admin\\.vscode\\extensions\\uqbar.wollok-lsp-ide-0.5.0\\out\\server\\src\\server.js:2371:4990)\n    at UF (c:\\Users\\Admin\\.vscode\\extensions\\uqbar.wollok-lsp-ide-0.5.0\\out\\server\\src\\server.js:2371:7147)\n    at F3.invoke (c:\\Users\\Admin\\.vscode\\extensions\\uqbar.wollok-lsp-ide-0.5.0\\out\\server\\src\\server.js:3:157316)\n    at o.fire (c:\\Users\\Admin\\.vscode\\extensions\\uqbar.wollok-lsp-ide-0.5.0\\out\\server\\src\\server.js:3:158086)\n    at c:\\Users\\Admin\\.vscode\\extensions\\uqbar.wollok-lsp-ide-0.5.0\\out\\server\\src\\server.js:37:57871\n    at Qr (c:\\Users\\Admin\\.vscode\\extensions\\uqbar.wollok-lsp-ide-0.5.0\\out\\server\\src\\server.js:8:1561)","timestamp":"2025-04-28T13:41:48.920Z"}
{"level":"error","message":"✘ Failed to rebuild document Failed to parse testExample.wtest: \n-- PARSING FAILED --------------------------------------------------\n\n  4 |   paquete.estaP\n  5 | }\n> 6 | }\n    | ^\n\nExpected one of the following: \n\n'@', 'class', 'const', 'describe', 'mixin', 'object', 'only', 'package', 'program', 'test', 'var', '{', EOF, comment, not \"}\", whitespace\n","stack":"Error: Failed to parse testExample.wtest: \n-- PARSING FAILED --------------------------------------------------\n\n  4 |   paquete.estaP\n  5 | }\n> 6 | }\n    | ^\n\nExpected one of the following: \n\n'@', 'class', 'const', 'describe', 'mixin', 'object', 'only', 'package', 'program', 'test', 'var', '{', EOF, comment, not \"}\", whitespace\n\n    at c:\\Users\\Admin\\.vscode\\extensions\\uqbar.wollok-lsp-ide-0.5.0\\out\\server\\src\\server.js:2326:13026\n    at Array.map (<anonymous>)\n    at P1n (c:\\Users\\Admin\\.vscode\\extensions\\uqbar.wollok-lsp-ide-0.5.0\\out\\server\\src\\server.js:2326:12950)\n    at U2.buildEnvironmentFrom (c:\\Users\\Admin\\.vscode\\extensions\\uqbar.wollok-lsp-ide-0.5.0\\out\\server\\src\\server.js:2371:5255)\n    at U2.updateEnvironmentWith (c:\\Users\\Admin\\.vscode\\extensions\\uqbar.wollok-lsp-ide-0.5.0\\out\\server\\src\\server.js:2371:4990)\n    at UF (c:\\Users\\Admin\\.vscode\\extensions\\uqbar.wollok-lsp-ide-0.5.0\\out\\server\\src\\server.js:2371:7147)\n    at F3.invoke (c:\\Users\\Admin\\.vscode\\extensions\\uqbar.wollok-lsp-ide-0.5.0\\out\\server\\src\\server.js:3:157316)\n    at o.fire (c:\\Users\\Admin\\.vscode\\extensions\\uqbar.wollok-lsp-ide-0.5.0\\out\\server\\src\\server.js:3:158086)\n    at c:\\Users\\Admin\\.vscode\\extensions\\uqbar.wollok-lsp-ide-0.5.0\\out\\server\\src\\server.js:37:57871\n    at Qr (c:\\Users\\Admin\\.vscode\\extensions\\uqbar.wollok-lsp-ide-0.5.0\\out\\server\\src\\server.js:8:1561)","timestamp":"2025-04-28T13:41:49.472Z"}
{"level":"info","message":"onRequest - completionItem/resolve","timestamp":"2025-04-28T13:41:49.472Z"}
{"level":"error","message":"✘ Failed to rebuild document Failed to parse testExample.wtest: \n-- PARSING FAILED --------------------------------------------------\n\n  4 |   paquete.estaPa\n  5 | }\n> 6 | }\n    | ^\n\nExpected one of the following: \n\n'@', 'class', 'const', 'describe', 'mixin', 'object', 'only', 'package', 'program', 'test', 'var', '{', EOF, comment, not \"}\", whitespace\n","stack":"Error: Failed to parse testExample.wtest: \n-- PARSING FAILED --------------------------------------------------\n\n  4 |   paquete.estaPa\n  5 | }\n> 6 | }\n    | ^\n\nExpected one of the following: \n\n'@', 'class', 'const', 'describe', 'mixin', 'object', 'only', 'package', 'program', 'test', 'var', '{', EOF, comment, not \"}\", whitespace\n\n    at c:\\Users\\Admin\\.vscode\\extensions\\uqbar.wollok-lsp-ide-0.5.0\\out\\server\\src\\server.js:2326:13026\n    at Array.map (<anonymous>)\n    at P1n (c:\\Users\\Admin\\.vscode\\extensions\\uqbar.wollok-lsp-ide-0.5.0\\out\\server\\src\\server.js:2326:12950)\n    at U2.buildEnvironmentFrom (c:\\Users\\Admin\\.vscode\\extensions\\uqbar.wollok-lsp-ide-0.5.0\\out\\server\\src\\server.js:2371:5255)\n    at U2.updateEnvironmentWith (c:\\Users\\Admin\\.vscode\\extensions\\uqbar.wollok-lsp-ide-0.5.0\\out\\server\\src\\server.js:2371:4990)\n    at UF (c:\\Users\\Admin\\.vscode\\extensions\\uqbar.wollok-lsp-ide-0.5.0\\out\\server\\src\\server.js:2371:7147)\n    at F3.invoke (c:\\Users\\Admin\\.vscode\\extensions\\uqbar.wollok-lsp-ide-0.5.0\\out\\server\\src\\server.js:3:157316)\n    at o.fire (c:\\Users\\Admin\\.vscode\\extensions\\uqbar.wollok-lsp-ide-0.5.0\\out\\server\\src\\server.js:3:158086)\n    at c:\\Users\\Admin\\.vscode\\extensions\\uqbar.wollok-lsp-ide-0.5.0\\out\\server\\src\\server.js:37:57871\n    at Qr (c:\\Users\\Admin\\.vscode\\extensions\\uqbar.wollok-lsp-ide-0.5.0\\out\\server\\src\\server.js:8:1561)","timestamp":"2025-04-28T13:41:49.709Z"}
{"level":"error","message":"✘ Failed to rebuild document Failed to parse testExample.wtest: \n-- PARSING FAILED --------------------------------------------------\n\n  4 |   paquete.estaPag\n  5 | }\n> 6 | }\n    | ^\n\nExpected one of the following: \n\n'@', 'class', 'const', 'describe', 'mixin', 'object', 'only', 'package', 'program', 'test', 'var', '{', EOF, comment, not \"}\", whitespace\n","stack":"Error: Failed to parse testExample.wtest: \n-- PARSING FAILED --------------------------------------------------\n\n  4 |   paquete.estaPag\n  5 | }\n> 6 | }\n    | ^\n\nExpected one of the following: \n\n'@', 'class', 'const', 'describe', 'mixin', 'object', 'only', 'package', 'program', 'test', 'var', '{', EOF, comment, not \"}\", whitespace\n\n    at c:\\Users\\Admin\\.vscode\\extensions\\uqbar.wollok-lsp-ide-0.5.0\\out\\server\\src\\server.js:2326:13026\n    at Array.map (<anonymous>)\n    at P1n (c:\\Users\\Admin\\.vscode\\extensions\\uqbar.wollok-lsp-ide-0.5.0\\out\\server\\src\\server.js:2326:12950)\n    at U2.buildEnvironmentFrom (c:\\Users\\Admin\\.vscode\\extensions\\uqbar.wollok-lsp-ide-0.5.0\\out\\server\\src\\server.js:2371:5255)\n    at U2.updateEnvironmentWith (c:\\Users\\Admin\\.vscode\\extensions\\uqbar.wollok-lsp-ide-0.5.0\\out\\server\\src\\server.js:2371:4990)\n    at UF (c:\\Users\\Admin\\.vscode\\extensions\\uqbar.wollok-lsp-ide-0.5.0\\out\\server\\src\\server.js:2371:7147)\n    at F3.invoke (c:\\Users\\Admin\\.vscode\\extensions\\uqbar.wollok-lsp-ide-0.5.0\\out\\server\\src\\server.js:3:157316)\n    at o.fire (c:\\Users\\Admin\\.vscode\\extensions\\uqbar.wollok-lsp-ide-0.5.0\\out\\server\\src\\server.js:3:158086)\n    at c:\\Users\\Admin\\.vscode\\extensions\\uqbar.wollok-lsp-ide-0.5.0\\out\\server\\src\\server.js:37:57871\n    at Qr (c:\\Users\\Admin\\.vscode\\extensions\\uqbar.wollok-lsp-ide-0.5.0\\out\\server\\src\\server.js:8:1561)","timestamp":"2025-04-28T13:41:49.916Z"}
{"level":"error","message":"✘ Failed to rebuild document Failed to parse testExample.wtest: \n-- PARSING FAILED --------------------------------------------------\n\n  4 |   paquete.estaPago\n  5 | }\n> 6 | }\n    | ^\n\nExpected one of the following: \n\n'@', 'class', 'const', 'describe', 'mixin', 'object', 'only', 'package', 'program', 'test', 'var', '{', EOF, comment, not \"}\", whitespace\n","stack":"Error: Failed to parse testExample.wtest: \n-- PARSING FAILED --------------------------------------------------\n\n  4 |   paquete.estaPago\n  5 | }\n> 6 | }\n    | ^\n\nExpected one of the following: \n\n'@', 'class', 'const', 'describe', 'mixin', 'object', 'only', 'package', 'program', 'test', 'var', '{', EOF, comment, not \"}\", whitespace\n\n    at c:\\Users\\Admin\\.vscode\\extensions\\uqbar.wollok-lsp-ide-0.5.0\\out\\server\\src\\server.js:2326:13026\n    at Array.map (<anonymous>)\n    at P1n (c:\\Users\\Admin\\.vscode\\extensions\\uqbar.wollok-lsp-ide-0.5.0\\out\\server\\src\\server.js:2326:12950)\n    at U2.buildEnvironmentFrom (c:\\Users\\Admin\\.vscode\\extensions\\uqbar.wollok-lsp-ide-0.5.0\\out\\server\\src\\server.js:2371:5255)\n    at U2.updateEnvironmentWith (c:\\Users\\Admin\\.vscode\\extensions\\uqbar.wollok-lsp-ide-0.5.0\\out\\server\\src\\server.js:2371:4990)\n    at UF (c:\\Users\\Admin\\.vscode\\extensions\\uqbar.wollok-lsp-ide-0.5.0\\out\\server\\src\\server.js:2371:7147)\n    at F3.invoke (c:\\Users\\Admin\\.vscode\\extensions\\uqbar.wollok-lsp-ide-0.5.0\\out\\server\\src\\server.js:3:157316)\n    at o.fire (c:\\Users\\Admin\\.vscode\\extensions\\uqbar.wollok-lsp-ide-0.5.0\\out\\server\\src\\server.js:3:158086)\n    at c:\\Users\\Admin\\.vscode\\extensions\\uqbar.wollok-lsp-ide-0.5.0\\out\\server\\src\\server.js:37:57871\n    at Qr (c:\\Users\\Admin\\.vscode\\extensions\\uqbar.wollok-lsp-ide-0.5.0\\out\\server\\src\\server.js:8:1561)","timestamp":"2025-04-28T13:41:50.036Z"}
{"level":"error","message":"✘ Failed to rebuild document Failed to parse testExample.wtest: \n-- PARSING FAILED --------------------------------------------------\n\n  4 |   paquete.estaPago()\n  5 | }\n> 6 | }\n    | ^\n\nExpected one of the following: \n\n'@', 'class', 'const', 'describe', 'mixin', 'object', 'only', 'package', 'program', 'test', 'var', '{', EOF, comment, not \"}\", whitespace\n","stack":"Error: Failed to parse testExample.wtest: \n-- PARSING FAILED --------------------------------------------------\n\n  4 |   paquete.estaPago()\n  5 | }\n> 6 | }\n    | ^\n\nExpected one of the following: \n\n'@', 'class', 'const', 'describe', 'mixin', 'object', 'only', 'package', 'program', 'test', 'var', '{', EOF, comment, not \"}\", whitespace\n\n    at c:\\Users\\Admin\\.vscode\\extensions\\uqbar.wollok-lsp-ide-0.5.0\\out\\server\\src\\server.js:2326:13026\n    at Array.map (<anonymous>)\n    at P1n (c:\\Users\\Admin\\.vscode\\extensions\\uqbar.wollok-lsp-ide-0.5.0\\out\\server\\src\\server.js:2326:12950)\n    at U2.buildEnvironmentFrom (c:\\Users\\Admin\\.vscode\\extensions\\uqbar.wollok-lsp-ide-0.5.0\\out\\server\\src\\server.js:2371:5255)\n    at U2.updateEnvironmentWith (c:\\Users\\Admin\\.vscode\\extensions\\uqbar.wollok-lsp-ide-0.5.0\\out\\server\\src\\server.js:2371:4990)\n    at UF (c:\\Users\\Admin\\.vscode\\extensions\\uqbar.wollok-lsp-ide-0.5.0\\out\\server\\src\\server.js:2371:7147)\n    at F3.invoke (c:\\Users\\Admin\\.vscode\\extensions\\uqbar.wollok-lsp-ide-0.5.0\\out\\server\\src\\server.js:3:157316)\n    at o.fire (c:\\Users\\Admin\\.vscode\\extensions\\uqbar.wollok-lsp-ide-0.5.0\\out\\server\\src\\server.js:3:158086)\n    at c:\\Users\\Admin\\.vscode\\extensions\\uqbar.wollok-lsp-ide-0.5.0\\out\\server\\src\\server.js:37:57871\n    at Qr (c:\\Users\\Admin\\.vscode\\extensions\\uqbar.wollok-lsp-ide-0.5.0\\out\\server\\src\\server.js:8:1561)","timestamp":"2025-04-28T13:41:50.931Z"}
{"level":"error","message":"✘ Failed to rebuild document Failed to parse testExample.wtest: \n-- PARSING FAILED --------------------------------------------------\n\n  4 |   paquete.estaPago()\n  5 | }\n> 6 | }\n    | ^\n\nExpected one of the following: \n\n'@', 'class', 'const', 'describe', 'mixin', 'object', 'only', 'package', 'program', 'test', 'var', '{', EOF, comment, not \"}\", whitespace\n","stack":"Error: Failed to parse testExample.wtest: \n-- PARSING FAILED --------------------------------------------------\n\n  4 |   paquete.estaPago()\n  5 | }\n> 6 | }\n    | ^\n\nExpected one of the following: \n\n'@', 'class', 'const', 'describe', 'mixin', 'object', 'only', 'package', 'program', 'test', 'var', '{', EOF, comment, not \"}\", whitespace\n\n    at c:\\Users\\Admin\\.vscode\\extensions\\uqbar.wollok-lsp-ide-0.5.0\\out\\server\\src\\server.js:2326:13026\n    at Array.map (<anonymous>)\n    at P1n (c:\\Users\\Admin\\.vscode\\extensions\\uqbar.wollok-lsp-ide-0.5.0\\out\\server\\src\\server.js:2326:12950)\n    at U2.buildEnvironmentFrom (c:\\Users\\Admin\\.vscode\\extensions\\uqbar.wollok-lsp-ide-0.5.0\\out\\server\\src\\server.js:2371:5255)\n    at U2.updateEnvironmentWith (c:\\Users\\Admin\\.vscode\\extensions\\uqbar.wollok-lsp-ide-0.5.0\\out\\server\\src\\server.js:2371:4990)\n    at UF (c:\\Users\\Admin\\.vscode\\extensions\\uqbar.wollok-lsp-ide-0.5.0\\out\\server\\src\\server.js:2371:7147)\n    at F3.invoke (c:\\Users\\Admin\\.vscode\\extensions\\uqbar.wollok-lsp-ide-0.5.0\\out\\server\\src\\server.js:3:157316)\n    at o.fire (c:\\Users\\Admin\\.vscode\\extensions\\uqbar.wollok-lsp-ide-0.5.0\\out\\server\\src\\server.js:3:158086)\n    at c:\\Users\\Admin\\.vscode\\extensions\\uqbar.wollok-lsp-ide-0.5.0\\out\\server\\src\\server.js:37:57871\n    at Qr (c:\\Users\\Admin\\.vscode\\extensions\\uqbar.wollok-lsp-ide-0.5.0\\out\\server\\src\\server.js:8:1561)","timestamp":"2025-04-28T13:41:51.120Z"}
{"level":"error","message":"✘ Failed to rebuild document Failed to parse testExample.wtest: \n-- PARSING FAILED --------------------------------------------------\n\n  4 |   paquete.estaPago() == true\n  5 | }\n> 6 | }\n    | ^\n\nExpected one of the following: \n\n'@', 'class', 'const', 'describe', 'mixin', 'object', 'only', 'package', 'program', 'test', 'var', '{', EOF, comment, not \"}\", whitespace\n","stack":"Error: Failed to parse testExample.wtest: \n-- PARSING FAILED --------------------------------------------------\n\n  4 |   paquete.estaPago() == true\n  5 | }\n> 6 | }\n    | ^\n\nExpected one of the following: \n\n'@', 'class', 'const', 'describe', 'mixin', 'object', 'only', 'package', 'program', 'test', 'var', '{', EOF, comment, not \"}\", whitespace\n\n    at c:\\Users\\Admin\\.vscode\\extensions\\uqbar.wollok-lsp-ide-0.5.0\\out\\server\\src\\server.js:2326:13026\n    at Array.map (<anonymous>)\n    at P1n (c:\\Users\\Admin\\.vscode\\extensions\\uqbar.wollok-lsp-ide-0.5.0\\out\\server\\src\\server.js:2326:12950)\n    at U2.buildEnvironmentFrom (c:\\Users\\Admin\\.vscode\\extensions\\uqbar.wollok-lsp-ide-0.5.0\\out\\server\\src\\server.js:2371:5255)\n    at U2.updateEnvironmentWith (c:\\Users\\Admin\\.vscode\\extensions\\uqbar.wollok-lsp-ide-0.5.0\\out\\server\\src\\server.js:2371:4990)\n    at UF (c:\\Users\\Admin\\.vscode\\extensions\\uqbar.wollok-lsp-ide-0.5.0\\out\\server\\src\\server.js:2371:7147)\n    at F3.invoke (c:\\Users\\Admin\\.vscode\\extensions\\uqbar.wollok-lsp-ide-0.5.0\\out\\server\\src\\server.js:3:157316)\n    at o.fire (c:\\Users\\Admin\\.vscode\\extensions\\uqbar.wollok-lsp-ide-0.5.0\\out\\server\\src\\server.js:3:158086)\n    at c:\\Users\\Admin\\.vscode\\extensions\\uqbar.wollok-lsp-ide-0.5.0\\out\\server\\src\\server.js:37:57871\n    at Qr (c:\\Users\\Admin\\.vscode\\extensions\\uqbar.wollok-lsp-ide-0.5.0\\out\\server\\src\\server.js:8:1561)","timestamp":"2025-04-28T13:41:51.660Z"}
{"level":"info","message":"⌛ Building environment","timeElapsed":185,"timestamp":"2025-04-28T13:42:04.524Z"}
{"level":"error","message":"✘ Completions for node Parameter ([2:24, 2:25] - example.wlk) failed: Error: [Parameter]{fcb110} at example.wlk:2 exhausted all cases without a match [Parameter]{fcb110} at example.wlk:2 exhausted all cases without a match","stack":"Error: [Parameter]{fcb110} at example.wlk:2 exhausted all cases without a match\n    at c:\\Users\\Admin\\.vscode\\extensions\\uqbar.wollok-lsp-ide-0.5.0\\out\\server\\src\\server.js:38:6142\n    at Gh (c:\\Users\\Admin\\.vscode\\extensions\\uqbar.wollok-lsp-ide-0.5.0\\out\\server\\src\\server.js:2362:42)\n    at c:\\Users\\Admin\\.vscode\\extensions\\uqbar.wollok-lsp-ide-0.5.0\\out\\server\\src\\server.js:2362:2949\n    at c:\\Users\\Admin\\.vscode\\extensions\\uqbar.wollok-lsp-ide-0.5.0\\out\\server\\src\\server.js:2371:8632\n    at c:\\Users\\Admin\\.vscode\\extensions\\uqbar.wollok-lsp-ide-0.5.0\\out\\server\\src\\server.js:37:74872\n    at Ye (c:\\Users\\Admin\\.vscode\\extensions\\uqbar.wollok-lsp-ide-0.5.0\\out\\server\\src\\server.js:7:8527)\n    at Dt (c:\\Users\\Admin\\.vscode\\extensions\\uqbar.wollok-lsp-ide-0.5.0\\out\\server\\src\\server.js:7:6189)\n    at Zi (c:\\Users\\Admin\\.vscode\\extensions\\uqbar.wollok-lsp-ide-0.5.0\\out\\server\\src\\server.js:7:6378)\n    at Immediate._onImmediate (c:\\Users\\Admin\\.vscode\\extensions\\uqbar.wollok-lsp-ide-0.5.0\\out\\server\\src\\server.js:7:6142)\n    at process.processImmediate (node:internal/timers:483:21)","timestamp":"2025-04-28T13:42:04.606Z"}
{"level":"info","message":"⌛ Validating example.wlk","timeElapsed":155,"timestamp":"2025-04-28T13:42:04.765Z"}
{"level":"info","message":"⌛ Building environment","timeElapsed":125,"timestamp":"2025-04-28T13:42:04.891Z"}
{"level":"info","message":"⌛ Building environment","timeElapsed":104,"timestamp":"2025-04-28T13:42:04.996Z"}
{"level":"error","message":"✘ Completions for node Parameter ([2:24, 2:27] - example.wlk) failed: Error: [Parameter]{68e87c} at example.wlk:2 exhausted all cases without a match [Parameter]{68e87c} at example.wlk:2 exhausted all cases without a match","stack":"Error: [Parameter]{68e87c} at example.wlk:2 exhausted all cases without a match\n    at c:\\Users\\Admin\\.vscode\\extensions\\uqbar.wollok-lsp-ide-0.5.0\\out\\server\\src\\server.js:38:6142\n    at Gh (c:\\Users\\Admin\\.vscode\\extensions\\uqbar.wollok-lsp-ide-0.5.0\\out\\server\\src\\server.js:2362:42)\n    at c:\\Users\\Admin\\.vscode\\extensions\\uqbar.wollok-lsp-ide-0.5.0\\out\\server\\src\\server.js:2362:2949\n    at c:\\Users\\Admin\\.vscode\\extensions\\uqbar.wollok-lsp-ide-0.5.0\\out\\server\\src\\server.js:2371:8632\n    at c:\\Users\\Admin\\.vscode\\extensions\\uqbar.wollok-lsp-ide-0.5.0\\out\\server\\src\\server.js:37:74872\n    at Ye (c:\\Users\\Admin\\.vscode\\extensions\\uqbar.wollok-lsp-ide-0.5.0\\out\\server\\src\\server.js:7:8527)\n    at Dt (c:\\Users\\Admin\\.vscode\\extensions\\uqbar.wollok-lsp-ide-0.5.0\\out\\server\\src\\server.js:7:6189)\n    at Zi (c:\\Users\\Admin\\.vscode\\extensions\\uqbar.wollok-lsp-ide-0.5.0\\out\\server\\src\\server.js:7:6378)\n    at Immediate._onImmediate (c:\\Users\\Admin\\.vscode\\extensions\\uqbar.wollok-lsp-ide-0.5.0\\out\\server\\src\\server.js:7:6142)\n    at process.processImmediate (node:internal/timers:483:21)","timestamp":"2025-04-28T13:42:05.022Z"}
{"level":"info","message":"⌛ Validating example.wlk","timeElapsed":131,"timestamp":"2025-04-28T13:42:05.252Z"}
{"level":"info","message":"⌛ Validating example.wlk","timeElapsed":131,"timestamp":"2025-04-28T13:42:05.384Z"}
{"level":"info","message":"⌛ Validating example.wlk","timeElapsed":125,"timestamp":"2025-04-28T13:42:05.516Z"}
{"level":"info","message":"⌛ Building environment","timeElapsed":104,"timestamp":"2025-04-28T13:42:05.621Z"}
{"level":"info","message":"⌛ Validating example.wlk","timeElapsed":124,"timestamp":"2025-04-28T13:42:05.843Z"}
{"level":"info","message":"⌛ Validating example.wlk","timeElapsed":154,"timestamp":"2025-04-28T13:42:06.093Z"}
{"level":"info","message":"⌛ Validating example.wlk","timeElapsed":225,"timestamp":"2025-04-28T13:42:06.417Z"}
{"level":"info","message":"⌛ Building environment","timeElapsed":101,"timestamp":"2025-04-28T13:42:06.520Z"}
{"level":"error","message":"✘ Completions for node Parameter ([2:24, 2:25] - example.wlk) failed: Error: [Parameter]{430bec} at example.wlk:2 exhausted all cases without a match [Parameter]{430bec} at example.wlk:2 exhausted all cases without a match","stack":"Error: [Parameter]{430bec} at example.wlk:2 exhausted all cases without a match\n    at c:\\Users\\Admin\\.vscode\\extensions\\uqbar.wollok-lsp-ide-0.5.0\\out\\server\\src\\server.js:38:6142\n    at Gh (c:\\Users\\Admin\\.vscode\\extensions\\uqbar.wollok-lsp-ide-0.5.0\\out\\server\\src\\server.js:2362:42)\n    at c:\\Users\\Admin\\.vscode\\extensions\\uqbar.wollok-lsp-ide-0.5.0\\out\\server\\src\\server.js:2362:2949\n    at c:\\Users\\Admin\\.vscode\\extensions\\uqbar.wollok-lsp-ide-0.5.0\\out\\server\\src\\server.js:2371:8632\n    at c:\\Users\\Admin\\.vscode\\extensions\\uqbar.wollok-lsp-ide-0.5.0\\out\\server\\src\\server.js:37:74872\n    at Ye (c:\\Users\\Admin\\.vscode\\extensions\\uqbar.wollok-lsp-ide-0.5.0\\out\\server\\src\\server.js:7:8527)\n    at Dt (c:\\Users\\Admin\\.vscode\\extensions\\uqbar.wollok-lsp-ide-0.5.0\\out\\server\\src\\server.js:7:6189)\n    at Zi (c:\\Users\\Admin\\.vscode\\extensions\\uqbar.wollok-lsp-ide-0.5.0\\out\\server\\src\\server.js:7:6378)\n    at Immediate._onImmediate (c:\\Users\\Admin\\.vscode\\extensions\\uqbar.wollok-lsp-ide-0.5.0\\out\\server\\src\\server.js:7:6142)\n    at process.processImmediate (node:internal/timers:483:21)","timestamp":"2025-04-28T13:42:06.542Z"}
{"level":"info","message":"⌛ Validating example.wlk","timeElapsed":126,"timestamp":"2025-04-28T13:42:06.759Z"}
{"level":"info","message":"⌛ Building environment","timeElapsed":118,"timestamp":"2025-04-28T13:42:06.878Z"}
{"level":"info","message":"⌛ Validating example.wlk","timeElapsed":119,"timestamp":"2025-04-28T13:42:07.092Z"}
{"level":"info","message":"⌛ Validating example.wlk","timeElapsed":130,"timestamp":"2025-04-28T13:42:07.223Z"}
{"level":"info","message":"⌛ Validating example.wlk","timeElapsed":120,"timestamp":"2025-04-28T13:42:07.443Z"}
{"level":"error","message":"✘ Completions for node Parameter ([2:24, 2:29] - example.wlk) failed: Error: [Parameter]{eba478} at example.wlk:2 exhausted all cases without a match [Parameter]{eba478} at example.wlk:2 exhausted all cases without a match","stack":"Error: [Parameter]{eba478} at example.wlk:2 exhausted all cases without a match\n    at c:\\Users\\Admin\\.vscode\\extensions\\uqbar.wollok-lsp-ide-0.5.0\\out\\server\\src\\server.js:38:6142\n    at Gh (c:\\Users\\Admin\\.vscode\\extensions\\uqbar.wollok-lsp-ide-0.5.0\\out\\server\\src\\server.js:2362:42)\n    at c:\\Users\\Admin\\.vscode\\extensions\\uqbar.wollok-lsp-ide-0.5.0\\out\\server\\src\\server.js:2362:2949\n    at c:\\Users\\Admin\\.vscode\\extensions\\uqbar.wollok-lsp-ide-0.5.0\\out\\server\\src\\server.js:2371:8632\n    at c:\\Users\\Admin\\.vscode\\extensions\\uqbar.wollok-lsp-ide-0.5.0\\out\\server\\src\\server.js:37:74872\n    at Ye (c:\\Users\\Admin\\.vscode\\extensions\\uqbar.wollok-lsp-ide-0.5.0\\out\\server\\src\\server.js:7:8527)\n    at Dt (c:\\Users\\Admin\\.vscode\\extensions\\uqbar.wollok-lsp-ide-0.5.0\\out\\server\\src\\server.js:7:6189)\n    at Zi (c:\\Users\\Admin\\.vscode\\extensions\\uqbar.wollok-lsp-ide-0.5.0\\out\\server\\src\\server.js:7:6378)\n    at Immediate._onImmediate (c:\\Users\\Admin\\.vscode\\extensions\\uqbar.wollok-lsp-ide-0.5.0\\out\\server\\src\\server.js:7:6142)\n    at process.processImmediate (node:internal/timers:483:21)","timestamp":"2025-04-28T13:42:07.466Z"}
{"level":"info","message":"⌛ Validating example.wlk","timeElapsed":123,"timestamp":"2025-04-28T13:42:07.592Z"}
{"level":"info","message":"⌛ Validating example.wlk","timeElapsed":122,"timestamp":"2025-04-28T13:42:07.821Z"}
{"level":"info","message":"⌛ Building environment","timeElapsed":134,"timestamp":"2025-04-28T13:42:07.970Z"}
{"level":"info","message":"⌛ Validating example.wlk","timeElapsed":130,"timestamp":"2025-04-28T13:42:08.102Z"}
{"level":"info","message":"⌛ Validating example.wlk","timeElapsed":129,"timestamp":"2025-04-28T13:42:08.239Z"}
{"level":"info","message":"⌛ Validating example.wlk","timeElapsed":142,"timestamp":"2025-04-28T13:42:08.482Z"}
{"level":"error","message":"✘ Completions for node Parameter ([2:24, 2:29] - example.wlk) failed: Error: [Parameter]{2b7948} at example.wlk:2 exhausted all cases without a match [Parameter]{2b7948} at example.wlk:2 exhausted all cases without a match","stack":"Error: [Parameter]{2b7948} at example.wlk:2 exhausted all cases without a match\n    at c:\\Users\\Admin\\.vscode\\extensions\\uqbar.wollok-lsp-ide-0.5.0\\out\\server\\src\\server.js:38:6142\n    at Gh (c:\\Users\\Admin\\.vscode\\extensions\\uqbar.wollok-lsp-ide-0.5.0\\out\\server\\src\\server.js:2362:42)\n    at c:\\Users\\Admin\\.vscode\\extensions\\uqbar.wollok-lsp-ide-0.5.0\\out\\server\\src\\server.js:2362:2949\n    at c:\\Users\\Admin\\.vscode\\extensions\\uqbar.wollok-lsp-ide-0.5.0\\out\\server\\src\\server.js:2371:8632\n    at c:\\Users\\Admin\\.vscode\\extensions\\uqbar.wollok-lsp-ide-0.5.0\\out\\server\\src\\server.js:37:74872\n    at Ye (c:\\Users\\Admin\\.vscode\\extensions\\uqbar.wollok-lsp-ide-0.5.0\\out\\server\\src\\server.js:7:8527)\n    at Dt (c:\\Users\\Admin\\.vscode\\extensions\\uqbar.wollok-lsp-ide-0.5.0\\out\\server\\src\\server.js:7:6189)\n    at Zi (c:\\Users\\Admin\\.vscode\\extensions\\uqbar.wollok-lsp-ide-0.5.0\\out\\server\\src\\server.js:7:6378)\n    at Immediate._onImmediate (c:\\Users\\Admin\\.vscode\\extensions\\uqbar.wollok-lsp-ide-0.5.0\\out\\server\\src\\server.js:7:6142)\n    at process.processImmediate (node:internal/timers:483:21)","timestamp":"2025-04-28T13:42:08.604Z"}
{"level":"info","message":"⌛ Validating example.wlk","timeElapsed":131,"timestamp":"2025-04-28T13:42:08.737Z"}
{"level":"info","message":"onRequest - completionItem/resolve","timestamp":"2025-04-28T13:42:08.738Z"}
{"level":"info","message":"⌛ Building environment","timeElapsed":154,"timestamp":"2025-04-28T13:42:08.927Z"}
{"level":"error","message":"✘ Completions for node Parameter ([2:24, 2:30] - example.wlk) failed: Error: [Parameter]{82fa27} at example.wlk:2 exhausted all cases without a match [Parameter]{82fa27} at example.wlk:2 exhausted all cases without a match","stack":"Error: [Parameter]{82fa27} at example.wlk:2 exhausted all cases without a match\n    at c:\\Users\\Admin\\.vscode\\extensions\\uqbar.wollok-lsp-ide-0.5.0\\out\\server\\src\\server.js:38:6142\n    at Gh (c:\\Users\\Admin\\.vscode\\extensions\\uqbar.wollok-lsp-ide-0.5.0\\out\\server\\src\\server.js:2362:42)\n    at c:\\Users\\Admin\\.vscode\\extensions\\uqbar.wollok-lsp-ide-0.5.0\\out\\server\\src\\server.js:2362:2949\n    at c:\\Users\\Admin\\.vscode\\extensions\\uqbar.wollok-lsp-ide-0.5.0\\out\\server\\src\\server.js:2371:8632\n    at c:\\Users\\Admin\\.vscode\\extensions\\uqbar.wollok-lsp-ide-0.5.0\\out\\server\\src\\server.js:37:74872\n    at Ye (c:\\Users\\Admin\\.vscode\\extensions\\uqbar.wollok-lsp-ide-0.5.0\\out\\server\\src\\server.js:7:8527)\n    at Dt (c:\\Users\\Admin\\.vscode\\extensions\\uqbar.wollok-lsp-ide-0.5.0\\out\\server\\src\\server.js:7:6189)\n    at Zi (c:\\Users\\Admin\\.vscode\\extensions\\uqbar.wollok-lsp-ide-0.5.0\\out\\server\\src\\server.js:7:6378)\n    at Immediate._onImmediate (c:\\Users\\Admin\\.vscode\\extensions\\uqbar.wollok-lsp-ide-0.5.0\\out\\server\\src\\server.js:7:6142)\n    at process.processImmediate (node:internal/timers:483:21)","timestamp":"2025-04-28T13:42:08.997Z"}
{"level":"info","message":"⌛ Building environment","timeElapsed":131,"timestamp":"2025-04-28T13:42:09.132Z"}
{"level":"info","message":"⌛ Validating example.wlk","timeElapsed":154,"timestamp":"2025-04-28T13:42:09.288Z"}
{"level":"info","message":"⌛ Building environment","timeElapsed":104,"timestamp":"2025-04-28T13:42:09.392Z"}
{"level":"error","message":"✘ Completions for node Parameter ([2:24, 2:32] - example.wlk) failed: Error: [Parameter]{d0cc6b} at example.wlk:2 exhausted all cases without a match [Parameter]{d0cc6b} at example.wlk:2 exhausted all cases without a match","stack":"Error: [Parameter]{d0cc6b} at example.wlk:2 exhausted all cases without a match\n    at c:\\Users\\Admin\\.vscode\\extensions\\uqbar.wollok-lsp-ide-0.5.0\\out\\server\\src\\server.js:38:6142\n    at Gh (c:\\Users\\Admin\\.vscode\\extensions\\uqbar.wollok-lsp-ide-0.5.0\\out\\server\\src\\server.js:2362:42)\n    at c:\\Users\\Admin\\.vscode\\extensions\\uqbar.wollok-lsp-ide-0.5.0\\out\\server\\src\\server.js:2362:2949\n    at c:\\Users\\Admin\\.vscode\\extensions\\uqbar.wollok-lsp-ide-0.5.0\\out\\server\\src\\server.js:2371:8632\n    at c:\\Users\\Admin\\.vscode\\extensions\\uqbar.wollok-lsp-ide-0.5.0\\out\\server\\src\\server.js:37:74872\n    at Ye (c:\\Users\\Admin\\.vscode\\extensions\\uqbar.wollok-lsp-ide-0.5.0\\out\\server\\src\\server.js:7:8527)\n    at Dt (c:\\Users\\Admin\\.vscode\\extensions\\uqbar.wollok-lsp-ide-0.5.0\\out\\server\\src\\server.js:7:6189)\n    at Zi (c:\\Users\\Admin\\.vscode\\extensions\\uqbar.wollok-lsp-ide-0.5.0\\out\\server\\src\\server.js:7:6378)\n    at Immediate._onImmediate (c:\\Users\\Admin\\.vscode\\extensions\\uqbar.wollok-lsp-ide-0.5.0\\out\\server\\src\\server.js:7:6142)\n    at process.processImmediate (node:internal/timers:483:21)","timestamp":"2025-04-28T13:42:09.422Z"}
{"level":"info","message":"⌛ Validating example.wlk","timeElapsed":137,"timestamp":"2025-04-28T13:42:09.566Z"}
{"level":"info","message":"⌛ Validating example.wlk","timeElapsed":139,"timestamp":"2025-04-28T13:42:09.893Z"}
{"level":"error","message":"✘ Completions for node Parameter ([2:24, 2:35] - example.wlk) failed: Error: [Parameter]{12264c} at example.wlk:2 exhausted all cases without a match [Parameter]{12264c} at example.wlk:2 exhausted all cases without a match","stack":"Error: [Parameter]{12264c} at example.wlk:2 exhausted all cases without a match\n    at c:\\Users\\Admin\\.vscode\\extensions\\uqbar.wollok-lsp-ide-0.5.0\\out\\server\\src\\server.js:38:6142\n    at Gh (c:\\Users\\Admin\\.vscode\\extensions\\uqbar.wollok-lsp-ide-0.5.0\\out\\server\\src\\server.js:2362:42)\n    at c:\\Users\\Admin\\.vscode\\extensions\\uqbar.wollok-lsp-ide-0.5.0\\out\\server\\src\\server.js:2362:2949\n    at c:\\Users\\Admin\\.vscode\\extensions\\uqbar.wollok-lsp-ide-0.5.0\\out\\server\\src\\server.js:2371:8632\n    at c:\\Users\\Admin\\.vscode\\extensions\\uqbar.wollok-lsp-ide-0.5.0\\out\\server\\src\\server.js:37:74872\n    at Ye (c:\\Users\\Admin\\.vscode\\extensions\\uqbar.wollok-lsp-ide-0.5.0\\out\\server\\src\\server.js:7:8527)\n    at Dt (c:\\Users\\Admin\\.vscode\\extensions\\uqbar.wollok-lsp-ide-0.5.0\\out\\server\\src\\server.js:7:6189)\n    at Zi (c:\\Users\\Admin\\.vscode\\extensions\\uqbar.wollok-lsp-ide-0.5.0\\out\\server\\src\\server.js:7:6378)\n    at Immediate._onImmediate (c:\\Users\\Admin\\.vscode\\extensions\\uqbar.wollok-lsp-ide-0.5.0\\out\\server\\src\\server.js:7:6142)\n    at process.processImmediate (node:internal/timers:483:21)","timestamp":"2025-04-28T13:42:10.018Z"}
{"level":"info","message":"⌛ Validating example.wlk","timeElapsed":122,"timestamp":"2025-04-28T13:42:10.143Z"}
{"level":"info","message":"⌛ Validating example.wlk","timeElapsed":116,"timestamp":"2025-04-28T13:42:10.349Z"}
{"level":"info","message":"⌛ Validating example.wlk","timeElapsed":121,"timestamp":"2025-04-28T13:42:10.556Z"}
{"level":"info","message":"⌛ Validating example.wlk","timeElapsed":126,"timestamp":"2025-04-28T13:42:10.690Z"}
{"level":"info","message":"⌛ Validating example.wlk","timeElapsed":131,"timestamp":"2025-04-28T13:42:10.821Z"}
{"level":"info","message":"⌛ Building environment","timeElapsed":173,"timestamp":"2025-04-28T13:42:11.093Z"}
{"level":"info","message":"⌛ Building environment","timeElapsed":103,"timestamp":"2025-04-28T13:42:11.197Z"}
{"level":"error","message":"✘ Completions for node Parameter ([2:24, 2:36] - example.wlk) failed: Error: [Parameter]{2be0a7} at example.wlk:2 exhausted all cases without a match [Parameter]{2be0a7} at example.wlk:2 exhausted all cases without a match","stack":"Error: [Parameter]{2be0a7} at example.wlk:2 exhausted all cases without a match\n    at c:\\Users\\Admin\\.vscode\\extensions\\uqbar.wollok-lsp-ide-0.5.0\\out\\server\\src\\server.js:38:6142\n    at Gh (c:\\Users\\Admin\\.vscode\\extensions\\uqbar.wollok-lsp-ide-0.5.0\\out\\server\\src\\server.js:2362:42)\n    at c:\\Users\\Admin\\.vscode\\extensions\\uqbar.wollok-lsp-ide-0.5.0\\out\\server\\src\\server.js:2362:2949\n    at c:\\Users\\Admin\\.vscode\\extensions\\uqbar.wollok-lsp-ide-0.5.0\\out\\server\\src\\server.js:2371:8632\n    at c:\\Users\\Admin\\.vscode\\extensions\\uqbar.wollok-lsp-ide-0.5.0\\out\\server\\src\\server.js:37:74872\n    at Ye (c:\\Users\\Admin\\.vscode\\extensions\\uqbar.wollok-lsp-ide-0.5.0\\out\\server\\src\\server.js:7:8527)\n    at Dt (c:\\Users\\Admin\\.vscode\\extensions\\uqbar.wollok-lsp-ide-0.5.0\\out\\server\\src\\server.js:7:6189)\n    at Zi (c:\\Users\\Admin\\.vscode\\extensions\\uqbar.wollok-lsp-ide-0.5.0\\out\\server\\src\\server.js:7:6378)\n    at Immediate._onImmediate (c:\\Users\\Admin\\.vscode\\extensions\\uqbar.wollok-lsp-ide-0.5.0\\out\\server\\src\\server.js:7:6142)\n    at process.processImmediate (node:internal/timers:483:21)","timestamp":"2025-04-28T13:42:11.219Z"}
{"level":"info","message":"⌛ Validating example.wlk","timeElapsed":125,"timestamp":"2025-04-28T13:42:11.354Z"}
{"level":"info","message":"⌛ Validating example.wlk","timeElapsed":118,"timestamp":"2025-04-28T13:42:11.568Z"}
{"level":"info","message":"⌛ Validating example.wlk","timeElapsed":121,"timestamp":"2025-04-28T13:42:11.689Z"}
{"level":"info","message":"⌛ Building environment","timeElapsed":106,"timestamp":"2025-04-28T13:42:11.839Z"}
{"level":"error","message":"✘ Completions for node Parameter ([2:24, 2:38] - example.wlk) failed: Error: [Parameter]{c5150d} at example.wlk:2 exhausted all cases without a match [Parameter]{c5150d} at example.wlk:2 exhausted all cases without a match","stack":"Error: [Parameter]{c5150d} at example.wlk:2 exhausted all cases without a match\n    at c:\\Users\\Admin\\.vscode\\extensions\\uqbar.wollok-lsp-ide-0.5.0\\out\\server\\src\\server.js:38:6142\n    at Gh (c:\\Users\\Admin\\.vscode\\extensions\\uqbar.wollok-lsp-ide-0.5.0\\out\\server\\src\\server.js:2362:42)\n    at c:\\Users\\Admin\\.vscode\\extensions\\uqbar.wollok-lsp-ide-0.5.0\\out\\server\\src\\server.js:2362:2949\n    at c:\\Users\\Admin\\.vscode\\extensions\\uqbar.wollok-lsp-ide-0.5.0\\out\\server\\src\\server.js:2371:8632\n    at c:\\Users\\Admin\\.vscode\\extensions\\uqbar.wollok-lsp-ide-0.5.0\\out\\server\\src\\server.js:37:74872\n    at Ye (c:\\Users\\Admin\\.vscode\\extensions\\uqbar.wollok-lsp-ide-0.5.0\\out\\server\\src\\server.js:7:8527)\n    at Dt (c:\\Users\\Admin\\.vscode\\extensions\\uqbar.wollok-lsp-ide-0.5.0\\out\\server\\src\\server.js:7:6189)\n    at Zi (c:\\Users\\Admin\\.vscode\\extensions\\uqbar.wollok-lsp-ide-0.5.0\\out\\server\\src\\server.js:7:6378)\n    at Immediate._onImmediate (c:\\Users\\Admin\\.vscode\\extensions\\uqbar.wollok-lsp-ide-0.5.0\\out\\server\\src\\server.js:7:6142)\n    at process.processImmediate (node:internal/timers:483:21)","timestamp":"2025-04-28T13:42:11.862Z"}
{"level":"info","message":"⌛ Validating example.wlk","timeElapsed":143,"timestamp":"2025-04-28T13:42:12.009Z"}
{"level":"info","message":"⌛ Validating example.wlk","timeElapsed":119,"timestamp":"2025-04-28T13:42:12.135Z"}
{"level":"info","message":"onRequest - completionItem/resolve","timestamp":"2025-04-28T13:42:12.135Z"}
{"level":"error","message":"✘ Completions for node Parameter ([2:24, 2:39] - example.wlk) failed: Error: [Parameter]{6a3386} at example.wlk:2 exhausted all cases without a match [Parameter]{6a3386} at example.wlk:2 exhausted all cases without a match","stack":"Error: [Parameter]{6a3386} at example.wlk:2 exhausted all cases without a match\n    at c:\\Users\\Admin\\.vscode\\extensions\\uqbar.wollok-lsp-ide-0.5.0\\out\\server\\src\\server.js:38:6142\n    at Gh (c:\\Users\\Admin\\.vscode\\extensions\\uqbar.wollok-lsp-ide-0.5.0\\out\\server\\src\\server.js:2362:42)\n    at c:\\Users\\Admin\\.vscode\\extensions\\uqbar.wollok-lsp-ide-0.5.0\\out\\server\\src\\server.js:2362:2949\n    at c:\\Users\\Admin\\.vscode\\extensions\\uqbar.wollok-lsp-ide-0.5.0\\out\\server\\src\\server.js:2371:8632\n    at c:\\Users\\Admin\\.vscode\\extensions\\uqbar.wollok-lsp-ide-0.5.0\\out\\server\\src\\server.js:37:74872\n    at Ye (c:\\Users\\Admin\\.vscode\\extensions\\uqbar.wollok-lsp-ide-0.5.0\\out\\server\\src\\server.js:7:8527)\n    at Dt (c:\\Users\\Admin\\.vscode\\extensions\\uqbar.wollok-lsp-ide-0.5.0\\out\\server\\src\\server.js:7:6189)\n    at Zi (c:\\Users\\Admin\\.vscode\\extensions\\uqbar.wollok-lsp-ide-0.5.0\\out\\server\\src\\server.js:7:6378)\n    at Immediate._onImmediate (c:\\Users\\Admin\\.vscode\\extensions\\uqbar.wollok-lsp-ide-0.5.0\\out\\server\\src\\server.js:7:6142)\n    at process.processImmediate (node:internal/timers:483:21)","timestamp":"2025-04-28T13:42:12.270Z"}
{"level":"info","message":"⌛ Validating example.wlk","timeElapsed":142,"timestamp":"2025-04-28T13:42:12.423Z"}
{"level":"info","message":"⌛ Validating example.wlk","timeElapsed":127,"timestamp":"2025-04-28T13:42:12.649Z"}
{"level":"info","message":"⌛ Building environment","timeElapsed":203,"timestamp":"2025-04-28T13:42:24.742Z"}
{"level":"info","message":"⌛ Building environment","timeElapsed":114,"timestamp":"2025-04-28T13:42:24.858Z"}
{"level":"info","message":"⌛ Validating example.wlk","timeElapsed":176,"timestamp":"2025-04-28T13:42:25.047Z"}
{"level":"info","message":"⌛ Validating example.wlk","timeElapsed":149,"timestamp":"2025-04-28T13:42:25.197Z"}
{"level":"info","message":"⌛ Building environment","timeElapsed":102,"timestamp":"2025-04-28T13:42:25.300Z"}
{"level":"info","message":"⌛ Validating example.wlk","timeElapsed":118,"timestamp":"2025-04-28T13:42:25.507Z"}
{"level":"info","message":"⌛ Validating example.wlk","timeElapsed":125,"timestamp":"2025-04-28T13:42:25.637Z"}
{"level":"info","message":"⌛ Building environment","timeElapsed":108,"timestamp":"2025-04-28T13:42:29.521Z"}
{"level":"info","message":"⌛ Validating example.wlk","timeElapsed":117,"timestamp":"2025-04-28T13:42:29.639Z"}
{"level":"info","message":"⌛ Building environment","timeElapsed":126,"timestamp":"2025-04-28T13:42:32.711Z"}
{"level":"error","message":"✘ Completions for node Parameter ([6:19, 6:20] - example.wlk) failed: Error: [Parameter]{e4ebf9} at example.wlk:6 exhausted all cases without a match [Parameter]{e4ebf9} at example.wlk:6 exhausted all cases without a match","stack":"Error: [Parameter]{e4ebf9} at example.wlk:6 exhausted all cases without a match\n    at c:\\Users\\Admin\\.vscode\\extensions\\uqbar.wollok-lsp-ide-0.5.0\\out\\server\\src\\server.js:38:6142\n    at Gh (c:\\Users\\Admin\\.vscode\\extensions\\uqbar.wollok-lsp-ide-0.5.0\\out\\server\\src\\server.js:2362:42)\n    at c:\\Users\\Admin\\.vscode\\extensions\\uqbar.wollok-lsp-ide-0.5.0\\out\\server\\src\\server.js:2362:2949\n    at c:\\Users\\Admin\\.vscode\\extensions\\uqbar.wollok-lsp-ide-0.5.0\\out\\server\\src\\server.js:2371:8632\n    at c:\\Users\\Admin\\.vscode\\extensions\\uqbar.wollok-lsp-ide-0.5.0\\out\\server\\src\\server.js:37:74872\n    at Ye (c:\\Users\\Admin\\.vscode\\extensions\\uqbar.wollok-lsp-ide-0.5.0\\out\\server\\src\\server.js:7:8527)\n    at Dt (c:\\Users\\Admin\\.vscode\\extensions\\uqbar.wollok-lsp-ide-0.5.0\\out\\server\\src\\server.js:7:6189)\n    at Zi (c:\\Users\\Admin\\.vscode\\extensions\\uqbar.wollok-lsp-ide-0.5.0\\out\\server\\src\\server.js:7:6378)\n    at Immediate._onImmediate (c:\\Users\\Admin\\.vscode\\extensions\\uqbar.wollok-lsp-ide-0.5.0\\out\\server\\src\\server.js:7:6142)\n    at process.processImmediate (node:internal/timers:483:21)","timestamp":"2025-04-28T13:42:32.741Z"}
{"level":"info","message":"⌛ Validating example.wlk","timeElapsed":285,"timestamp":"2025-04-28T13:42:33.030Z"}
{"level":"info","message":"onRequest - completionItem/resolve","timestamp":"2025-04-28T13:42:33.030Z"}
{"level":"info","message":"⌛ Building environment","timeElapsed":104,"timestamp":"2025-04-28T13:42:33.135Z"}
{"level":"error","message":"✘ Completions for node Parameter ([6:19, 6:21] - example.wlk) failed: Error: [Parameter]{daedfc} at example.wlk:6 exhausted all cases without a match [Parameter]{daedfc} at example.wlk:6 exhausted all cases without a match","stack":"Error: [Parameter]{daedfc} at example.wlk:6 exhausted all cases without a match\n    at c:\\Users\\Admin\\.vscode\\extensions\\uqbar.wollok-lsp-ide-0.5.0\\out\\server\\src\\server.js:38:6142\n    at Gh (c:\\Users\\Admin\\.vscode\\extensions\\uqbar.wollok-lsp-ide-0.5.0\\out\\server\\src\\server.js:2362:42)\n    at c:\\Users\\Admin\\.vscode\\extensions\\uqbar.wollok-lsp-ide-0.5.0\\out\\server\\src\\server.js:2362:2949\n    at c:\\Users\\Admin\\.vscode\\extensions\\uqbar.wollok-lsp-ide-0.5.0\\out\\server\\src\\server.js:2371:8632\n    at c:\\Users\\Admin\\.vscode\\extensions\\uqbar.wollok-lsp-ide-0.5.0\\out\\server\\src\\server.js:37:74872\n    at Ye (c:\\Users\\Admin\\.vscode\\extensions\\uqbar.wollok-lsp-ide-0.5.0\\out\\server\\src\\server.js:7:8527)\n    at Dt (c:\\Users\\Admin\\.vscode\\extensions\\uqbar.wollok-lsp-ide-0.5.0\\out\\server\\src\\server.js:7:6189)\n    at Zi (c:\\Users\\Admin\\.vscode\\extensions\\uqbar.wollok-lsp-ide-0.5.0\\out\\server\\src\\server.js:7:6378)\n    at Immediate._onImmediate (c:\\Users\\Admin\\.vscode\\extensions\\uqbar.wollok-lsp-ide-0.5.0\\out\\server\\src\\server.js:7:6142)\n    at process.processImmediate (node:internal/timers:483:21)","timestamp":"2025-04-28T13:42:33.207Z"}
{"level":"info","message":"⌛ Building environment","timeElapsed":111,"timestamp":"2025-04-28T13:42:33.324Z"}
{"level":"info","message":"⌛ Validating example.wlk","timeElapsed":134,"timestamp":"2025-04-28T13:42:33.555Z"}
{"level":"info","message":"⌛ Validating example.wlk","timeElapsed":128,"timestamp":"2025-04-28T13:42:33.684Z"}
{"level":"info","message":"⌛ Validating example.wlk","timeElapsed":143,"timestamp":"2025-04-28T13:42:33.833Z"}
{"level":"info","message":"⌛ Validating example.wlk","timeElapsed":135,"timestamp":"2025-04-28T13:42:34.156Z"}
{"level":"info","message":"⌛ Validating example.wlk","timeElapsed":128,"timestamp":"2025-04-28T13:42:34.285Z"}
{"level":"info","message":"⌛ Building environment","timeElapsed":115,"timestamp":"2025-04-28T13:42:34.400Z"}
{"level":"info","message":"⌛ Building environment","timeElapsed":102,"timestamp":"2025-04-28T13:42:34.593Z"}
{"level":"error","message":"✘ Completions for node Parameter ([6:19, 6:20] - example.wlk) failed: Error: [Parameter]{b4a9df} at example.wlk:6 exhausted all cases without a match [Parameter]{b4a9df} at example.wlk:6 exhausted all cases without a match","stack":"Error: [Parameter]{b4a9df} at example.wlk:6 exhausted all cases without a match\n    at c:\\Users\\Admin\\.vscode\\extensions\\uqbar.wollok-lsp-ide-0.5.0\\out\\server\\src\\server.js:38:6142\n    at Gh (c:\\Users\\Admin\\.vscode\\extensions\\uqbar.wollok-lsp-ide-0.5.0\\out\\server\\src\\server.js:2362:42)\n    at c:\\Users\\Admin\\.vscode\\extensions\\uqbar.wollok-lsp-ide-0.5.0\\out\\server\\src\\server.js:2362:2949\n    at c:\\Users\\Admin\\.vscode\\extensions\\uqbar.wollok-lsp-ide-0.5.0\\out\\server\\src\\server.js:2371:8632\n    at c:\\Users\\Admin\\.vscode\\extensions\\uqbar.wollok-lsp-ide-0.5.0\\out\\server\\src\\server.js:37:74872\n    at Ye (c:\\Users\\Admin\\.vscode\\extensions\\uqbar.wollok-lsp-ide-0.5.0\\out\\server\\src\\server.js:7:8527)\n    at Dt (c:\\Users\\Admin\\.vscode\\extensions\\uqbar.wollok-lsp-ide-0.5.0\\out\\server\\src\\server.js:7:6189)\n    at Zi (c:\\Users\\Admin\\.vscode\\extensions\\uqbar.wollok-lsp-ide-0.5.0\\out\\server\\src\\server.js:7:6378)\n    at Immediate._onImmediate (c:\\Users\\Admin\\.vscode\\extensions\\uqbar.wollok-lsp-ide-0.5.0\\out\\server\\src\\server.js:7:6142)\n    at process.processImmediate (node:internal/timers:483:21)","timestamp":"2025-04-28T13:42:34.622Z"}
{"level":"info","message":"⌛ Validating example.wlk","timeElapsed":120,"timestamp":"2025-04-28T13:42:34.745Z"}
{"level":"info","message":"⌛ Validating example.wlk","timeElapsed":139,"timestamp":"2025-04-28T13:42:34.884Z"}
{"level":"info","message":"⌛ Building environment","timeElapsed":166,"timestamp":"2025-04-28T13:42:35.050Z"}
{"level":"info","message":"⌛ Validating example.wlk","timeElapsed":138,"timestamp":"2025-04-28T13:42:35.189Z"}
{"level":"error","message":"✘ Completions for node Parameter ([6:19, 6:23] - example.wlk) failed: Error: [Parameter]{7e5062} at example.wlk:6 exhausted all cases without a match [Parameter]{7e5062} at example.wlk:6 exhausted all cases without a match","stack":"Error: [Parameter]{7e5062} at example.wlk:6 exhausted all cases without a match\n    at c:\\Users\\Admin\\.vscode\\extensions\\uqbar.wollok-lsp-ide-0.5.0\\out\\server\\src\\server.js:38:6142\n    at Gh (c:\\Users\\Admin\\.vscode\\extensions\\uqbar.wollok-lsp-ide-0.5.0\\out\\server\\src\\server.js:2362:42)\n    at c:\\Users\\Admin\\.vscode\\extensions\\uqbar.wollok-lsp-ide-0.5.0\\out\\server\\src\\server.js:2362:2949\n    at c:\\Users\\Admin\\.vscode\\extensions\\uqbar.wollok-lsp-ide-0.5.0\\out\\server\\src\\server.js:2371:8632\n    at c:\\Users\\Admin\\.vscode\\extensions\\uqbar.wollok-lsp-ide-0.5.0\\out\\server\\src\\server.js:37:74872\n    at Ye (c:\\Users\\Admin\\.vscode\\extensions\\uqbar.wollok-lsp-ide-0.5.0\\out\\server\\src\\server.js:7:8527)\n    at Dt (c:\\Users\\Admin\\.vscode\\extensions\\uqbar.wollok-lsp-ide-0.5.0\\out\\server\\src\\server.js:7:6189)\n    at Zi (c:\\Users\\Admin\\.vscode\\extensions\\uqbar.wollok-lsp-ide-0.5.0\\out\\server\\src\\server.js:7:6378)\n    at Immediate._onImmediate (c:\\Users\\Admin\\.vscode\\extensions\\uqbar.wollok-lsp-ide-0.5.0\\out\\server\\src\\server.js:7:6142)\n    at process.processImmediate (node:internal/timers:483:21)","timestamp":"2025-04-28T13:42:35.387Z"}
{"level":"info","message":"⌛ Validating example.wlk","timeElapsed":124,"timestamp":"2025-04-28T13:42:35.514Z"}
{"level":"info","message":"⌛ Validating example.wlk","timeElapsed":137,"timestamp":"2025-04-28T13:42:35.655Z"}
{"level":"info","message":"⌛ Validating example.wlk","timeElapsed":119,"timestamp":"2025-04-28T13:42:35.776Z"}
{"level":"info","message":"onRequest - completionItem/resolve","timestamp":"2025-04-28T13:42:35.776Z"}
{"level":"info","message":"⌛ Building environment","timeElapsed":122,"timestamp":"2025-04-28T13:42:35.898Z"}
{"level":"info","message":"⌛ Validating example.wlk","timeElapsed":127,"timestamp":"2025-04-28T13:42:36.030Z"}
{"level":"info","message":"⌛ Building environment","timeElapsed":102,"timestamp":"2025-04-28T13:42:36.348Z"}
{"level":"info","message":"⌛ Validating example.wlk","timeElapsed":134,"timestamp":"2025-04-28T13:42:36.483Z"}
{"level":"error","message":"✘ Completions for node Return ([8:5, 8:13] - example.wlk) failed: Error: [Return]{435edb} at example.wlk:8 exhausted all cases without a match [Return]{435edb} at example.wlk:8 exhausted all cases without a match","stack":"Error: [Return]{435edb} at example.wlk:8 exhausted all cases without a match\n    at c:\\Users\\Admin\\.vscode\\extensions\\uqbar.wollok-lsp-ide-0.5.0\\out\\server\\src\\server.js:38:6142\n    at Gh (c:\\Users\\Admin\\.vscode\\extensions\\uqbar.wollok-lsp-ide-0.5.0\\out\\server\\src\\server.js:2362:42)\n    at Kh (c:\\Users\\Admin\\.vscode\\extensions\\uqbar.wollok-lsp-ide-0.5.0\\out\\server\\src\\server.js:2362:1053)\n    at d8n (c:\\Users\\Admin\\.vscode\\extensions\\uqbar.wollok-lsp-ide-0.5.0\\out\\server\\src\\server.js:2362:1209)\n    at c:\\Users\\Admin\\.vscode\\extensions\\uqbar.wollok-lsp-ide-0.5.0\\out\\server\\src\\server.js:38:6131\n    at Gh (c:\\Users\\Admin\\.vscode\\extensions\\uqbar.wollok-lsp-ide-0.5.0\\out\\server\\src\\server.js:2362:42)\n    at c:\\Users\\Admin\\.vscode\\extensions\\uqbar.wollok-lsp-ide-0.5.0\\out\\server\\src\\server.js:2362:2949\n    at c:\\Users\\Admin\\.vscode\\extensions\\uqbar.wollok-lsp-ide-0.5.0\\out\\server\\src\\server.js:2371:8632\n    at c:\\Users\\Admin\\.vscode\\extensions\\uqbar.wollok-lsp-ide-0.5.0\\out\\server\\src\\server.js:37:74872\n    at Ye (c:\\Users\\Admin\\.vscode\\extensions\\uqbar.wollok-lsp-ide-0.5.0\\out\\server\\src\\server.js:7:8527)","timestamp":"2025-04-28T13:42:38.551Z"}
{"level":"info","message":"⌛ Validating example.wlk","timeElapsed":250,"timestamp":"2025-04-28T13:42:38.805Z"}
{"level":"info","message":"onRequest - completionItem/resolve","timestamp":"2025-04-28T13:42:38.805Z"}
{"level":"info","message":"⌛ Building environment","timeElapsed":141,"timestamp":"2025-04-28T13:42:38.946Z"}
{"level":"info","message":"onRequest - completionItem/resolve","timestamp":"2025-04-28T13:42:38.947Z"}
{"level":"info","message":"onRequest - completionItem/resolve","timestamp":"2025-04-28T13:42:39.043Z"}
{"level":"error","message":"✘ Completions for node Return ([8:5, 8:16] - example.wlk) failed: Error: [Return]{9fcb20} at example.wlk:8 exhausted all cases without a match [Return]{9fcb20} at example.wlk:8 exhausted all cases without a match","stack":"Error: [Return]{9fcb20} at example.wlk:8 exhausted all cases without a match\n    at c:\\Users\\Admin\\.vscode\\extensions\\uqbar.wollok-lsp-ide-0.5.0\\out\\server\\src\\server.js:38:6142\n    at Gh (c:\\Users\\Admin\\.vscode\\extensions\\uqbar.wollok-lsp-ide-0.5.0\\out\\server\\src\\server.js:2362:42)\n    at Kh (c:\\Users\\Admin\\.vscode\\extensions\\uqbar.wollok-lsp-ide-0.5.0\\out\\server\\src\\server.js:2362:1053)\n    at d8n (c:\\Users\\Admin\\.vscode\\extensions\\uqbar.wollok-lsp-ide-0.5.0\\out\\server\\src\\server.js:2362:1209)\n    at c:\\Users\\Admin\\.vscode\\extensions\\uqbar.wollok-lsp-ide-0.5.0\\out\\server\\src\\server.js:38:6131\n    at Gh (c:\\Users\\Admin\\.vscode\\extensions\\uqbar.wollok-lsp-ide-0.5.0\\out\\server\\src\\server.js:2362:42)\n    at c:\\Users\\Admin\\.vscode\\extensions\\uqbar.wollok-lsp-ide-0.5.0\\out\\server\\src\\server.js:2362:2949\n    at c:\\Users\\Admin\\.vscode\\extensions\\uqbar.wollok-lsp-ide-0.5.0\\out\\server\\src\\server.js:2371:8632\n    at c:\\Users\\Admin\\.vscode\\extensions\\uqbar.wollok-lsp-ide-0.5.0\\out\\server\\src\\server.js:37:74872\n    at Ye (c:\\Users\\Admin\\.vscode\\extensions\\uqbar.wollok-lsp-ide-0.5.0\\out\\server\\src\\server.js:7:8527)","timestamp":"2025-04-28T13:42:39.164Z"}
{"level":"info","message":"⌛ Validating example.wlk","timeElapsed":121,"timestamp":"2025-04-28T13:42:39.288Z"}
{"level":"info","message":"⌛ Validating example.wlk","timeElapsed":134,"timestamp":"2025-04-28T13:42:39.422Z"}
{"level":"info","message":"⌛ Validating example.wlk","timeElapsed":134,"timestamp":"2025-04-28T13:42:39.559Z"}
{"level":"info","message":"⌛ Validating example.wlk","timeElapsed":135,"timestamp":"2025-04-28T13:42:39.787Z"}
{"level":"info","message":"⌛ Building environment","timeElapsed":105,"timestamp":"2025-04-28T13:42:40.073Z"}
{"level":"info","message":"⌛ Validating example.wlk","timeElapsed":122,"timestamp":"2025-04-28T13:42:40.195Z"}
{"level":"error","message":"✘ Failed to rebuild document Failed to parse testExample.wtest: \n-- PARSING FAILED --------------------------------------------------\n\n  5 |   \n  6 | }\n> 7 | }\n    | ^\n\nExpected one of the following: \n\n'@', 'class', 'const', 'describe', 'mixin', 'object', 'only', 'package', 'program', 'test', 'var', '{', EOF, comment, not \"}\", whitespace\n","stack":"Error: Failed to parse testExample.wtest: \n-- PARSING FAILED --------------------------------------------------\n\n  5 |   \n  6 | }\n> 7 | }\n    | ^\n\nExpected one of the following: \n\n'@', 'class', 'const', 'describe', 'mixin', 'object', 'only', 'package', 'program', 'test', 'var', '{', EOF, comment, not \"}\", whitespace\n\n    at c:\\Users\\Admin\\.vscode\\extensions\\uqbar.wollok-lsp-ide-0.5.0\\out\\server\\src\\server.js:2326:13026\n    at Array.map (<anonymous>)\n    at P1n (c:\\Users\\Admin\\.vscode\\extensions\\uqbar.wollok-lsp-ide-0.5.0\\out\\server\\src\\server.js:2326:12950)\n    at U2.buildEnvironmentFrom (c:\\Users\\Admin\\.vscode\\extensions\\uqbar.wollok-lsp-ide-0.5.0\\out\\server\\src\\server.js:2371:5255)\n    at U2.updateEnvironmentWith (c:\\Users\\Admin\\.vscode\\extensions\\uqbar.wollok-lsp-ide-0.5.0\\out\\server\\src\\server.js:2371:4990)\n    at UF (c:\\Users\\Admin\\.vscode\\extensions\\uqbar.wollok-lsp-ide-0.5.0\\out\\server\\src\\server.js:2371:7147)\n    at F3.invoke (c:\\Users\\Admin\\.vscode\\extensions\\uqbar.wollok-lsp-ide-0.5.0\\out\\server\\src\\server.js:3:157316)\n    at o.fire (c:\\Users\\Admin\\.vscode\\extensions\\uqbar.wollok-lsp-ide-0.5.0\\out\\server\\src\\server.js:3:158086)\n    at c:\\Users\\Admin\\.vscode\\extensions\\uqbar.wollok-lsp-ide-0.5.0\\out\\server\\src\\server.js:37:57871\n    at Qr (c:\\Users\\Admin\\.vscode\\extensions\\uqbar.wollok-lsp-ide-0.5.0\\out\\server\\src\\server.js:8:1561)","timestamp":"2025-04-28T13:44:18.831Z"}
{"level":"error","message":"✘ Failed to rebuild document Failed to parse testExample.wtest: \n-- PARSING FAILED --------------------------------------------------\n\n  5 |   p\n  6 | }\n> 7 | }\n    | ^\n\nExpected one of the following: \n\n'@', 'class', 'const', 'describe', 'mixin', 'object', 'only', 'package', 'program', 'test', 'var', '{', EOF, comment, not \"}\", whitespace\n","stack":"Error: Failed to parse testExample.wtest: \n-- PARSING FAILED --------------------------------------------------\n\n  5 |   p\n  6 | }\n> 7 | }\n    | ^\n\nExpected one of the following: \n\n'@', 'class', 'const', 'describe', 'mixin', 'object', 'only', 'package', 'program', 'test', 'var', '{', EOF, comment, not \"}\", whitespace\n\n    at c:\\Users\\Admin\\.vscode\\extensions\\uqbar.wollok-lsp-ide-0.5.0\\out\\server\\src\\server.js:2326:13026\n    at Array.map (<anonymous>)\n    at P1n (c:\\Users\\Admin\\.vscode\\extensions\\uqbar.wollok-lsp-ide-0.5.0\\out\\server\\src\\server.js:2326:12950)\n    at U2.buildEnvironmentFrom (c:\\Users\\Admin\\.vscode\\extensions\\uqbar.wollok-lsp-ide-0.5.0\\out\\server\\src\\server.js:2371:5255)\n    at U2.updateEnvironmentWith (c:\\Users\\Admin\\.vscode\\extensions\\uqbar.wollok-lsp-ide-0.5.0\\out\\server\\src\\server.js:2371:4990)\n    at UF (c:\\Users\\Admin\\.vscode\\extensions\\uqbar.wollok-lsp-ide-0.5.0\\out\\server\\src\\server.js:2371:7147)\n    at F3.invoke (c:\\Users\\Admin\\.vscode\\extensions\\uqbar.wollok-lsp-ide-0.5.0\\out\\server\\src\\server.js:3:157316)\n    at o.fire (c:\\Users\\Admin\\.vscode\\extensions\\uqbar.wollok-lsp-ide-0.5.0\\out\\server\\src\\server.js:3:158086)\n    at c:\\Users\\Admin\\.vscode\\extensions\\uqbar.wollok-lsp-ide-0.5.0\\out\\server\\src\\server.js:37:57871\n    at Qr (c:\\Users\\Admin\\.vscode\\extensions\\uqbar.wollok-lsp-ide-0.5.0\\out\\server\\src\\server.js:8:1561)","timestamp":"2025-04-28T13:44:19.844Z"}
{"level":"error","message":"✘ Failed to rebuild document Failed to parse testExample.wtest: \n-- PARSING FAILED --------------------------------------------------\n\n  5 |   pa\n  6 | }\n> 7 | }\n    | ^\n\nExpected one of the following: \n\n'@', 'class', 'const', 'describe', 'mixin', 'object', 'only', 'package', 'program', 'test', 'var', '{', EOF, comment, not \"}\", whitespace\n","stack":"Error: Failed to parse testExample.wtest: \n-- PARSING FAILED --------------------------------------------------\n\n  5 |   pa\n  6 | }\n> 7 | }\n    | ^\n\nExpected one of the following: \n\n'@', 'class', 'const', 'describe', 'mixin', 'object', 'only', 'package', 'program', 'test', 'var', '{', EOF, comment, not \"}\", whitespace\n\n    at c:\\Users\\Admin\\.vscode\\extensions\\uqbar.wollok-lsp-ide-0.5.0\\out\\server\\src\\server.js:2326:13026\n    at Array.map (<anonymous>)\n    at P1n (c:\\Users\\Admin\\.vscode\\extensions\\uqbar.wollok-lsp-ide-0.5.0\\out\\server\\src\\server.js:2326:12950)\n    at U2.buildEnvironmentFrom (c:\\Users\\Admin\\.vscode\\extensions\\uqbar.wollok-lsp-ide-0.5.0\\out\\server\\src\\server.js:2371:5255)\n    at U2.updateEnvironmentWith (c:\\Users\\Admin\\.vscode\\extensions\\uqbar.wollok-lsp-ide-0.5.0\\out\\server\\src\\server.js:2371:4990)\n    at UF (c:\\Users\\Admin\\.vscode\\extensions\\uqbar.wollok-lsp-ide-0.5.0\\out\\server\\src\\server.js:2371:7147)\n    at F3.invoke (c:\\Users\\Admin\\.vscode\\extensions\\uqbar.wollok-lsp-ide-0.5.0\\out\\server\\src\\server.js:3:157316)\n    at o.fire (c:\\Users\\Admin\\.vscode\\extensions\\uqbar.wollok-lsp-ide-0.5.0\\out\\server\\src\\server.js:3:158086)\n    at c:\\Users\\Admin\\.vscode\\extensions\\uqbar.wollok-lsp-ide-0.5.0\\out\\server\\src\\server.js:37:57871\n    at Qr (c:\\Users\\Admin\\.vscode\\extensions\\uqbar.wollok-lsp-ide-0.5.0\\out\\server\\src\\server.js:8:1561)","timestamp":"2025-04-28T13:44:19.917Z"}
{"level":"error","message":"✘ Failed to rebuild document Failed to parse testExample.wtest: \n-- PARSING FAILED --------------------------------------------------\n\n  5 |   paq\n  6 | }\n> 7 | }\n    | ^\n\nExpected one of the following: \n\n'@', 'class', 'const', 'describe', 'mixin', 'object', 'only', 'package', 'program', 'test', 'var', '{', EOF, comment, not \"}\", whitespace\n","stack":"Error: Failed to parse testExample.wtest: \n-- PARSING FAILED --------------------------------------------------\n\n  5 |   paq\n  6 | }\n> 7 | }\n    | ^\n\nExpected one of the following: \n\n'@', 'class', 'const', 'describe', 'mixin', 'object', 'only', 'package', 'program', 'test', 'var', '{', EOF, comment, not \"}\", whitespace\n\n    at c:\\Users\\Admin\\.vscode\\extensions\\uqbar.wollok-lsp-ide-0.5.0\\out\\server\\src\\server.js:2326:13026\n    at Array.map (<anonymous>)\n    at P1n (c:\\Users\\Admin\\.vscode\\extensions\\uqbar.wollok-lsp-ide-0.5.0\\out\\server\\src\\server.js:2326:12950)\n    at U2.buildEnvironmentFrom (c:\\Users\\Admin\\.vscode\\extensions\\uqbar.wollok-lsp-ide-0.5.0\\out\\server\\src\\server.js:2371:5255)\n    at U2.updateEnvironmentWith (c:\\Users\\Admin\\.vscode\\extensions\\uqbar.wollok-lsp-ide-0.5.0\\out\\server\\src\\server.js:2371:4990)\n    at UF (c:\\Users\\Admin\\.vscode\\extensions\\uqbar.wollok-lsp-ide-0.5.0\\out\\server\\src\\server.js:2371:7147)\n    at F3.invoke (c:\\Users\\Admin\\.vscode\\extensions\\uqbar.wollok-lsp-ide-0.5.0\\out\\server\\src\\server.js:3:157316)\n    at o.fire (c:\\Users\\Admin\\.vscode\\extensions\\uqbar.wollok-lsp-ide-0.5.0\\out\\server\\src\\server.js:3:158086)\n    at c:\\Users\\Admin\\.vscode\\extensions\\uqbar.wollok-lsp-ide-0.5.0\\out\\server\\src\\server.js:37:57871\n    at Qr (c:\\Users\\Admin\\.vscode\\extensions\\uqbar.wollok-lsp-ide-0.5.0\\out\\server\\src\\server.js:8:1561)","timestamp":"2025-04-28T13:44:20.084Z"}
{"level":"error","message":"✘ Failed to rebuild document Failed to parse testExample.wtest: \n-- PARSING FAILED --------------------------------------------------\n\n  5 |   paqu\n  6 | }\n> 7 | }\n    | ^\n\nExpected one of the following: \n\n'@', 'class', 'const', 'describe', 'mixin', 'object', 'only', 'package', 'program', 'test', 'var', '{', EOF, comment, not \"}\", whitespace\n","stack":"Error: Failed to parse testExample.wtest: \n-- PARSING FAILED --------------------------------------------------\n\n  5 |   paqu\n  6 | }\n> 7 | }\n    | ^\n\nExpected one of the following: \n\n'@', 'class', 'const', 'describe', 'mixin', 'object', 'only', 'package', 'program', 'test', 'var', '{', EOF, comment, not \"}\", whitespace\n\n    at c:\\Users\\Admin\\.vscode\\extensions\\uqbar.wollok-lsp-ide-0.5.0\\out\\server\\src\\server.js:2326:13026\n    at Array.map (<anonymous>)\n    at P1n (c:\\Users\\Admin\\.vscode\\extensions\\uqbar.wollok-lsp-ide-0.5.0\\out\\server\\src\\server.js:2326:12950)\n    at U2.buildEnvironmentFrom (c:\\Users\\Admin\\.vscode\\extensions\\uqbar.wollok-lsp-ide-0.5.0\\out\\server\\src\\server.js:2371:5255)\n    at U2.updateEnvironmentWith (c:\\Users\\Admin\\.vscode\\extensions\\uqbar.wollok-lsp-ide-0.5.0\\out\\server\\src\\server.js:2371:4990)\n    at UF (c:\\Users\\Admin\\.vscode\\extensions\\uqbar.wollok-lsp-ide-0.5.0\\out\\server\\src\\server.js:2371:7147)\n    at F3.invoke (c:\\Users\\Admin\\.vscode\\extensions\\uqbar.wollok-lsp-ide-0.5.0\\out\\server\\src\\server.js:3:157316)\n    at o.fire (c:\\Users\\Admin\\.vscode\\extensions\\uqbar.wollok-lsp-ide-0.5.0\\out\\server\\src\\server.js:3:158086)\n    at c:\\Users\\Admin\\.vscode\\extensions\\uqbar.wollok-lsp-ide-0.5.0\\out\\server\\src\\server.js:37:57871\n    at Qr (c:\\Users\\Admin\\.vscode\\extensions\\uqbar.wollok-lsp-ide-0.5.0\\out\\server\\src\\server.js:8:1561)","timestamp":"2025-04-28T13:44:20.197Z"}
{"level":"error","message":"✘ Failed to rebuild document Failed to parse testExample.wtest: \n-- PARSING FAILED --------------------------------------------------\n\n  5 |   paque\n  6 | }\n> 7 | }\n    | ^\n\nExpected one of the following: \n\n'@', 'class', 'const', 'describe', 'mixin', 'object', 'only', 'package', 'program', 'test', 'var', '{', EOF, comment, not \"}\", whitespace\n","stack":"Error: Failed to parse testExample.wtest: \n-- PARSING FAILED --------------------------------------------------\n\n  5 |   paque\n  6 | }\n> 7 | }\n    | ^\n\nExpected one of the following: \n\n'@', 'class', 'const', 'describe', 'mixin', 'object', 'only', 'package', 'program', 'test', 'var', '{', EOF, comment, not \"}\", whitespace\n\n    at c:\\Users\\Admin\\.vscode\\extensions\\uqbar.wollok-lsp-ide-0.5.0\\out\\server\\src\\server.js:2326:13026\n    at Array.map (<anonymous>)\n    at P1n (c:\\Users\\Admin\\.vscode\\extensions\\uqbar.wollok-lsp-ide-0.5.0\\out\\server\\src\\server.js:2326:12950)\n    at U2.buildEnvironmentFrom (c:\\Users\\Admin\\.vscode\\extensions\\uqbar.wollok-lsp-ide-0.5.0\\out\\server\\src\\server.js:2371:5255)\n    at U2.updateEnvironmentWith (c:\\Users\\Admin\\.vscode\\extensions\\uqbar.wollok-lsp-ide-0.5.0\\out\\server\\src\\server.js:2371:4990)\n    at UF (c:\\Users\\Admin\\.vscode\\extensions\\uqbar.wollok-lsp-ide-0.5.0\\out\\server\\src\\server.js:2371:7147)\n    at F3.invoke (c:\\Users\\Admin\\.vscode\\extensions\\uqbar.wollok-lsp-ide-0.5.0\\out\\server\\src\\server.js:3:157316)\n    at o.fire (c:\\Users\\Admin\\.vscode\\extensions\\uqbar.wollok-lsp-ide-0.5.0\\out\\server\\src\\server.js:3:158086)\n    at c:\\Users\\Admin\\.vscode\\extensions\\uqbar.wollok-lsp-ide-0.5.0\\out\\server\\src\\server.js:37:57871\n    at Qr (c:\\Users\\Admin\\.vscode\\extensions\\uqbar.wollok-lsp-ide-0.5.0\\out\\server\\src\\server.js:8:1561)","timestamp":"2025-04-28T13:44:20.273Z"}
{"level":"error","message":"✘ Failed to rebuild document Failed to parse testExample.wtest: \n-- PARSING FAILED --------------------------------------------------\n\n  5 |   paquet\n  6 | }\n> 7 | }\n    | ^\n\nExpected one of the following: \n\n'@', 'class', 'const', 'describe', 'mixin', 'object', 'only', 'package', 'program', 'test', 'var', '{', EOF, comment, not \"}\", whitespace\n","stack":"Error: Failed to parse testExample.wtest: \n-- PARSING FAILED --------------------------------------------------\n\n  5 |   paquet\n  6 | }\n> 7 | }\n    | ^\n\nExpected one of the following: \n\n'@', 'class', 'const', 'describe', 'mixin', 'object', 'only', 'package', 'program', 'test', 'var', '{', EOF, comment, not \"}\", whitespace\n\n    at c:\\Users\\Admin\\.vscode\\extensions\\uqbar.wollok-lsp-ide-0.5.0\\out\\server\\src\\server.js:2326:13026\n    at Array.map (<anonymous>)\n    at P1n (c:\\Users\\Admin\\.vscode\\extensions\\uqbar.wollok-lsp-ide-0.5.0\\out\\server\\src\\server.js:2326:12950)\n    at U2.buildEnvironmentFrom (c:\\Users\\Admin\\.vscode\\extensions\\uqbar.wollok-lsp-ide-0.5.0\\out\\server\\src\\server.js:2371:5255)\n    at U2.updateEnvironmentWith (c:\\Users\\Admin\\.vscode\\extensions\\uqbar.wollok-lsp-ide-0.5.0\\out\\server\\src\\server.js:2371:4990)\n    at UF (c:\\Users\\Admin\\.vscode\\extensions\\uqbar.wollok-lsp-ide-0.5.0\\out\\server\\src\\server.js:2371:7147)\n    at F3.invoke (c:\\Users\\Admin\\.vscode\\extensions\\uqbar.wollok-lsp-ide-0.5.0\\out\\server\\src\\server.js:3:157316)\n    at o.fire (c:\\Users\\Admin\\.vscode\\extensions\\uqbar.wollok-lsp-ide-0.5.0\\out\\server\\src\\server.js:3:158086)\n    at c:\\Users\\Admin\\.vscode\\extensions\\uqbar.wollok-lsp-ide-0.5.0\\out\\server\\src\\server.js:37:57871\n    at Qr (c:\\Users\\Admin\\.vscode\\extensions\\uqbar.wollok-lsp-ide-0.5.0\\out\\server\\src\\server.js:8:1561)","timestamp":"2025-04-28T13:44:21.093Z"}
{"level":"error","message":"✘ Failed to rebuild document Failed to parse testExample.wtest: \n-- PARSING FAILED --------------------------------------------------\n\n  5 |   paquete\n  6 | }\n> 7 | }\n    | ^\n\nExpected one of the following: \n\n'@', 'class', 'const', 'describe', 'mixin', 'object', 'only', 'package', 'program', 'test', 'var', '{', EOF, comment, not \"}\", whitespace\n","stack":"Error: Failed to parse testExample.wtest: \n-- PARSING FAILED --------------------------------------------------\n\n  5 |   paquete\n  6 | }\n> 7 | }\n    | ^\n\nExpected one of the following: \n\n'@', 'class', 'const', 'describe', 'mixin', 'object', 'only', 'package', 'program', 'test', 'var', '{', EOF, comment, not \"}\", whitespace\n\n    at c:\\Users\\Admin\\.vscode\\extensions\\uqbar.wollok-lsp-ide-0.5.0\\out\\server\\src\\server.js:2326:13026\n    at Array.map (<anonymous>)\n    at P1n (c:\\Users\\Admin\\.vscode\\extensions\\uqbar.wollok-lsp-ide-0.5.0\\out\\server\\src\\server.js:2326:12950)\n    at U2.buildEnvironmentFrom (c:\\Users\\Admin\\.vscode\\extensions\\uqbar.wollok-lsp-ide-0.5.0\\out\\server\\src\\server.js:2371:5255)\n    at U2.updateEnvironmentWith (c:\\Users\\Admin\\.vscode\\extensions\\uqbar.wollok-lsp-ide-0.5.0\\out\\server\\src\\server.js:2371:4990)\n    at UF (c:\\Users\\Admin\\.vscode\\extensions\\uqbar.wollok-lsp-ide-0.5.0\\out\\server\\src\\server.js:2371:7147)\n    at F3.invoke (c:\\Users\\Admin\\.vscode\\extensions\\uqbar.wollok-lsp-ide-0.5.0\\out\\server\\src\\server.js:3:157316)\n    at o.fire (c:\\Users\\Admin\\.vscode\\extensions\\uqbar.wollok-lsp-ide-0.5.0\\out\\server\\src\\server.js:3:158086)\n    at c:\\Users\\Admin\\.vscode\\extensions\\uqbar.wollok-lsp-ide-0.5.0\\out\\server\\src\\server.js:37:57871\n    at Qr (c:\\Users\\Admin\\.vscode\\extensions\\uqbar.wollok-lsp-ide-0.5.0\\out\\server\\src\\server.js:8:1561)","timestamp":"2025-04-28T13:44:21.220Z"}
{"level":"error","message":"✘ Failed to rebuild document Failed to parse testExample.wtest: \n-- PARSING FAILED --------------------------------------------------\n\n  5 |   paquete.\n  6 | }\n> 7 | }\n    | ^\n\nExpected one of the following: \n\n'@', 'class', 'const', 'describe', 'mixin', 'object', 'only', 'package', 'program', 'test', 'var', '{', EOF, comment, not \"}\", whitespace\n","stack":"Error: Failed to parse testExample.wtest: \n-- PARSING FAILED --------------------------------------------------\n\n  5 |   paquete.\n  6 | }\n> 7 | }\n    | ^\n\nExpected one of the following: \n\n'@', 'class', 'const', 'describe', 'mixin', 'object', 'only', 'package', 'program', 'test', 'var', '{', EOF, comment, not \"}\", whitespace\n\n    at c:\\Users\\Admin\\.vscode\\extensions\\uqbar.wollok-lsp-ide-0.5.0\\out\\server\\src\\server.js:2326:13026\n    at Array.map (<anonymous>)\n    at P1n (c:\\Users\\Admin\\.vscode\\extensions\\uqbar.wollok-lsp-ide-0.5.0\\out\\server\\src\\server.js:2326:12950)\n    at U2.buildEnvironmentFrom (c:\\Users\\Admin\\.vscode\\extensions\\uqbar.wollok-lsp-ide-0.5.0\\out\\server\\src\\server.js:2371:5255)\n    at U2.updateEnvironmentWith (c:\\Users\\Admin\\.vscode\\extensions\\uqbar.wollok-lsp-ide-0.5.0\\out\\server\\src\\server.js:2371:4990)\n    at UF (c:\\Users\\Admin\\.vscode\\extensions\\uqbar.wollok-lsp-ide-0.5.0\\out\\server\\src\\server.js:2371:7147)\n    at F3.invoke (c:\\Users\\Admin\\.vscode\\extensions\\uqbar.wollok-lsp-ide-0.5.0\\out\\server\\src\\server.js:3:157316)\n    at o.fire (c:\\Users\\Admin\\.vscode\\extensions\\uqbar.wollok-lsp-ide-0.5.0\\out\\server\\src\\server.js:3:158086)\n    at c:\\Users\\Admin\\.vscode\\extensions\\uqbar.wollok-lsp-ide-0.5.0\\out\\server\\src\\server.js:37:57871\n    at Qr (c:\\Users\\Admin\\.vscode\\extensions\\uqbar.wollok-lsp-ide-0.5.0\\out\\server\\src\\server.js:8:1561)","timestamp":"2025-04-28T13:44:22.151Z"}
